symbol,symbol_raw,halt_date,halt_time,halt_ms,reason_code,reason_raw,name,listing_market,resume_date,resume_quote_time,resume_trade_time,duracion_seg,pause_threshold_px,px_antes,px_resume,gap_pct,fuentes,ingested_at
SVA,SVA,2019-02-22,16:02:01,,T1,News pending,"Sinovac Biotech, Ltd",Nasdaq,,,,,,,,,nyse,2026-08-07T22:29:30
CCIH,CCIH,2019-08-23,00:24:48,,T1,News pending,Chinacache International Holdings Ltd,Nasdaq,,,,,,,,,nyse,2026-08-07T22:29:30
SVA,SVA,2019-08-23,00:24:48,,T1,News pending,"Sinovac Biotech, Ltd",Nasdaq,,,,,,,,,nyse,2026-08-07T22:29:30
EPIX,EPIX,2019-08-23,10:47:11,,T1,News pending,ESSA Pharma Inc. Common Stock,Nasdaq,2019-08-23,,11:15:00,,,,,,nyse,2026-08-07T22:29:30
SLNG,SLNG,2019-08-23,11:00:39,,LUDP,LULD pause,"Stabilis Energy, Inc. Common Stock",Nasdaq,2019-08-23,,11:05:39,,,,,,nyse,2026-08-07T22:29:30
KELYB,KELYB,2019-08-23,13:20:07,,LUDP,LULD pause,Kelly Services Inc,Nasdaq,2019-08-23,,13:25:07,,,,,,nyse,2026-08-07T22:29:30
VERY,VERY,2019-08-23,13:42:42,,LUDP,LULD pause,"Vericity, Inc. Common Stock",Nasdaq,2019-08-23,,13:47:42,,,,,,nyse,2026-08-07T22:29:30
TLF,TLF,2019-08-23,14:41:55,,LUDP,LULD pause,"Tandy Leather Factory, Inc.",Nasdaq,2019-08-23,,14:46:55,,,,,,nyse,2026-08-07T22:29:30
ARDS,ARDS,2019-08-23,15:12:13,,LUDP,LULD pause,Aridis Pharmaceuticals Inc. Common Stock,Nasdaq,2019-08-23,,15:17:13,,,,,,nyse,2026-08-07T22:29:30
ZGNX,ZGNX,2019-08-26,06:55:02,,T1,News pending,"Zogenix, Inc.",Nasdaq,2019-08-26,,07:30:00,,,,,,nyse,2026-08-07T22:29:30
ARCI,ARCI,2019-08-26,09:39:25,,LUDP,LULD pause,"Appliance Recycling Centers of America, Inc. Common Stock (NV)",Nasdaq,2019-08-26,,09:44:25,,,,,,nyse,2026-08-07T22:29:30
FTI,FTI,2019-08-26,11:32:52,,T1,News pending,TechnipFMC plc Ordinary Share,NYSE,2019-08-26,,11:55:50,,,,,,nyse,2026-08-07T22:29:30
KELYB,KELYB,2019-08-26,11:42:43,,LUDP,LULD pause,Kelly Services Inc,Nasdaq,2019-08-26,,11:47:43,,,,,,nyse,2026-08-07T22:29:30
CLGN,CLGN,2019-08-26,12:04:20,,LUDP,LULD pause,CollPlant Biotechnologies Ltd. American Depositary Shares,Nasdaq,2019-08-26,,12:09:20,,,,,,nyse,2026-08-07T22:29:30
MITO,MITO,2019-08-26,13:25:46,,LUDP,LULD pause,Stealth BioTherapeutics Corp. ADS,Nasdaq,2019-08-26,,13:30:46,,,,,,nyse,2026-08-07T22:29:30
NVTR,NVTR,2019-08-26,16:00:37,,T1,News pending,Nuvectra Corporation Common Stock,Nasdaq,2019-08-26,,16:35:00,,,,,,nyse,2026-08-07T22:29:30
FITBP,FITBP,2019-08-27,04:00:00,,T1,News pending,Fifth Third Bancorp Depositary Shares each representing 1/40th share of Fifth Third 6.00% Non-Cumula,Nasdaq,2019-08-27,,09:50:27,,,,,,nyse,2026-08-07T22:29:30
SSNT,SSNT,2019-08-27,09:40:04,,LUDP,LULD pause,"SilverSun Technologies, Inc. Common Stock",Nasdaq,2019-08-27,,09:45:04,,,,,,nyse,2026-08-07T22:29:30
CEMI,CEMI,2019-08-27,09:42:27,,LUDP,LULD pause,"Chembio diagnostics, Inc.",Nasdaq,2019-08-27,,09:47:27,,,,,,nyse,2026-08-07T22:29:30
ALPN,ALPN,2019-08-27,09:45:45,,LUDP,LULD pause,"Alpine Immune Sciences, Inc. Common Stock",Nasdaq,2019-08-27,,09:55:45,,,,,,nyse,2026-08-07T22:29:30
ANY,ANY,2019-08-27,09:53:05,,LUDP,LULD pause,Sphere 3D Corp. Common Shares,Nasdaq,2019-08-27,,09:58:05,,,,,,nyse,2026-08-07T22:29:30
ARCI,ARCI,2019-08-27,09:54:37,,LUDP,LULD pause,"Appliance Recycling Centers of America, Inc. Common Stock (NV)",Nasdaq,2019-08-27,,09:59:37,,,,,,nyse,2026-08-07T22:29:30
MMDM,MMDM,2019-08-27,09:56:45,,LUDP,LULD pause,Modern Media Acquisition Corp. Common Stock,Nasdaq,2019-08-27,,10:01:45,,,,,,nyse,2026-08-07T22:29:30
OSN,OSN,2019-08-27,09:57:13,,LUDP,LULD pause,"Ossen Innovation Co., Ltd.",Nasdaq,2019-08-27,,10:02:13,,,,,,nyse,2026-08-07T22:29:30
DGLY,DGLY,2019-08-27,09:57:25,,LUDP,LULD pause,"Digital Ally, Inc. Common Stock",Nasdaq,2019-08-27,,10:02:25,,,,,,nyse,2026-08-07T22:29:30
LOGC,LOGC,2019-08-27,09:59:55,,LUDP,LULD pause,"LogicBio Therapeutics, Inc. Common Stock",Nasdaq,2019-08-27,,10:09:55,,,,,,nyse,2026-08-07T22:29:30
ARCI,ARCI,2019-08-27,10:04:17,,LUDP,LULD pause,"Appliance Recycling Centers of America, Inc. Common Stock (NV)",Nasdaq,2019-08-27,,10:14:17,,,,,,nyse,2026-08-07T22:29:30
SRAX,SRAX,2019-08-27,10:09:51,,LUDP,LULD pause,"SRAX, Inc. Class A Common Stock",Nasdaq,2019-08-27,,10:14:51,,,,,,nyse,2026-08-07T22:29:30
ARCI,ARCI,2019-08-27,10:18:09,,LUDP,LULD pause,"Appliance Recycling Centers of America, Inc. Common Stock (NV)",Nasdaq,2019-08-27,,10:23:09,,,,,,nyse,2026-08-07T22:29:30
OSN,OSN,2019-08-27,10:37:29,,LUDP,LULD pause,"Ossen Innovation Co., Ltd.",Nasdaq,2019-08-27,,10:42:29,,,,,,nyse,2026-08-07T22:29:30
ARCI,ARCI,2019-08-27,10:44:30,,LUDP,LULD pause,"Appliance Recycling Centers of America, Inc. Common Stock (NV)",Nasdaq,2019-08-27,,10:49:30,,,,,,nyse,2026-08-07T22:29:30
WTREP,WTREP,2019-08-27,14:51:37,,LUDP,LULD pause,Watford Holdings Ltd. 8.5% Cumulative Redeemable Preference Shares,Nasdaq,2019-08-27,,14:56:37,,,,,,nyse,2026-08-07T22:29:30
EEI,EEI,2019-08-28,09:03:30,,T1,News pending,Ecology and Environment,Nasdaq,2019-08-28,,09:50:00,,,,,,nyse,2026-08-07T22:29:30
MDJH,MDJH,2019-08-28,09:37:40,,LUDP,LULD pause,MDJM LTD Ordinary Share,Nasdaq,2019-08-28,,09:42:40,,,,,,nyse,2026-08-07T22:29:30
KELYB,KELYB,2019-08-28,09:45:15,,LUDP,LULD pause,Kelly Services Inc,Nasdaq,2019-08-28,,09:50:15,,,,,,nyse,2026-08-07T22:29:30
WTREP,WTREP,2019-08-28,09:45:15,,LUDP,LULD pause,Watford Holdings Ltd. 8.5% Cumulative Redeemable Preference Shares,Nasdaq,2019-08-28,,09:55:15,,,,,,nyse,2026-08-07T22:29:30
MDJH,MDJH,2019-08-28,09:54:28,,LUDP,LULD pause,MDJM LTD Ordinary Share,Nasdaq,2019-08-28,,09:59:28,,,,,,nyse,2026-08-07T22:29:30
KOD,KOD,2019-08-28,09:57:50,,LUDP,LULD pause,Kodiak Sciences Inc Common Stock,Nasdaq,2019-08-28,,10:02:50,,,,,,nyse,2026-08-07T22:29:30
PSTV,PSTV,2019-08-28,10:31:17,,LUDP,LULD pause,"PLUS THERAPEUTICS, Inc. Common Stock",Nasdaq,2019-08-28,,10:36:17,,,,,,nyse,2026-08-07T22:29:30
PSTV,PSTV,2019-08-28,10:38:27,,LUDP,LULD pause,"PLUS THERAPEUTICS, Inc. Common Stock",Nasdaq,2019-08-28,,10:48:27,,,,,,nyse,2026-08-07T22:29:30
HGSH,HGSH,2019-08-28,10:59:43,,LUDP,LULD pause,"China HGS Real Estate, Inc.",Nasdaq,2019-08-28,,11:04:43,,,,,,nyse,2026-08-07T22:29:30
OSN,OSN,2019-08-28,15:11:51,,LUDP,LULD pause,"Ossen Innovation Co., Ltd.",Nasdaq,2019-08-28,,15:16:51,,,,,,nyse,2026-08-07T22:29:30
KELYB,KELYB,2019-08-29,09:45:15,,LUDP,LULD pause,Kelly Services Inc,Nasdaq,2019-08-29,,09:50:15,,,,,,nyse,2026-08-07T22:29:30
MTC,MTC,2019-08-29,09:46:14,,LUDP,LULD pause,"MMTec, Inc. Common Shares",Nasdaq,2019-08-29,,09:51:14,,,,,,nyse,2026-08-07T22:29:30
MTC,MTC,2019-08-29,09:52:42,,LUDP,LULD pause,"MMTec, Inc. Common Shares",Nasdaq,2019-08-29,,09:57:42,,,,,,nyse,2026-08-07T22:29:30
PSTV,PSTV,2019-08-29,10:58:13,,LUDP,LULD pause,"PLUS THERAPEUTICS, Inc. Common Stock",Nasdaq,2019-08-29,,11:03:13,,,,,,nyse,2026-08-07T22:29:30
PSTV,PSTV,2019-08-29,11:04:40,,LUDP,LULD pause,"PLUS THERAPEUTICS, Inc. Common Stock",Nasdaq,2019-08-29,,11:09:40,,,,,,nyse,2026-08-07T22:29:30
LOGC,LOGC,2019-08-29,14:02:07,,LUDP,LULD pause,"LogicBio Therapeutics, Inc. Common Stock",Nasdaq,2019-08-29,,14:20:34,,,,,,nyse,2026-08-07T22:29:30
TRVI,TRVI,2019-08-29,14:15:26,,LUDP,LULD pause,"Trevi Therapeutics, Inc. Common Stock",Nasdaq,2019-08-29,,14:25:26,,,,,,nyse,2026-08-07T22:29:30
LOGC,LOGC,2019-08-29,14:20:49,,LUDP,LULD pause,"LogicBio Therapeutics, Inc. Common Stock",Nasdaq,2019-08-29,,14:25:49,,,,,,nyse,2026-08-07T22:29:30
LOGC,LOGC,2019-08-29,14:26:16,,LUDP,LULD pause,"LogicBio Therapeutics, Inc. Common Stock",Nasdaq,2019-08-29,,14:31:16,,,,,,nyse,2026-08-07T22:29:30
CNACU,CNACU,2019-08-29,14:55:18,,LUDP,LULD pause,Constellation Alpha Capital Corp. Unit,Nasdaq,2019-08-29,,15:00:18,,,,,,nyse,2026-08-07T22:29:30
CNACU,CNACU,2019-08-29,15:28:15,,LUDP,LULD pause,Constellation Alpha Capital Corp. Unit,Nasdaq,2019-08-29,,15:33:15,,,,,,nyse,2026-08-07T22:29:30
PCMI,PCMI,2019-08-30,03:31:13,,T1,News pending,"PCM, Inc",Nasdaq,,,,,,,,,nyse,2026-08-07T22:29:30
WAGE,WAGE,2019-08-30,08:10:22,,UNKNOWN,News dissemination,"WageWorks, Inc.",NYSE,,,,,,,,,nyse,2026-08-07T22:29:30
KELYB,KELYB,2019-08-30,09:45:15,,LUDP,LULD pause,Kelly Services Inc,Nasdaq,2019-08-30,,09:50:15,,,,,,nyse,2026-08-07T22:29:30
POLA,POLA,2019-08-30,09:54:22,,LUDP,LULD pause,"Polar Power, Inc. Common Stock",Nasdaq,2019-08-30,,09:59:22,,,,,,nyse,2026-08-07T22:29:30
OPGN,OPGN,2019-08-30,10:01:36,,LUDP,LULD pause,"OpGen, Inc",Nasdaq,2019-08-30,,10:06:36,,,,,,nyse,2026-08-07T22:29:30
PSTV,PSTV,2019-08-30,10:38:40,,LUDP,LULD pause,"PLUS THERAPEUTICS, Inc. Common Stock",Nasdaq,2019-08-30,,10:43:40,,,,,,nyse,2026-08-07T22:29:30
ELTK,ELTK,2019-08-30,12:28:54,,LUDP,LULD pause,Eltek Ltd,Nasdaq,2019-08-30,,12:33:54,,,,,,nyse,2026-08-07T22:29:30
FTNW,FTNW,2019-08-30,12:53:06,,T1,News pending,"FTE Networks, Inc.",NYSE American,2019-08-30,,13:50:00,,,,,,nyse,2026-08-07T22:29:30
DGICB,DGICB,2019-08-30,14:00:57,,LUDP,LULD pause,Donegal Group Inc,Nasdaq,2019-08-30,,14:05:57,,,,,,nyse,2026-08-07T22:29:30
FXNC,FXNC,2019-08-30,14:17:51,,LUDP,LULD pause,FIRST NATL CORP STRASBURG VA,Nasdaq,2019-08-30,,14:22:51,,,,,,nyse,2026-08-07T22:29:30
SCPE,SCPE,2019-09-03,07:15:09,,T1,News pending,SC Health Corporation,NYSE,2019-09-03,,09:44:48,,,,,,nyse,2026-08-07T22:29:30
SCPE.WS,SCPE WS,2019-09-03,07:15:42,,T1,News pending,"SC Health Corporation Warrants, each whole warrant exercisable for one Class A ordinary share at an",NYSE,2019-09-03,,09:45:08,,,,,,nyse,2026-08-07T22:29:30
PIC,PIC,2019-09-03,07:16:10,,T1,News pending,Pivotal Investment Corporation II,NYSE,2019-09-03,,09:45:19,,,,,,nyse,2026-08-07T22:29:30
PIC.WS,PIC WS,2019-09-03,07:16:39,,T1,News pending,"Pivotal Investment Corporation II Redeemable Warrants, each whole warrant exercisable for shares of",NYSE,2019-09-03,,09:46:01,,,,,,nyse,2026-08-07T22:29:30
ARDX,ARDX,2019-09-03,07:55:35,,T1,News pending,"Ardelyx, Inc.",Nasdaq,2019-09-03,,08:30:00,,,,,,nyse,2026-08-07T22:29:30
ABEO,ABEO,2019-09-03,08:55:03,,T1,News pending,Abeona Therapeutics Inc. Common Stock,Nasdaq,2019-09-03,,09:15:00,,,,,,nyse,2026-08-07T22:29:30
ABEOW,ABEOW,2019-09-03,08:55:03,,T1,News pending,Abeona Therapeutics Inc. Warrant,Nasdaq,2019-09-03,,09:15:00,,,,,,nyse,2026-08-07T22:29:30
MBTF,MBTF,2019-09-03,09:06:33,,T1,News pending,MBT Financial Corporation,Nasdaq,,,,,,,,,nyse,2026-08-07T22:29:30
OSN,OSN,2019-09-03,09:52:03,,LUDP,LULD pause,"Ossen Innovation Co., Ltd.",Nasdaq,2019-09-03,,09:57:03,,,,,,nyse,2026-08-07T22:29:30
ELTK,ELTK,2019-09-03,10:37:56,,LUDP,LULD pause,Eltek Ltd,Nasdaq,2019-09-03,,10:42:56,,,,,,nyse,2026-08-07T22:29:30
OSN,OSN,2019-09-03,11:28:20,,LUDP,LULD pause,"Ossen Innovation Co., Ltd.",Nasdaq,2019-09-03,,11:33:20,,,,,,nyse,2026-08-07T22:29:30
HLTH,HLTH,2019-09-03,16:05:42,,T1,News pending,Nobilis Health Corp.,NYSE American,,,,,,,,,nyse,2026-08-07T22:29:30
CLSD,CLSD,2019-09-04,06:55:03,,T1,News pending,"Clearside Biomedical, Inc. Common Stock",Nasdaq,2019-09-04,,07:30:00,,,,,,nyse,2026-08-07T22:29:30
KMPH,KMPH,2019-09-04,07:55:13,,T1,News pending,"KemPharm, Inc.",Nasdaq,2019-09-04,,08:30:00,,,,,,nyse,2026-08-07T22:29:30
SLNG,SLNG,2019-09-04,09:54:07,,LUDP,LULD pause,"Stabilis Energy, Inc. Common Stock",Nasdaq,2019-09-04,,09:59:07,,,,,,nyse,2026-08-07T22:29:30
WINS,WINS,2019-09-04,10:20:53,,LUDP,LULD pause,Wins Finance Holdings Inc. Ordinary Shares (Cayman Islands),Nasdaq,2019-09-04,,10:25:53,,,,,,nyse,2026-08-07T22:29:30
LYL,LYL,2019-09-04,10:34:31,,LUDP,LULD pause,Dragon Victory International Limited Ordinary Shares,Nasdaq,2019-09-04,,10:39:31,,,,,,nyse,2026-08-07T22:29:30
IDSY,IDSY,2019-09-04,10:52:12,,LUDP,LULD pause,ID Systems Inc,Nasdaq,2019-09-04,,10:57:12,,,,,,nyse,2026-08-07T22:29:30
TSRI,TSRI,2019-09-04,12:00:16,,LUDP,LULD pause,TSR Inc. New,Nasdaq,2019-09-04,,12:05:16,,,,,,nyse,2026-08-07T22:29:30
OPGN,OPGN,2019-09-04,14:24:41,,LUDP,LULD pause,"OpGen, Inc",Nasdaq,2019-09-04,,14:29:41,,,,,,nyse,2026-08-07T22:29:30
EDRY,EDRY,2019-09-04,15:21:00,,LUDP,LULD pause,EuroDry Ltd. Common Shares,Nasdaq,2019-09-04,,15:26:00,,,,,,nyse,2026-08-07T22:29:30
SDLP,SDLP,2019-09-04,16:05:03,,T1,News pending,SEADRILL PARTNERS LLC,NYSE,,,,,,,,,nyse,2026-08-07T22:29:30
ZFGN,ZFGN,2019-09-05,06:55:14,,T1,News pending,"Zafgen, Inc.",Nasdaq,2019-09-05,,07:30:00,,,,,,nyse,2026-08-07T22:29:30
ACRS,ACRS,2019-09-05,08:25:08,,T1,News pending,"Aclaris Therapeutics, Inc.",Nasdaq,2019-09-05,,09:00:00,,,,,,nyse,2026-08-07T22:29:30
MMDM,MMDM,2019-09-05,09:30:26,,LUDP,LULD pause,Modern Media Acquisition Corp. Common Stock,Nasdaq,2019-09-05,,09:35:26,,,,,,nyse,2026-08-07T22:29:30
MMDMU,MMDMU,2019-09-05,09:30:37,,LUDP,LULD pause,Modern Media Acquisition Corp. Unit,Nasdaq,2019-09-05,,09:35:37,,,,,,nyse,2026-08-07T22:29:30
WRLS,WRLS,2019-09-05,09:43:20,,LUDP,LULD pause,Pensare Acquisition Corp. Common Stock,Nasdaq,2019-09-05,,09:48:20,,,,,,nyse,2026-08-07T22:29:30
GRNQ,GRNQ,2019-09-05,09:51:32,,LUDP,LULD pause,Greenpro Capital Corp. Common Stock,Nasdaq,2019-09-05,,09:56:32,,,,,,nyse,2026-08-07T22:29:30
DLPN,DLPN,2019-09-05,09:59:35,,LUDP,LULD pause,"Dolphin Entertainment, Inc.",Nasdaq,2019-09-05,,10:04:35,,,,,,nyse,2026-08-07T22:29:30
TNAV,TNAV,2019-09-05,10:49:44,,LUDP,LULD pause,Telenav Inc.,Nasdaq,2019-09-05,,10:54:44,,,,,,nyse,2026-08-07T22:29:30
MMDMU,MMDMU,2019-09-05,11:47:10,,LUDP,LULD pause,Modern Media Acquisition Corp. Unit,Nasdaq,2019-09-05,,11:52:10,,,,,,nyse,2026-08-07T22:29:30
TNAV,TNAV,2019-09-05,11:47:10,,LUDP,LULD pause,Telenav Inc.,Nasdaq,2019-09-05,,11:52:10,,,,,,nyse,2026-08-07T22:29:30
TNAV,TNAV,2019-09-05,14:26:13,,T1,News pending,Telenav Inc.,Nasdaq,2019-09-06,,07:10:00,,,,,,nyse,2026-08-07T22:29:30
WRLS,WRLS,2019-09-05,14:53:50,,LUDP,LULD pause,Pensare Acquisition Corp. Common Stock,Nasdaq,2019-09-05,,14:58:50,,,,,,nyse,2026-08-07T22:29:30
MMDMU,MMDMU,2019-09-06,09:30:53,,LUDP,LULD pause,Modern Media Acquisition Corp. Unit,Nasdaq,2019-09-06,,09:35:53,,,,,,nyse,2026-08-07T22:29:30
MMDM,MMDM,2019-09-06,11:03:08,,LUDP,LULD pause,Modern Media Acquisition Corp. Common Stock,Nasdaq,2019-09-06,,11:08:08,,,,,,nyse,2026-08-07T22:29:30
MMDM,MMDM,2019-09-06,11:10:13,,LUDP,LULD pause,Modern Media Acquisition Corp. Common Stock,Nasdaq,2019-09-06,,11:15:13,,,,,,nyse,2026-08-07T22:29:30
PNRL,PNRL,2019-09-06,11:54:41,,LUDP,LULD pause,Paringa Resources Limited American Depositary Shares,Nasdaq,2019-09-06,,12:09:42,,,,,,nyse,2026-08-07T22:29:30
MNK,MNK,2019-09-06,12:18:50,,T1,News pending,MALLINCKRODT PUBLIC LIMITED COMPANY,NYSE,2019-09-06,,12:36:33,,,,,,nyse,2026-08-07T22:29:30
MBINP,MBINP,2019-09-06,14:15:54,,LUDP,LULD pause,Merchants Bancorp 7.00% Fixed-to-Floating Rate Series A Non-Cumulative Perpetual Preferred Stock,Nasdaq,2019-09-06,,14:20:54,,,,,,nyse,2026-08-07T22:29:30
CARB,CARB,2019-09-06,14:22:30,,LUDP,LULD pause,Carbonite Inc,Nasdaq,2019-09-06,,14:27:30,,,,,,nyse,2026-08-07T22:29:30
PPSI,PPSI,2019-09-06,16:00:14,,T1,News pending,"Pioneer Power Solutions, Inc.",Nasdaq,2019-09-06,,16:35:00,,,,,,nyse,2026-08-07T22:29:30
HYGS,HYGS,2019-09-09,02:43:40,,T1,News pending,Hydrogenics Corp,Nasdaq,,,,,,,,,nyse,2026-08-07T22:29:30
OAC,OAC,2019-09-09,03:51:26,,T1,News pending,Oaktree Acquisition Corp.,NYSE,2019-09-09,,09:37:25,,,,,,nyse,2026-08-07T22:29:30
OAC.WS,OAC WS,2019-09-09,03:51:26,,T1,News pending,"Oaktree Acquisition Corp. Warrants, each whole warrant exercisable for one Class A Ordinary Share at",NYSE,2019-09-09,,09:37:37,,,,,,nyse,2026-08-07T22:29:30
SAVA,SAVA,2019-09-09,07:25:00,,T1,News pending,"Cassava Sciences, Inc.",Nasdaq,2019-09-09,,08:00:00,,,,,,nyse,2026-08-07T22:29:30
FDEF,FDEF,2019-09-09,07:25:05,,T1,News pending,First Defiance Financial Corp,Nasdaq,2019-09-09,,08:00:00,,,,,,nyse,2026-08-07T22:29:30
UCFC,UCFC,2019-09-09,07:25:05,,T1,News pending,United Community Financial Corp,Nasdaq,2019-09-09,,08:00:00,,,,,,nyse,2026-08-07T22:29:30
NTRP,NTRP,2019-09-09,08:25:00,,T1,News pending,"Neurotrope, Inc. Common",Nasdaq,2019-09-09,,09:00:00,,,,,,nyse,2026-08-07T22:29:30
MMDMU,MMDMU,2019-09-09,09:45:15,,LUDP,LULD pause,Modern Media Acquisition Corp. Unit,Nasdaq,2019-09-09,,09:50:15,,,,,,nyse,2026-08-07T22:29:30
SNOA,SNOA,2019-09-09,11:47:35,,LUDP,LULD pause,"Sonoma Pharmaceuticals, Inc. Common Stock",Nasdaq,2019-09-09,,11:52:35,,,,,,nyse,2026-08-07T22:29:30
WTER,WTER,2019-09-09,16:25:42,,T1,News pending,The Alkaline Water Company Inc. Common Stock,Nasdaq,2019-09-09,,17:00:00,,,,,,nyse,2026-08-07T22:29:30
MESO,MESO,2019-09-10,03:58:00,,T1,News pending,Mesoblast Limited American Depositary Shares,Nasdaq,2019-09-10,,07:10:00,,,,,,nyse,2026-08-07T22:29:30
XERS,XERS,2019-09-10,09:44:22,,T1,News pending,"Xeris Pharmaceuticals, Inc. Common Stock",Nasdaq,2019-09-10,,12:00:00,,,,,,nyse,2026-08-07T22:29:30
ULBR,ULBR,2019-09-10,09:45:15,,LUDP,LULD pause,VelocityShares Long LIBOR ETN,NYSE Arca,2019-09-10,,09:50:15,,,,,,nyse,2026-08-07T22:29:30
FTEO,FTEO,2019-09-10,09:45:16,,LUDP,LULD pause,"FRONTEO, Inc. American Depositary Shares",Nasdaq,2019-09-10,,09:50:16,,,,,,nyse,2026-08-07T22:29:30
NSPR,NSPR,2019-09-10,09:47:39,,LUDP,LULD pause,"InspireMD, Inc.",NYSE American,2019-09-10,,09:52:39,,,,,,nyse,2026-08-07T22:29:30
NSPR,NSPR,2019-09-10,09:53:16,,LUDP,LULD pause,"InspireMD, Inc.",NYSE American,2019-09-10,,10:03:16,,,,,,nyse,2026-08-07T22:29:30
CETXP,CETXP,2019-09-10,09:56:02,,LUDP,LULD pause,Cemtrex Inc. Series 1 Preferred Stock,Nasdaq,2019-09-10,,10:01:02,,,,,,nyse,2026-08-07T22:29:30
NSPR,NSPR,2019-09-10,10:04:21,,LUDP,LULD pause,"InspireMD, Inc.",NYSE American,2019-09-10,,10:14:21,,,,,,nyse,2026-08-07T22:29:30
DCAR,DCAR,2019-09-10,10:19:24,,LUDP,LULD pause,"DropCar, Inc. Common Stock",Nasdaq,2019-09-10,,10:24:24,,,,,,nyse,2026-08-07T22:29:30
WTER,WTER,2019-09-10,10:59:53,,T1,News pending,The Alkaline Water Company Inc. Common Stock,Nasdaq,2019-09-10,,14:30:00,,,,,,nyse,2026-08-07T22:29:30
XERS,XERS,2019-09-10,12:10:15,,LUDP,LULD pause,"Xeris Pharmaceuticals, Inc. Common Stock",Nasdaq,2019-09-10,,12:15:15,,,,,,nyse,2026-08-07T22:29:30
KELYB,KELYB,2019-09-10,13:46:30,,LUDP,LULD pause,Kelly Services Inc,Nasdaq,2019-09-10,,13:51:30,,,,,,nyse,2026-08-07T22:29:30
TPC,TPC,2019-09-10,14:40:10,,T1,News pending,Tutor Perini Corporation,NYSE,2019-09-10,,14:58:46,,,,,,nyse,2026-08-07T22:29:30
CETXP,CETXP,2019-09-10,14:44:37,,LUDP,LULD pause,Cemtrex Inc. Series 1 Preferred Stock,Nasdaq,2019-09-10,,14:49:37,,,,,,nyse,2026-08-07T22:29:30
LXRX,LXRX,2019-09-10,16:00:12,,T1,News pending,"Lexicon Pharmaceuticals, Inc.",Nasdaq,2019-09-10,,16:30:00,,,,,,nyse,2026-08-07T22:29:30
MMDM,MMDM,2019-09-11,02:34:58,,T1,News pending,Modern Media Acquisition Corp. Common Stock,Nasdaq,,,,,,,,,nyse,2026-08-07T22:29:30
MMDMR,MMDMR,2019-09-11,02:34:58,,T1,News pending,Modern Media Acquisition Corp. Right,Nasdaq,,,,,,,,,nyse,2026-08-07T22:29:30
MMDMU,MMDMU,2019-09-11,02:34:58,,T1,News pending,Modern Media Acquisition Corp. Unit,Nasdaq,,,,,,,,,nyse,2026-08-07T22:29:30
MMDMW,MMDMW,2019-09-11,02:34:58,,T1,News pending,Modern Media Acquisition Corp. Warrant,Nasdaq,,,,,,,,,nyse,2026-08-07T22:29:30
SONG,SONG,2019-09-11,04:00:00,,T1,News pending,Akazoo S.A. Ordinary Shares,Nasdaq,2019-09-11,,09:45:00,,,,,,nyse,2026-08-07T22:29:30
SONGW,SONGW,2019-09-11,04:00:00,,T1,News pending,Akazoo S.A. Warrant,Nasdaq,2019-09-11,,09:45:00,,,,,,nyse,2026-08-07T22:29:30
YUMA,YUMA,2019-09-11,09:30:15,,LUDP,LULD pause,Yuma Energy Inc,NYSE American,2019-09-11,,09:35:15,,,,,,nyse,2026-08-07T22:29:30
JAN,JAN,2019-09-11,09:45:21,,LUDP,LULD pause,JanOne Inc. Common Stock (NV),Nasdaq,2019-09-11,,09:50:21,,,,,,nyse,2026-08-07T22:29:30
COE,COE,2019-09-11,09:51:47,,LUDP,LULD pause,"China Online Education Group American depositary shares, each representing 15 Class A ordinary share",NYSE,2019-09-11,,09:56:51,,,,,,nyse,2026-08-07T22:29:30
MH.PRD,MH PRD,2019-09-11,09:54:19,,LUDP,LULD pause,"Maiden Holdings North America, Ltd. 6.700% Non-Cumulative Preference Shares, Series D",NYSE,2019-09-11,,09:59:19,,,,,,nyse,2026-08-07T22:29:30
SONG,SONG,2019-09-11,09:59:43,,LUDP,LULD pause,Akazoo S.A. Ordinary Shares,Nasdaq,2019-09-11,,10:04:43,,,,,,nyse,2026-08-07T22:29:30
HOTH,HOTH,2019-09-11,10:55:25,,LUDP,LULD pause,"Hoth Therapeutics, Inc. Common Stock",Nasdaq,2019-09-11,,11:00:25,,,,,,nyse,2026-08-07T22:29:30
USFD,USFD,2019-09-11,11:07:28,,T1,News pending,US Foods Holding Corp.,NYSE,2019-09-11,,11:27:05,,,,,,nyse,2026-08-07T22:29:30
SPEX,SPEX,2019-09-11,13:00:48,,LUDP,LULD pause,Spherix Inc New,Nasdaq,2019-09-11,,13:10:48,,,,,,nyse,2026-08-07T22:29:30
MOG.B,MOG B,2019-09-11,14:20:28,,LUDP,LULD pause,MOOG INC CL B,NYSE,2019-09-11,,14:25:31,,,,,,nyse,2026-08-07T22:29:30
TLRD,TLRD,2019-09-11,14:31:12,,T1,News pending,"Tailored Brands, Inc.",NYSE,2019-09-11,,16:08:03,,,,,,nyse,2026-08-07T22:29:30
MOG.B,MOG B,2019-09-11,14:34:44,,LUDP,LULD pause,MOOG INC CL B,NYSE,2019-09-11,,14:39:54,,,,,,nyse,2026-08-07T22:29:30
MOG.B,MOG B,2019-09-11,14:40:09,,LUDP,LULD pause,MOOG INC CL B,NYSE,2019-09-11,,14:45:33,,,,,,nyse,2026-08-07T22:29:30
MOG.B,MOG B,2019-09-11,15:03:55,,LUDP,LULD pause,MOOG INC CL B,NYSE,2019-09-11,,15:09:05,,,,,,nyse,2026-08-07T22:29:30
MOG.B,MOG B,2019-09-11,15:21:44,,LUDP,LULD pause,MOOG INC CL B,NYSE,2019-09-11,,15:28:20,,,,,,nyse,2026-08-07T22:29:30
LSTR,LSTR,2019-09-11,16:01:03,,T1,News pending,Landstar System Inc,Nasdaq,2019-09-11,,16:45:00,,,,,,nyse,2026-08-07T22:29:30
PBFS,PBFS,2019-09-11,16:28:34,,T1,News pending,"Pioneer Bancorp, Inc. Common Stock",Nasdaq,2019-09-11,,17:00:00,,,,,,nyse,2026-08-07T22:29:30
TOCA,TOCA,2019-09-12,09:54:02,,LUDP,LULD pause,Tocagen Inc. Common Stock,Nasdaq,2019-09-12,,09:59:02,,,,,,nyse,2026-08-07T22:29:30
DGICB,DGICB,2019-09-12,09:59:45,,LUDP,LULD pause,Donegal Group Inc,Nasdaq,2019-09-12,,10:04:45,,,,,,nyse,2026-08-07T22:29:30
MOG.B,MOG B,2019-09-12,10:17:51,,LUDP,LULD pause,MOOG INC CL B,NYSE,2019-09-12,,10:22:55,,,,,,nyse,2026-08-07T22:29:30
RH,RH,2019-09-12,10:39:23,,T1,News pending,RH,NYSE,2019-09-12,,11:15:09,,,,,,nyse,2026-08-07T22:29:30
GRNQ,GRNQ,2019-09-12,11:13:28,,LUDP,LULD pause,Greenpro Capital Corp. Common Stock,Nasdaq,2019-09-12,,11:18:28,,,,,,nyse,2026-08-07T22:29:30
WVVIP,WVVIP,2019-09-12,11:59:47,,LUDP,LULD pause,"Willamette Valley Vineyards, Inc. Series A Redeemable Preferred Stock",Nasdaq,2019-09-12,,12:04:47,,,,,,nyse,2026-08-07T22:29:30
HFBL,HFBL,2019-09-12,12:22:18,,LUDP,LULD pause,"Home Federal Bancorp, Inc. of Louisiana",Nasdaq,2019-09-12,,12:27:18,,,,,,nyse,2026-08-07T22:29:30
ARDX,ARDX,2019-09-12,14:31:29,,LUDP,LULD pause,"Ardelyx, Inc.",Nasdaq,2019-09-12,,14:36:29,,,,,,nyse,2026-08-07T22:29:30
ARDX,ARDX,2019-09-12,14:39:04,,T1,News pending,"Ardelyx, Inc.",Nasdaq,2019-09-12,,15:40:00,,,,,,nyse,2026-08-07T22:29:30
BRQS,BRQS,2019-09-12,15:12:48,,LUDP,LULD pause,"Borqs Technologies, Inc. Ordinary Shares",Nasdaq,2019-09-12,,15:17:48,,,,,,nyse,2026-08-07T22:29:30
RTTR,RTTR,2019-09-12,16:10:26,,T1,News pending,"Ritter Pharmaceuticals, Inc. Common Stock",Nasdaq,2019-09-12,,16:45:00,,,,,,nyse,2026-08-07T22:29:30
AIMT,AIMT,2019-09-13,06:59:58,,T1,News pending,"Aimmune Therapeutics, Inc.",Nasdaq,2019-09-13,,18:15:00,,,,,,nyse,2026-08-07T22:29:30
DRAD,DRAD,2019-09-13,09:32:12,,LUDP,LULD pause,Digirad Corporation,Nasdaq,2019-09-13,,09:37:12,,,,,,nyse,2026-08-07T22:29:30
MOG.B,MOG B,2019-09-13,09:56:32,,LUDP,LULD pause,MOOG INC CL B,NYSE,2019-09-13,,10:04:11,,,,,,nyse,2026-08-07T22:29:30
WINS,WINS,2019-09-13,10:38:28,,LUDP,LULD pause,Wins Finance Holdings Inc. Ordinary Shares (Cayman Islands),Nasdaq,2019-09-13,,10:43:28,,,,,,nyse,2026-08-07T22:29:30
DGICB,DGICB,2019-09-13,15:31:13,,LUDP,LULD pause,Donegal Group Inc,Nasdaq,2019-09-13,,15:36:13,,,,,,nyse,2026-08-07T22:29:30
SBE,SBE,2019-09-16,03:51:05,,T1,News pending,Switchback Energy Acquisition Corporation,NYSE,2019-09-16,,09:40:39,,,,,,nyse,2026-08-07T22:29:30
SBE.WS,SBE WS,2019-09-16,03:51:05,,T1,News pending,"Switchback Energy Acquisition Corporation Warrants, exercisable for one share of Class A Common Stoc",NYSE,2019-09-16,,09:41:30,,,,,,nyse,2026-08-07T22:29:30
WINS,WINS,2019-09-16,09:51:43,,LUDP,LULD pause,Wins Finance Holdings Inc. Ordinary Shares (Cayman Islands),Nasdaq,2019-09-16,,09:56:43,,,,,,nyse,2026-08-07T22:29:30
SINT,SINT,2019-09-16,10:12:03,,LUDP,LULD pause,"SiNtx Technologies, Inc. Common Stock",Nasdaq,2019-09-16,,10:17:03,,,,,,nyse,2026-08-07T22:29:30
WINS,WINS,2019-09-16,11:32:06,,LUDP,LULD pause,Wins Finance Holdings Inc. Ordinary Shares (Cayman Islands),Nasdaq,2019-09-16,,11:37:06,,,,,,nyse,2026-08-07T22:29:30
CRNCV,CRNCV,2019-09-16,14:08:12,,LUDP,LULD pause,Cerence Inc. Common Stock When Issued,Nasdaq,2019-09-16,,14:13:12,,,,,,nyse,2026-08-07T22:29:30
ACRS,ACRS,2019-09-16,16:00:11,,T1,News pending,"Aclaris Therapeutics, Inc.",Nasdaq,2019-09-16,,16:45:00,,,,,,nyse,2026-08-07T22:29:30
GPAQ,GPAQ,2019-09-16,18:36:44,,T1,News pending,Gordon Pointe Acquisition Corp. Class A Common Stock,Nasdaq,2019-09-16,,19:39:07,,,,,,nyse,2026-08-07T22:29:30
GPAQU,GPAQU,2019-09-16,18:36:44,,T1,News pending,Gordon Pointe Acquisition Corp. Unit,Nasdaq,2019-09-16,,19:39:07,,,,,,nyse,2026-08-07T22:29:30
GPAQW,GPAQW,2019-09-16,18:36:44,,T1,News pending,Gordon Pointe Acquisition Corp. Warrant,Nasdaq,2019-09-16,,19:39:07,,,,,,nyse,2026-08-07T22:29:30
GPAQ,GPAQ,2019-09-17,00:22:31,,T1,News pending,Gordon Pointe Acquisition Corp. Class A Common Stock,Nasdaq,2019-09-17,,02:57:25,,,,,,nyse,2026-08-07T22:29:30
GPAQU,GPAQU,2019-09-17,00:22:31,,T1,News pending,Gordon Pointe Acquisition Corp. Unit,Nasdaq,2019-09-17,,02:57:25,,,,,,nyse,2026-08-07T22:29:30
GPAQW,GPAQW,2019-09-17,00:22:31,,T1,News pending,Gordon Pointe Acquisition Corp. Warrant,Nasdaq,2019-09-17,,02:57:25,,,,,,nyse,2026-08-07T22:29:30
WIL,WIL,2019-09-17,09:30:28,,LUDP,LULD pause,Barclays Women in Leadership ETN,Cboe BZX,2019-09-17,,09:40:33,,,,,,nyse,2026-08-07T22:29:30
SAUC,SAUC,2019-09-17,09:48:40,,LUDP,LULD pause,"Diversified Restaurant Holdings, Inc. Common stock",Nasdaq,2019-09-17,,09:53:40,,,,,,nyse,2026-08-07T22:29:30
BNTC,BNTC,2019-09-17,10:02:50,,LUDP,LULD pause,Benitec Biopharma Limited,Nasdaq,2019-09-17,,10:12:50,,,,,,nyse,2026-08-07T22:29:30
BNTC,BNTC,2019-09-17,10:15:12,,LUDP,LULD pause,Benitec Biopharma Limited,Nasdaq,2019-09-17,,10:20:12,,,,,,nyse,2026-08-07T22:29:30
BNTC,BNTC,2019-09-17,10:20:39,,LUDP,LULD pause,Benitec Biopharma Limited,Nasdaq,2019-09-17,,10:25:39,,,,,,nyse,2026-08-07T22:29:30
BBQ,BBQ,2019-09-17,10:25:04,,LUDP,LULD pause,"BBQ Holdings, Inc. Common Stock",Nasdaq,2019-09-17,,10:30:04,,,,,,nyse,2026-08-07T22:29:30
BNTC,BNTC,2019-09-17,10:29:44,,LUDP,LULD pause,Benitec Biopharma Limited,Nasdaq,2019-09-17,,10:34:44,,,,,,nyse,2026-08-07T22:29:30
BBQ,BBQ,2019-09-17,10:30:19,,LUDP,LULD pause,"BBQ Holdings, Inc. Common Stock",Nasdaq,2019-09-17,,10:35:19,,,,,,nyse,2026-08-07T22:29:30
BBQ,BBQ,2019-09-17,10:46:42,,LUDP,LULD pause,"BBQ Holdings, Inc. Common Stock",Nasdaq,2019-09-17,,10:51:42,,,,,,nyse,2026-08-07T22:29:30
CTST,CTST,2019-09-17,11:37:14,,T1,News pending,CannTrust Holdings Inc. Common Share,NYSE,2019-09-17,,15:30:12,,,,,,nyse,2026-08-07T22:29:30
BFS.PRC,BFS PRC,2019-09-17,11:57:24,,UNKNOWN,News dissemination,"SAUL CENTERS, INC",NYSE,2019-09-18,,07:09:35,,,,,,nyse,2026-08-07T22:29:30
PNRL,PNRL,2019-09-18,06:35:59,,T1,News pending,Paringa Resources Limited American Depositary Shares,Nasdaq,2019-09-23,,10:30:00,,,,,,nyse,2026-08-07T22:29:30
FRC.PRD,FRC PRD,2019-09-18,08:35:12,,UNKNOWN,News dissemination,"First Republic Bank Depositary Shares, each representing a 1/40th interest in a share of 5.50% Noncu",NYSE,2019-09-19,,07:10:59,,,,,,nyse,2026-08-07T22:29:30
CHSP,CHSP,2019-09-18,08:52:50,,UNKNOWN,News dissemination,Chesapeake Lodging Trust,NYSE,,,,,,,,,nyse,2026-08-07T22:29:30
HERD,HERD,2019-09-18,09:30:15,,LUDP,LULD pause,Pacer Cash Cows Fund of Funds ETF,Nasdaq,2019-09-18,,09:35:15,,,,,,nyse,2026-08-07T22:29:30
CIVBP,CIVBP,2019-09-18,09:45:32,,LUDP,LULD pause,"Civista Bancshares, Inc",Nasdaq,2019-09-18,,09:50:32,,,,,,nyse,2026-08-07T22:29:30
TRVI,TRVI,2019-09-18,09:49:25,,LUDP,LULD pause,"Trevi Therapeutics, Inc. Common Stock",Nasdaq,2019-09-18,,09:54:25,,,,,,nyse,2026-08-07T22:29:30
ETTX,ETTX,2019-09-18,09:50:54,,LUDP,LULD pause,Entasis Therapeutics Holdings Inc.,Nasdaq,2019-09-18,,09:55:54,,,,,,nyse,2026-08-07T22:29:30
ONTX,ONTX,2019-09-18,10:05:11,,LUDP,LULD pause,"Onconova Therapeutics, Inc.",Nasdaq,2019-09-18,,10:10:11,,,,,,nyse,2026-08-07T22:29:30
ETTX,ETTX,2019-09-18,10:47:01,,LUDP,LULD pause,Entasis Therapeutics Holdings Inc.,Nasdaq,2019-09-18,,10:52:01,,,,,,nyse,2026-08-07T22:29:30
MDR,MDR,2019-09-18,10:50:59,,LUDP,LULD pause,McDermott International,NYSE,2019-09-18,,10:56:26,,,,,,nyse,2026-08-07T22:29:30
MDR,MDR,2019-09-18,10:57:49,,LUDP,LULD pause,McDermott International,NYSE,2019-09-18,,13:56:59,,,,,,nyse,2026-08-07T22:29:30
GDV.PRD,GDV PRD,2019-09-18,11:14:08,,LUDP,LULD pause,The Gabelli Dividend & Income Trust 6.00% Series D Cumulative Preferred Shares,NYSE,2019-09-18,,11:19:44,,,,,,nyse,2026-08-07T22:29:30
MDR,MDR,2019-09-18,13:57:18,,LUDP,LULD pause,McDermott International,NYSE,2019-09-18,,14:02:27,,,,,,nyse,2026-08-07T22:29:30
MDR,MDR,2019-09-18,14:03:05,,LUDP,LULD pause,McDermott International,NYSE,2019-09-18,,14:08:11,,,,,,nyse,2026-08-07T22:29:30
MDR,MDR,2019-09-18,14:08:39,,LUDP,LULD pause,McDermott International,NYSE,2019-09-18,,14:13:51,,,,,,nyse,2026-08-07T22:29:30
MDR,MDR,2019-09-18,14:14:16,,LUDP,LULD pause,McDermott International,NYSE,2019-09-18,,14:19:29,,,,,,nyse,2026-08-07T22:29:30
MDR,MDR,2019-09-18,14:21:22,,LUDP,LULD pause,McDermott International,NYSE,2019-09-18,,14:26:33,,,,,,nyse,2026-08-07T22:29:30
MDR,MDR,2019-09-18,14:27:36,,LUDP,LULD pause,McDermott International,NYSE,2019-09-18,,14:32:39,,,,,,nyse,2026-08-07T22:29:30
MDR,MDR,2019-09-18,14:33:49,,LUDP,LULD pause,McDermott International,NYSE,2019-09-18,,14:39:08,,,,,,nyse,2026-08-07T22:29:30
MDR,MDR,2019-09-18,14:39:25,,LUDP,LULD pause,McDermott International,NYSE,2019-09-18,,14:44:30,,,,,,nyse,2026-08-07T22:29:30
MDR,MDR,2019-09-18,14:45:00,,LUDP,LULD pause,McDermott International,NYSE,2019-09-18,,14:50:08,,,,,,nyse,2026-08-07T22:29:30
MDR,MDR,2019-09-18,14:56:13,,LUDP,LULD pause,McDermott International,NYSE,2019-09-18,,15:01:26,,,,,,nyse,2026-08-07T22:29:30
CBPO,CBPO,2019-09-18,16:00:11,,T1,News pending,"China Biologic Products Holdings, Inc.",Nasdaq,2019-09-18,,16:30:00,,,,,,nyse,2026-08-07T22:29:30
TRCO,TRCO,2019-09-19,08:37:44,,UNKNOWN,News dissemination,TRIBUNE MEDIA COMPANY CLASS A,NYSE,,,,,,,,,nyse,2026-08-07T22:29:30
AQ,AQ,2019-09-19,08:54:58,,UNKNOWN,News dissemination,Aquantia Corp. Common Stock,NYSE,,,,,,,,,nyse,2026-08-07T22:29:30
HERD,HERD,2019-09-19,09:30:17,,LUDP,LULD pause,Pacer Cash Cows Fund of Funds ETF,Nasdaq,2019-09-19,,09:35:17,,,,,,nyse,2026-08-07T22:29:30
WWR,WWR,2019-09-19,09:40:28,,LUDP,LULD pause,"Westwater Resources, Inc. Common Stock",Nasdaq,2019-09-19,,09:45:28,,,,,,nyse,2026-08-07T22:29:30
CRNCV,CRNCV,2019-09-19,09:52:33,,LUDP,LULD pause,Cerence Inc. Common Stock When Issued,Nasdaq,2019-09-19,,09:57:33,,,,,,nyse,2026-08-07T22:29:30
WAFU,WAFU,2019-09-19,10:11:40,,LUDP,LULD pause,Wah Fu Education Group Limited Ordinary Shares,Nasdaq,2019-09-19,,10:16:40,,,,,,nyse,2026-08-07T22:29:30
VRNA,VRNA,2019-09-19,10:41:14,,LUDP,LULD pause,Verona Pharma plc,Nasdaq,2019-09-19,,10:46:14,,,,,,nyse,2026-08-07T22:29:30
BNTC,BNTC,2019-09-19,13:41:36,,LUDP,LULD pause,Benitec Biopharma Limited,Nasdaq,2019-09-19,,13:46:36,,,,,,nyse,2026-08-07T22:29:30
IMI,IMI,2019-09-20,02:53:49,,T1,News pending,"Intermolecular, Inc.",Nasdaq,,,,,,,,,nyse,2026-08-07T22:29:30
YGYIP,YGYIP,2019-09-20,03:58:00,,T1,News pending,"Youngevity International, Inc. 9.75% Series D Cumulative Redeemable Perpetual Preferred Stock",Nasdaq,2019-09-20,,09:45:00,,,,,,nyse,2026-08-07T22:29:30
OPHC,OPHC,2019-09-20,10:02:05,,LUDP,LULD pause,"OptimumBank Holdings, Inc.",Nasdaq,2019-09-20,,10:07:05,,,,,,nyse,2026-08-07T22:29:30
SNOA,SNOA,2019-09-20,10:23:58,,LUDP,LULD pause,"Sonoma Pharmaceuticals, Inc. Common Stock",Nasdaq,2019-09-20,,10:28:58,,,,,,nyse,2026-08-07T22:29:30
YCBD,YCBD,2019-09-20,12:19:34,,T1,News pending,"cbdMD, Inc. Common Stock",NYSE American,2019-09-20,,12:50:00,,,,,,nyse,2026-08-07T22:29:30
USAT,USAT,2019-09-20,14:26:00,,LUDP,LULD pause,"USA Technologies, Inc.",Nasdaq,2019-09-20,,14:31:00,,,,,,nyse,2026-08-07T22:29:30
USAT,USAT,2019-09-20,14:31:22,,LUDP,LULD pause,"USA Technologies, Inc.",Nasdaq,2019-09-20,,14:41:22,,,,,,nyse,2026-08-07T22:29:30
USAT,USAT,2019-09-20,14:42:01,,LUDP,LULD pause,"USA Technologies, Inc.",Nasdaq,2019-09-20,,14:47:01,,,,,,nyse,2026-08-07T22:29:30
USAT,USAT,2019-09-20,14:56:40,,LUDP,LULD pause,"USA Technologies, Inc.",Nasdaq,2019-09-20,,15:01:40,,,,,,nyse,2026-08-07T22:29:30
ARTX,ARTX,2019-09-23,07:56:44,,T1,News pending,Arotech Corporation,Nasdaq,2019-09-23,,08:35:00,,,,,,nyse,2026-08-07T22:29:30
ABEO,ABEO,2019-09-23,08:40:11,,T1,News pending,Abeona Therapeutics Inc. Common Stock,Nasdaq,2019-09-23,,09:15:00,,,,,,nyse,2026-08-07T22:29:30
ABEOW,ABEOW,2019-09-23,08:40:11,,T1,News pending,Abeona Therapeutics Inc. Warrant,Nasdaq,2019-09-23,,09:15:00,,,,,,nyse,2026-08-07T22:29:30
PNRL,PNRL,2019-09-23,10:55:48,,LUDP,LULD pause,Paringa Resources Limited American Depositary Shares,Nasdaq,2019-09-23,,11:00:48,,,,,,nyse,2026-08-07T22:29:30
PSTV,PSTV,2019-09-23,12:15:35,,LUDP,LULD pause,"PLUS THERAPEUTICS, Inc. Common Stock",Nasdaq,2019-09-23,,13:05:36,,,,,,nyse,2026-08-07T22:29:30
TRT,TRT,2019-09-23,12:26:11,,T1,News pending,Trio-Tech International,NYSE American,2019-09-23,,12:45:00,,,,,,nyse,2026-08-07T22:29:30
PSTV,PSTV,2019-09-23,13:06:12,,LUDP,LULD pause,"PLUS THERAPEUTICS, Inc. Common Stock",Nasdaq,2019-09-23,,13:16:13,,,,,,nyse,2026-08-07T22:29:30
CEL,CEL,2019-09-23,14:46:48,,T1,News pending,"Cellcom Israel, Ltd.",NYSE,2019-09-23,,15:35:24,,,,,,nyse,2026-08-07T22:29:30
PRTO,PRTO,2019-09-23,16:10:00,,T1,News pending,"Proteon Therapeutics, Inc.",Nasdaq,2019-09-23,,16:50:00,,,,,,nyse,2026-08-07T22:29:30
TMDI,TMDI,2019-09-23,16:47:17,,T1,News pending,Titan Medical Inc. Ordinary Shares,Nasdaq,2019-09-25,,08:00:00,,,,,,nyse,2026-08-07T22:29:30
FNSR,FNSR,2019-09-24,03:58:00,,T1,News pending,Finisar Corp,Nasdaq,,,,,,,,,nyse,2026-08-07T22:29:30
MITO,MITO,2019-09-24,10:11:27,,LUDP,LULD pause,Stealth BioTherapeutics Corp. ADS,Nasdaq,2019-09-24,,10:16:27,,,,,,nyse,2026-08-07T22:29:30
VNRX,VNRX,2019-09-24,10:13:29,,LUDP,LULD pause,VolitionRX Limited Common Stock,NYSE American,2019-09-24,,10:18:29,,,,,,nyse,2026-08-07T22:29:30
ECOR,ECOR,2019-09-24,11:54:19,,LUDP,LULD pause,"electroCore, Inc. Common Stock",Nasdaq,2019-09-24,,11:59:19,,,,,,nyse,2026-08-07T22:29:30
CEL,CEL,2019-09-24,12:07:49,,T1,News pending,"Cellcom Israel, Ltd.",NYSE,2019-09-24,,13:06:47,,,,,,nyse,2026-08-07T22:29:30
AXLA,AXLA,2019-09-24,13:25:58,,LUDP,LULD pause,Axcella Health Inc. Common Stock,Nasdaq,2019-09-24,,13:30:58,,,,,,nyse,2026-08-07T22:29:30
USAT,USAT,2019-09-24,13:39:42,,LUDP,LULD pause,"USA Technologies, Inc.",Nasdaq,2019-09-24,,13:44:42,,,,,,nyse,2026-08-07T22:29:30
MICR,MICR,2019-09-24,14:28:34,,T1,News pending,"Micron Solutions, Inc.",NYSE American,2019-09-24,,15:15:00,,,,,,nyse,2026-08-07T22:29:30
CNAT,CNAT,2019-09-24,16:00:12,,T1,News pending,Conatus Pharmaceuticals Inc.,Nasdaq,2019-09-24,,16:35:00,,,,,,nyse,2026-08-07T22:29:30
HDS,HDS,2019-09-24,16:00:13,,T1,News pending,"HD Supply Holdings, Inc.",Nasdaq,2019-09-24,,16:30:00,,,,,,nyse,2026-08-07T22:29:30
BRQS,BRQS,2019-09-24,16:24:44,,T1,News pending,"Borqs Technologies, Inc. Ordinary Shares",Nasdaq,2020-03-12,,09:04:56,,,,,,nyse,2026-08-07T22:29:30
CRAY,CRAY,2019-09-25,03:58:00,,T1,News pending,"Cray, Inc.",Nasdaq,,,,,,,,,nyse,2026-08-07T22:29:30
DFRG,DFRG,2019-09-25,03:58:00,,T1,News pending,"Del Frisco's Restaurant Group, Inc. Common Stock",Nasdaq,,,,,,,,,nyse,2026-08-07T22:29:30
SFLY,SFLY,2019-09-25,03:58:00,,T1,News pending,"Shutterfly, Inc.",Nasdaq,,,,,,,,,nyse,2026-08-07T22:29:30
AZRX,AZRX,2019-09-25,07:25:08,,T1,News pending,"AzurRx BioPharma, Inc. Common Stock",Nasdaq,2019-09-25,,08:00:00,,,,,,nyse,2026-08-07T22:29:30
AIM,AIM,2019-09-25,09:25:02,,T1,News pending,AIM ImmunoTech Inc.,NYSE American,2019-09-25,,10:10:00,,,,,,nyse,2026-08-07T22:29:30
DLBS,DLBS,2019-09-25,14:48:21,,LUDP,LULD pause,iPath US Treasury Long Bond Bear ETN,Cboe BZX,2019-09-25,,14:53:22,,,,,,nyse,2026-08-07T22:29:30
KZIA,KZIA,2019-09-25,15:06:45,,LUDP,LULD pause,Kazia Therapeutics Limited American Depositary Shares,Nasdaq,2019-09-25,,15:11:45,,,,,,nyse,2026-08-07T22:29:30
TBLTU,TBLTU,2019-09-26,09:45:20,,LUDP,LULD pause,"ToughBuilt Industries, Inc. Class A Units",Nasdaq,2019-09-26,,09:50:20,,,,,,nyse,2026-08-07T22:29:30
IRCP,IRCP,2019-09-26,11:07:01,,LUDP,LULD pause,IRSA Propiedades Comerciales S.A.,Nasdaq,2019-09-26,,11:12:01,,,,,,nyse,2026-08-07T22:29:30
BNTC,BNTC,2019-09-26,13:05:24,,LUDP,LULD pause,Benitec Biopharma Limited,Nasdaq,2019-09-26,,13:10:24,,,,,,nyse,2026-08-07T22:29:30
SPN,SPN,2019-09-26,14:20:44,,T1,News pending,Superior Energy Services Inc.,NYSE,,,,,,,,,nyse,2026-08-07T22:29:30
BWMCU,BWMCU,2019-09-27,10:03:42,,LUDP,LULD pause,Boxwood Merger Corp. Unit,Nasdaq,2019-09-27,,10:08:42,,,,,,nyse,2026-08-07T22:29:30
TTPH,TTPH,2019-09-27,10:15:21,,LUDP,LULD pause,"Tetraphase Pharmaceuticals, Inc.",Nasdaq,2019-09-27,,10:20:21,,,,,,nyse,2026-08-07T22:29:30
BWMCU,BWMCU,2019-09-27,10:22:25,,LUDP,LULD pause,Boxwood Merger Corp. Unit,Nasdaq,2019-09-27,,10:27:25,,,,,,nyse,2026-08-07T22:29:30
BWMCU,BWMCU,2019-09-27,10:27:43,,LUDP,LULD pause,Boxwood Merger Corp. Unit,Nasdaq,2019-09-27,,10:32:43,,,,,,nyse,2026-08-07T22:29:30
BWMCU,BWMCU,2019-09-27,10:32:59,,LUDP,LULD pause,Boxwood Merger Corp. Unit,Nasdaq,2019-09-27,,10:37:59,,,,,,nyse,2026-08-07T22:29:30
BWMCU,BWMCU,2019-09-27,10:38:15,,LUDP,LULD pause,Boxwood Merger Corp. Unit,Nasdaq,2019-09-27,,10:48:15,,,,,,nyse,2026-08-07T22:29:30
JMPB,JMPB,2019-09-27,12:34:05,,T1,News pending,JMP Group Inc. 8.00% Senior Notes due 2023,NYSE,2019-09-30,,07:18:15,,,,,,nyse,2026-08-07T22:29:30
SCPH,SCPH,2019-09-27,12:41:11,,LUDP,LULD pause,scPharmaceuticals Inc. Common Stock,Nasdaq,2019-09-27,,12:46:11,,,,,,nyse,2026-08-07T22:29:30
SNOA,SNOA,2019-09-27,13:13:18,,LUDP,LULD pause,"Sonoma Pharmaceuticals, Inc. Common Stock",Nasdaq,2019-09-27,,13:18:18,,,,,,nyse,2026-08-07T22:29:30
FTEO,FTEO,2019-09-27,15:32:18,,LUDP,LULD pause,"FRONTEO, Inc. American Depositary Shares",Nasdaq,2019-09-27,,15:37:18,,,,,,nyse,2026-08-07T22:29:30
RIV.RTWI,RIV RTWI,2019-09-30,03:50:40,,T1,News pending,"RiverNorth Opportunities Fund, Inc. Rights (expiring November 1, 2019)",NYSE,2019-09-30,,09:51:01,,,,,,nyse,2026-08-07T22:29:30
TOWR,TOWR,2019-09-30,08:13:51,,UNKNOWN,News dissemination,"Tower International, Inc.",NYSE,,,,,,,,,nyse,2026-08-07T22:29:30
OAK,OAK,2019-09-30,08:36:31,,UNKNOWN,News dissemination,"OAKTREE CAPITAL GROUP, LLC",NYSE,,,,,,,,,nyse,2026-08-07T22:29:30
NRE,NRE,2019-09-30,09:05:40,,UNKNOWN,News dissemination,NorthStar Realty Europe Corp.,NYSE,,,,,,,,,nyse,2026-08-07T22:29:30
OCGN,OCGN,2019-09-30,09:32:42,,LUDP,LULD pause,"Ocugen, Inc. Common Stock",Nasdaq,2019-09-30,,09:42:42,,,,,,nyse,2026-08-07T22:29:30
OCGN,OCGN,2019-09-30,09:45:56,,LUDP,LULD pause,"Ocugen, Inc. Common Stock",Nasdaq,2019-09-30,,09:55:56,,,,,,nyse,2026-08-07T22:29:30
SOHON,SOHON,2019-09-30,09:53:26,,LUDP,LULD pause,Sotherly Hotels Inc. 8.25% Series D Cumulative Redeemable Perpetual Preferred Stock,Nasdaq,2019-09-30,,09:58:26,,,,,,nyse,2026-08-07T22:29:30
MH.PRC,MH PRC,2019-09-30,09:53:55,,LUDP,LULD pause,"Maiden Holdings North America, Ltd. 7.125% Non-Cumulative Preference Shares, Series C",NYSE,2019-09-30,,09:58:55,,,,,,nyse,2026-08-07T22:29:30
OCGN,OCGN,2019-09-30,09:59:28,,LUDP,LULD pause,"Ocugen, Inc. Common Stock",Nasdaq,2019-09-30,,10:04:28,,,,,,nyse,2026-08-07T22:29:30
OCGN,OCGN,2019-09-30,10:05:06,,LUDP,LULD pause,"Ocugen, Inc. Common Stock",Nasdaq,2019-09-30,,10:10:06,,,,,,nyse,2026-08-07T22:29:30
MITO,MITO,2019-09-30,10:08:26,,LUDP,LULD pause,Stealth BioTherapeutics Corp. ADS,Nasdaq,2019-09-30,,10:13:26,,,,,,nyse,2026-08-07T22:29:30
OCGN,OCGN,2019-09-30,10:11:32,,LUDP,LULD pause,"Ocugen, Inc. Common Stock",Nasdaq,2019-09-30,,10:16:32,,,,,,nyse,2026-08-07T22:29:30
OCGN,OCGN,2019-09-30,10:17:39,,LUDP,LULD pause,"Ocugen, Inc. Common Stock",Nasdaq,2019-09-30,,10:22:39,,,,,,nyse,2026-08-07T22:29:30
OCGN,OCGN,2019-09-30,10:24:14,,LUDP,LULD pause,"Ocugen, Inc. Common Stock",Nasdaq,2019-09-30,,10:29:14,,,,,,nyse,2026-08-07T22:29:30
OCGN,OCGN,2019-09-30,10:29:55,,LUDP,LULD pause,"Ocugen, Inc. Common Stock",Nasdaq,2019-09-30,,10:39:55,,,,,,nyse,2026-08-07T22:29:30
OCGN,OCGN,2019-09-30,10:43:06,,LUDP,LULD pause,"Ocugen, Inc. Common Stock",Nasdaq,2019-09-30,,10:48:06,,,,,,nyse,2026-08-07T22:29:30
OCGN,OCGN,2019-09-30,10:50:41,,LUDP,LULD pause,"Ocugen, Inc. Common Stock",Nasdaq,2019-09-30,,10:55:41,,,,,,nyse,2026-08-07T22:29:30
OCGN,OCGN,2019-09-30,10:59:37,,LUDP,LULD pause,"Ocugen, Inc. Common Stock",Nasdaq,2019-09-30,,11:04:37,,,,,,nyse,2026-08-07T22:29:30
OCGN,OCGN,2019-09-30,11:06:19,,LUDP,LULD pause,"Ocugen, Inc. Common Stock",Nasdaq,2019-09-30,,11:11:19,,,,,,nyse,2026-08-07T22:29:30
XELA,XELA,2019-09-30,13:00:34,,LUDP,LULD pause,"Exela Technologies, Inc. Common Stock",Nasdaq,2019-09-30,,13:05:34,,,,,,nyse,2026-08-07T22:29:30
ENOB,ENOB,2019-09-30,14:59:50,,LUDP,LULD pause,Enochian Biosciences Inc. Common Shares,Nasdaq,2019-09-30,,15:04:50,,,,,,nyse,2026-08-07T22:29:30
NLNK,NLNK,2019-09-30,16:30:05,,T1,News pending,NewLink Genetics Corporation,Nasdaq,2019-09-30,,17:00:00,,,,,,nyse,2026-08-07T22:29:30
MESO,MESO,2019-10-01,04:00:05,,T1,News pending,Mesoblast Limited American Depositary Shares,Nasdaq,2019-10-03,,07:10:00,,,,,,nyse,2026-08-07T22:29:30
BCDA,BCDA,2019-10-01,09:30:24,,LUDP,LULD pause,"BioCardia, Inc. Common Stock",Nasdaq,2019-10-01,,09:35:24,,,,,,nyse,2026-08-07T22:29:30
FNWB,FNWB,2019-10-01,09:47:28,,LUDP,LULD pause,First Northwest Bancorp Common Stock,Nasdaq,2019-10-01,,09:52:28,,,,,,nyse,2026-08-07T22:29:30
PNTG,PNTG,2019-10-01,09:49:41,,LUDP,LULD pause,"The Pennant Group, Inc. Common Stock",Nasdaq,2019-10-01,,10:04:42,,,,,,nyse,2026-08-07T22:29:30
PNTG,PNTG,2019-10-01,10:11:51,,LUDP,LULD pause,"The Pennant Group, Inc. Common Stock",Nasdaq,2019-10-01,,10:16:51,,,,,,nyse,2026-08-07T22:29:30
PNTG,PNTG,2019-10-01,10:27:06,,LUDP,LULD pause,"The Pennant Group, Inc. Common Stock",Nasdaq,2019-10-01,,10:37:06,,,,,,nyse,2026-08-07T22:29:30
FVE,FVE,2019-10-01,10:31:58,,LUDP,LULD pause,Five Star Senior Living Inc. Common Stock,Nasdaq,2019-10-01,,10:36:58,,,,,,nyse,2026-08-07T22:29:30
PNTG,PNTG,2019-10-01,12:05:22,,LUDP,LULD pause,"The Pennant Group, Inc. Common Stock",Nasdaq,2019-10-01,,12:10:22,,,,,,nyse,2026-08-07T22:29:30
KZIA,KZIA,2019-10-01,15:00:40,,LUDP,LULD pause,Kazia Therapeutics Limited American Depositary Shares,Nasdaq,2019-10-01,,15:10:40,,,,,,nyse,2026-08-07T22:29:30
UBP.PRG,UBP PRG,2019-10-01,15:24:42,,T1,News pending,"Urstadt Biddle Properties Inc. 6.75% Series G Cumulative Redeemable Preferred Stock, liquidation pre",NYSE,2019-10-02,,07:05:59,,,,,,nyse,2026-08-07T22:29:30
CARV,CARV,2019-10-01,15:38:13,,LUDP,LULD pause,"Carver Bancorp, Inc.",Nasdaq,2019-10-01,,15:43:13,,,,,,nyse,2026-08-07T22:29:30
PGNX,PGNX,2019-10-02,07:02:38,,T1,News pending,Progenics Pharmaceuticals Inc,Nasdaq,2019-10-02,,07:40:00,,,,,,nyse,2026-08-07T22:29:30
SVRA,SVRA,2019-10-02,07:55:39,,T1,News pending,Savara Inc.,Nasdaq,2019-10-02,,08:30:00,,,,,,nyse,2026-08-07T22:29:30
AYI,AYI,2019-10-02,08:44:46,,T1,News pending,"Acuity Brands, Inc.",NYSE,2019-10-02,,09:05:21,,,,,,nyse,2026-08-07T22:29:30
ANDE,ANDE,2019-10-02,08:50:46,,T1,News pending,Andersons Inc/The,Nasdaq,2019-10-02,,09:15:00,,,,,,nyse,2026-08-07T22:29:30
CRNC,CRNC,2019-10-02,09:46:17,,LUDP,LULD pause,Cerence Inc. Common Stock,Nasdaq,2019-10-02,,09:51:17,,,,,,nyse,2026-08-07T22:29:30
CRNC,CRNC,2019-10-02,09:54:29,,LUDP,LULD pause,Cerence Inc. Common Stock,Nasdaq,2019-10-02,,09:59:29,,,,,,nyse,2026-08-07T22:29:30
CRNC,CRNC,2019-10-02,10:02:19,,LUDP,LULD pause,Cerence Inc. Common Stock,Nasdaq,2019-10-02,,10:07:19,,,,,,nyse,2026-08-07T22:29:30
DLBS,DLBS,2019-10-02,10:08:23,,LUDP,LULD pause,iPath US Treasury Long Bond Bear ETN,Cboe BZX,2019-10-02,,10:13:23,,,,,,nyse,2026-08-07T22:29:30
SLNG,SLNG,2019-10-02,10:12:20,,LUDP,LULD pause,"Stabilis Energy, Inc. Common Stock",Nasdaq,2019-10-02,,10:17:20,,,,,,nyse,2026-08-07T22:29:30
SES,SES,2019-10-02,10:48:20,,LUDP,LULD pause,Synthesis Energy Systems Inc.,Nasdaq,2019-10-02,,10:58:20,,,,,,nyse,2026-08-07T22:29:30
FUN,FUN,2019-10-02,11:57:44,,LUDP,LULD pause,"Cedar Fair, L.P.",NYSE,2019-10-02,,12:02:50,,,,,,nyse,2026-08-07T22:29:30
QRTEB,QRTEB,2019-10-02,12:20:25,,LUDP,LULD pause,"Qurate Retail, Inc. Series B Common Stock",Nasdaq,2019-10-02,,12:25:25,,,,,,nyse,2026-08-07T22:29:30
SLNG,SLNG,2019-10-02,12:59:10,,LUDP,LULD pause,"Stabilis Energy, Inc. Common Stock",Nasdaq,2019-10-02,,13:04:10,,,,,,nyse,2026-08-07T22:29:30
FEYE,FEYE,2019-10-02,13:55:32,,LUDP,LULD pause,"FireEye, Inc.",Nasdaq,2019-10-02,,14:05:32,,,,,,nyse,2026-08-07T22:29:30
SLNG,SLNG,2019-10-02,14:58:45,,LUDP,LULD pause,"Stabilis Energy, Inc. Common Stock",Nasdaq,2019-10-02,,15:03:45,,,,,,nyse,2026-08-07T22:29:30
TREC,TREC,2019-10-02,15:27:40,,T1,News pending,Trecora Resources,NYSE,2019-10-02,,16:00:05,,,,,,nyse,2026-08-07T22:29:30
AABA,AABA,2019-10-02,16:10:06,,T1,News pending,Altaba Inc. Common Stock,Nasdaq,,,,,,,,,nyse,2026-08-07T22:29:30
PNTR,PNTR,2019-10-03,03:06:59,,T1,News pending,Pointer Telocation Ltd.,Nasdaq,,,,,,,,,nyse,2026-08-07T22:29:30
GDV.RTWI,GDV RTWI,2019-10-03,03:50:39,,T1,News pending,"The Gabelli Dividend & Income Trust Rights (expiring November 15, 2019)",NYSE,2019-10-03,,09:33:21,,,,,,nyse,2026-08-07T22:29:30
PWFL,PWFL,2019-10-03,04:00:03,,T1,News pending,"PowerFleet, Inc. Common Stock",Nasdaq,2019-10-03,,09:50:00,,,,,,nyse,2026-08-07T22:29:30
BID,BID,2019-10-03,08:23:11,,UNKNOWN,News dissemination,Sotheby's,NYSE,,,,,,,,,nyse,2026-08-07T22:29:30
PDSB,PDSB,2019-10-03,09:43:06,,LUDP,LULD pause,PDS Biotechnology Corporation Common Stock,Nasdaq,2019-10-03,,09:53:06,,,,,,nyse,2026-08-07T22:29:30
QRTEB,QRTEB,2019-10-03,09:45:15,,LUDP,LULD pause,"Qurate Retail, Inc. Series B Common Stock",Nasdaq,2019-10-03,,09:50:15,,,,,,nyse,2026-08-07T22:29:30
CBIO,CBIO,2019-10-03,09:49:43,,LUDP,LULD pause,"Catalyst Biosciences, Inc.",Nasdaq,2019-10-03,,09:54:43,,,,,,nyse,2026-08-07T22:29:30
PDSB,PDSB,2019-10-03,09:55:46,,LUDP,LULD pause,PDS Biotechnology Corporation Common Stock,Nasdaq,2019-10-03,,10:00:46,,,,,,nyse,2026-08-07T22:29:30
TIBRU,TIBRU,2019-10-03,10:55:25,,LUDP,LULD pause,Tiberius Acquisition Corporation Units,Nasdaq,2019-10-03,,11:05:25,,,,,,nyse,2026-08-07T22:29:30
ENLV,ENLV,2019-10-03,10:59:46,,LUDP,LULD pause,Enlivex Therapeutics Ltd. Ordinary Shares,Nasdaq,2019-10-03,,11:04:46,,,,,,nyse,2026-08-07T22:29:30
TIBRU,TIBRU,2019-10-03,11:07:31,,LUDP,LULD pause,Tiberius Acquisition Corporation Units,Nasdaq,2019-10-03,,11:12:31,,,,,,nyse,2026-08-07T22:29:30
CLDB,CLDB,2019-10-03,11:20:47,,LUDP,LULD pause,CORTLAND BNCP CRTLD OHIO,Nasdaq,2019-10-03,,11:25:47,,,,,,nyse,2026-08-07T22:29:30
SES,SES,2019-10-03,14:33:00,,LUDP,LULD pause,Synthesis Energy Systems Inc.,Nasdaq,2019-10-03,,14:38:00,,,,,,nyse,2026-08-07T22:29:30
ABUS,ABUS,2019-10-03,16:00:12,,T1,News pending,Arbutus Biopharma Corporation Common Stock,Nasdaq,2019-10-03,,16:35:00,,,,,,nyse,2026-08-07T22:29:30
APVO,APVO,2019-10-03,16:00:12,,T1,News pending,Aptevo Therapeutics Inc,Nasdaq,2019-10-03,,16:30:00,,,,,,nyse,2026-08-07T22:29:30
OPHC,OPHC,2019-10-04,09:46:16,,LUDP,LULD pause,"OptimumBank Holdings, Inc.",Nasdaq,2019-10-04,,09:51:16,,,,,,nyse,2026-08-07T22:29:30
DBVT,DBVT,2019-10-04,11:40:06,,T1,News pending,DBV Technologies S.A.,Nasdaq,2019-10-04,,12:15:00,,,,,,nyse,2026-08-07T22:29:30
XENT,XENT,2019-10-07,06:55:18,,T1,News pending,"Intersect ENT, Inc",Nasdaq,2019-10-07,,07:30:00,,,,,,nyse,2026-08-07T22:29:30
PPSI,PPSI,2019-10-07,08:00:12,,T1,News pending,"Pioneer Power Solutions, Inc.",Nasdaq,2019-10-07,,08:30:00,,,,,,nyse,2026-08-07T22:29:30
VSM,VSM,2019-10-07,08:26:14,,UNKNOWN,News dissemination,"Versum Materials, Inc.",NYSE,,,,,,,,,nyse,2026-08-07T22:29:30
DZSI,DZSI,2019-10-07,16:25:03,,T1,News pending,"DASAN Zhone Solutions, Inc",Nasdaq,2019-10-07,,17:00:00,,,,,,nyse,2026-08-07T22:29:30
CBLK,CBLK,2019-10-08,09:04:29,,T1,News pending,"Carbon Black, Inc. Common Stock",Nasdaq,,,,,,,,,nyse,2026-08-07T22:29:30
NACP,NACP,2019-10-08,09:45:15,,LUDP,LULD pause,Impact Shares NAACP Minority Empowerment ETF,NYSE Arca,2019-10-08,,09:50:15,,,,,,nyse,2026-08-07T22:29:30
TBLTU,TBLTU,2019-10-08,09:49:58,,LUDP,LULD pause,"ToughBuilt Industries, Inc. Class A Units",Nasdaq,2019-10-08,,09:59:58,,,,,,nyse,2026-08-07T22:29:30
HOVNP,HOVNP,2019-10-08,10:15:16,,LUDP,LULD pause,Hovnanian Enterprises Inc. Dep Shr Srs A Pfd,Nasdaq,2019-10-08,,10:20:16,,,,,,nyse,2026-08-07T22:29:30
FTNW,FTNW,2019-10-08,10:59:05,,T1,News pending,"FTE Networks, Inc.",NYSE American,2019-10-11,,15:25:00,,,,,,nyse,2026-08-07T22:29:30
ROX,ROX,2019-10-09,08:40:36,,UNKNOWN,News dissemination,"Castle Brands, Inc.",NYSE American,,,,,,,,,nyse,2026-08-07T22:29:30
LTRPB,LTRPB,2019-10-09,09:55:31,,LUDP,LULD pause,"Liberty TripAdvisor Holdings, Inc. Series B",Nasdaq,2019-10-09,,10:00:31,,,,,,nyse,2026-08-07T22:29:30
LTRPB,LTRPB,2019-10-09,10:04:59,,LUDP,LULD pause,"Liberty TripAdvisor Holdings, Inc. Series B",Nasdaq,2019-10-09,,10:09:59,,,,,,nyse,2026-08-07T22:29:30
COE,COE,2019-10-09,10:11:22,,LUDP,LULD pause,"China Online Education Group American depositary shares, each representing 15 Class A ordinary share",NYSE,2019-10-09,,10:16:22,,,,,,nyse,2026-08-07T22:29:30
BCDA,BCDA,2019-10-09,10:44:37,,LUDP,LULD pause,"BioCardia, Inc. Common Stock",Nasdaq,2019-10-09,,10:54:37,,,,,,nyse,2026-08-07T22:29:30
VERY,VERY,2019-10-09,11:24:57,,LUDP,LULD pause,"Vericity, Inc. Common Stock",Nasdaq,2019-10-09,,11:29:57,,,,,,nyse,2026-08-07T22:29:30
TSRI,TSRI,2019-10-09,12:06:41,,LUDP,LULD pause,TSR Inc. New,Nasdaq,2019-10-09,,12:16:41,,,,,,nyse,2026-08-07T22:29:30
PLXP,PLXP,2019-10-09,12:38:42,,LUDP,LULD pause,PLx Pharma Inc. Common Stock,Nasdaq,2019-10-09,,12:43:42,,,,,,nyse,2026-08-07T22:29:30
TOUR,TOUR,2019-10-09,12:47:55,,LUDP,LULD pause,Tuniu Corporation,Nasdaq,2019-10-09,,12:57:55,,,,,,nyse,2026-08-07T22:29:30
PNRL,PNRL,2019-10-09,13:48:39,,LUDP,LULD pause,Paringa Resources Limited American Depositary Shares,Nasdaq,2019-10-09,,13:53:39,,,,,,nyse,2026-08-07T22:29:30
IEA,IEA,2019-10-09,16:13:10,,T1,News pending,"Infrastructure and Energy Alternatives, Inc. Common Stock",Nasdaq,2019-10-09,,16:50:00,,,,,,nyse,2026-08-07T22:29:30
IEAWW,IEAWW,2019-10-09,16:13:10,,T1,News pending,"Infrastructure and Energy Alternatives, Inc. Warrant",Nasdaq,2019-10-09,,17:01:46,,,,,,nyse,2026-08-07T22:29:30
MITO,MITO,2019-10-10,07:27:02,,T1,News pending,Stealth BioTherapeutics Corp. ADS,Nasdaq,2019-10-10,,08:00:00,,,,,,nyse,2026-08-07T22:29:30
ONCS,ONCS,2019-10-10,08:25:02,,T1,News pending,OncoSec Medical Incorporated,Nasdaq,2019-10-10,,09:00:00,,,,,,nyse,2026-08-07T22:29:30
MITO,MITO,2019-10-10,09:35:39,,LUDP,LULD pause,Stealth BioTherapeutics Corp. ADS,Nasdaq,2019-10-10,,09:40:39,,,,,,nyse,2026-08-07T22:29:30
EQ,EQ,2019-10-10,09:52:10,,LUDP,LULD pause,"Equillium, Inc. Common Stock",Nasdaq,2019-10-10,,09:57:10,,,,,,nyse,2026-08-07T22:29:30
ARDS,ARDS,2019-10-10,10:35:49,,LUDP,LULD pause,Aridis Pharmaceuticals Inc. Common Stock,Nasdaq,2019-10-10,,10:45:49,,,,,,nyse,2026-08-07T22:29:30
SMIT,SMIT,2019-10-10,12:26:11,,T1,News pending,Schmitt Industries Inc,Nasdaq,2019-10-10,,13:00:00,,,,,,nyse,2026-08-07T22:29:30
DLBS,DLBS,2019-10-10,12:45:40,,LUDP,LULD pause,iPath US Treasury Long Bond Bear ETN,Cboe BZX,2019-10-10,,12:50:40,,,,,,nyse,2026-08-07T22:29:30
EYEG,EYEG,2019-10-10,14:43:34,,LUDP,LULD pause,"Eyegate Pharmaceuticals, Inc. Common Stock",Nasdaq,2019-10-10,,14:53:34,,,,,,nyse,2026-08-07T22:29:30
FPRX,FPRX,2019-10-10,16:00:14,,T1,News pending,"Five Prime Therapeutics, Inc.",Nasdaq,2019-10-10,,16:30:00,,,,,,nyse,2026-08-07T22:29:30
ACRS,ACRS,2019-10-10,16:00:28,,T1,News pending,"Aclaris Therapeutics, Inc.",Nasdaq,2019-10-10,,16:30:00,,,,,,nyse,2026-08-07T22:29:30
BURG,BURG,2019-10-10,16:00:30,,T1,News pending,"Chanticleer Holdings, Inc.",Nasdaq,2019-10-10,,16:35:00,,,,,,nyse,2026-08-07T22:29:30
XONE,XONE,2019-10-10,16:10:02,,T1,News pending,The ExOne Company,Nasdaq,2019-10-10,,16:45:00,,,,,,nyse,2026-08-07T22:29:30
DRYS,DRYS,2019-10-11,02:26:35,,T1,News pending,DryShips Inc. Common Stock,Nasdaq,,,,,,,,,nyse,2026-08-07T22:29:30
TYPE,TYPE,2019-10-11,02:26:35,,T1,News pending,Monotype Imaging Holdings Inc.,Nasdaq,,,,,,,,,nyse,2026-08-07T22:29:30
NCI,NCI,2019-10-11,08:22:56,,UNKNOWN,News dissemination,"Navigant Consulting, Inc.",NYSE,,,,,,,,,nyse,2026-08-07T22:29:30
ARDS,ARDS,2019-10-11,10:31:12,,LUDP,LULD pause,Aridis Pharmaceuticals Inc. Common Stock,Nasdaq,2019-10-11,,10:41:12,,,,,,nyse,2026-08-07T22:29:30
AEYE,AEYE,2019-10-11,10:36:35,,LUDP,LULD pause,"AudioEye, Inc. Common Stock",Nasdaq,2019-10-11,,10:41:35,,,,,,nyse,2026-08-07T22:29:30
LTRPB,LTRPB,2019-10-11,11:15:45,,LUDP,LULD pause,"Liberty TripAdvisor Holdings, Inc. Series B",Nasdaq,2019-10-11,,11:20:45,,,,,,nyse,2026-08-07T22:29:30
TRVI,TRVI,2019-10-11,13:11:54,,LUDP,LULD pause,"Trevi Therapeutics, Inc. Common Stock",Nasdaq,2019-10-11,,13:16:54,,,,,,nyse,2026-08-07T22:29:30
ACP.RTWI,ACP RTWI,2019-10-14,03:50:31,,T1,News pending,"Aberdeen Income Credit Strategies Fund Rights (expiring November 13, 2019)",NYSE,2019-10-14,,09:34:36,,,,,,nyse,2026-08-07T22:29:30
COHN,COHN,2019-10-14,09:45:37,,LUDP,LULD pause,Cohen & Company Inc,NYSE American,2019-10-14,,09:50:37,,,,,,nyse,2026-08-07T22:29:30
SES,SES,2019-10-14,10:14:53,,LUDP,LULD pause,Synthesis Energy Systems Inc.,Nasdaq,2019-10-14,,10:19:53,,,,,,nyse,2026-08-07T22:29:30
SES,SES,2019-10-14,10:21:10,,LUDP,LULD pause,Synthesis Energy Systems Inc.,Nasdaq,2019-10-14,,10:26:10,,,,,,nyse,2026-08-07T22:29:30
SES,SES,2019-10-14,10:41:41,,LUDP,LULD pause,Synthesis Energy Systems Inc.,Nasdaq,2019-10-14,,10:46:41,,,,,,nyse,2026-08-07T22:29:30
IMV,IMV,2019-10-14,10:52:22,,LUDP,LULD pause,IMV Inc. Common Shares,Nasdaq,2019-10-14,,10:57:22,,,,,,nyse,2026-08-07T22:29:30
SES,SES,2019-10-14,11:08:21,,LUDP,LULD pause,Synthesis Energy Systems Inc.,Nasdaq,2019-10-14,,11:13:21,,,,,,nyse,2026-08-07T22:29:30
SES,SES,2019-10-14,11:23:12,,LUDP,LULD pause,Synthesis Energy Systems Inc.,Nasdaq,2019-10-14,,11:28:12,,,,,,nyse,2026-08-07T22:29:30
BIMI,BIMI,2019-10-14,11:23:55,,LUDP,LULD pause,NF Energy Saving Corporation Common Stock,Nasdaq,2019-10-14,,11:28:55,,,,,,nyse,2026-08-07T22:29:30
HGV,HGV,2019-10-14,12:06:48,,LUDP,LULD pause,Hilton Grand Vacations Inc. Common Stock,NYSE,2019-10-14,,12:12:03,,,,,,nyse,2026-08-07T22:29:30
CTST,CTST,2019-10-14,12:30:54,,T1,News pending,CannTrust Holdings Inc. Common Share,NYSE,2019-10-14,,12:57:03,,,,,,nyse,2026-08-07T22:29:30
SES,SES,2019-10-14,14:59:30,,LUDP,LULD pause,Synthesis Energy Systems Inc.,Nasdaq,2019-10-14,,15:09:30,,,,,,nyse,2026-08-07T22:29:30
RETA,RETA,2019-10-14,16:00:13,,T1,News pending,"Reata Pharmaceuticals, Inc. Class A Common Stock",Nasdaq,2019-10-14,,16:30:00,,,,,,nyse,2026-08-07T22:29:30
RPAY,RPAY,2019-10-14,16:00:13,,T1,News pending,Repay Holdings Corporation Class A Common Stock,Nasdaq,2019-10-14,,16:35:00,,,,,,nyse,2026-08-07T22:29:30
PNRL,PNRL,2019-10-15,03:14:47,,T1,News pending,Paringa Resources Limited American Depositary Shares,Nasdaq,2019-10-21,,07:12:59,,,,,,nyse,2026-08-07T22:29:30
RLMD,RLMD,2019-10-15,07:55:01,,T1,News pending,"Relmada Therapeutics, Inc. Common Stock",Nasdaq,2019-10-15,,08:30:00,,,,,,nyse,2026-08-07T22:29:30
NTN,NTN,2019-10-15,09:45:15,,LUDP,LULD pause,"NTN Buzztime, Inc",NYSE American,2019-10-15,,09:50:15,,,,,,nyse,2026-08-07T22:29:30
AEMD,AEMD,2019-10-15,09:48:01,,LUDP,LULD pause,AETHLON MEDICAL INC,Nasdaq,2019-10-15,,09:53:01,,,,,,nyse,2026-08-07T22:29:30
RLMD,RLMD,2019-10-15,09:52:46,,LUDP,LULD pause,"Relmada Therapeutics, Inc. Common Stock",Nasdaq,2019-10-15,,09:57:46,,,,,,nyse,2026-08-07T22:29:30
FTNW,FTNW,2019-10-15,09:55:56,,LUDP,LULD pause,"FTE Networks, Inc.",NYSE American,2019-10-15,,10:00:56,,,,,,nyse,2026-08-07T22:29:30
BIMI,BIMI,2019-10-15,09:57:44,,LUDP,LULD pause,NF Energy Saving Corporation Common Stock,Nasdaq,2019-10-15,,10:02:44,,,,,,nyse,2026-08-07T22:29:30
FTNW,FTNW,2019-10-15,10:04:20,,LUDP,LULD pause,"FTE Networks, Inc.",NYSE American,2019-10-15,,10:09:20,,,,,,nyse,2026-08-07T22:29:30
DTSS,DTSS,2019-10-15,10:07:30,,LUDP,LULD pause,Datasea Inc. Common Stock,Nasdaq,2019-10-15,,10:12:30,,,,,,nyse,2026-08-07T22:29:30
BIMI,BIMI,2019-10-15,10:07:46,,LUDP,LULD pause,NF Energy Saving Corporation Common Stock,Nasdaq,2019-10-15,,10:17:46,,,,,,nyse,2026-08-07T22:29:30
TWMC,TWMC,2019-10-15,10:09:41,,LUDP,LULD pause,Trans World Entertainment,Nasdaq,2019-10-15,,10:14:41,,,,,,nyse,2026-08-07T22:29:30
RLMD,RLMD,2019-10-15,10:11:45,,LUDP,LULD pause,"Relmada Therapeutics, Inc. Common Stock",Nasdaq,2019-10-15,,10:21:45,,,,,,nyse,2026-08-07T22:29:30
TWMC,TWMC,2019-10-15,10:15:54,,LUDP,LULD pause,Trans World Entertainment,Nasdaq,2019-10-15,,10:20:54,,,,,,nyse,2026-08-07T22:29:30
DTSS,DTSS,2019-10-15,10:16:55,,LUDP,LULD pause,Datasea Inc. Common Stock,Nasdaq,2019-10-15,,10:21:55,,,,,,nyse,2026-08-07T22:29:30
DTSS,DTSS,2019-10-15,10:23:40,,LUDP,LULD pause,Datasea Inc. Common Stock,Nasdaq,2019-10-15,,10:28:40,,,,,,nyse,2026-08-07T22:29:30
OXBR,OXBR,2019-10-15,10:24:42,,LUDP,LULD pause,Oxbridge Re Holdings Limited,Nasdaq,2019-10-15,,10:29:42,,,,,,nyse,2026-08-07T22:29:30
BIMI,BIMI,2019-10-15,10:26:28,,LUDP,LULD pause,NF Energy Saving Corporation Common Stock,Nasdaq,2019-10-15,,10:31:28,,,,,,nyse,2026-08-07T22:29:30
RETO,RETO,2019-10-15,10:34:51,,LUDP,LULD pause,"ReTo Eco-Solutions, Inc. Common Shares",Nasdaq,2019-10-15,,10:44:51,,,,,,nyse,2026-08-07T22:29:30
DTSS,DTSS,2019-10-15,10:36:52,,LUDP,LULD pause,Datasea Inc. Common Stock,Nasdaq,2019-10-15,,10:41:52,,,,,,nyse,2026-08-07T22:29:30
DTSS,DTSS,2019-10-15,10:46:24,,LUDP,LULD pause,Datasea Inc. Common Stock,Nasdaq,2019-10-15,,10:51:24,,,,,,nyse,2026-08-07T22:29:30
NSEC,NSEC,2019-10-15,10:59:34,,LUDP,LULD pause,National Security Group Inc,Nasdaq,2019-10-15,,11:04:34,,,,,,nyse,2026-08-07T22:29:30
GRNQ,GRNQ,2019-10-15,11:37:06,,LUDP,LULD pause,Greenpro Capital Corp. Common Stock,Nasdaq,2019-10-15,,11:42:06,,,,,,nyse,2026-08-07T22:29:30
IGLD,IGLD,2019-10-15,12:05:25,,LUDP,LULD pause,Internet Gold-Golden Lines Ltd,Nasdaq,2019-10-15,,12:10:25,,,,,,nyse,2026-08-07T22:29:30
IGLD,IGLD,2019-10-15,12:24:41,,LUDP,LULD pause,Internet Gold-Golden Lines Ltd,Nasdaq,2019-10-15,,12:29:41,,,,,,nyse,2026-08-07T22:29:30
GRNQ,GRNQ,2019-10-15,14:57:47,,LUDP,LULD pause,Greenpro Capital Corp. Common Stock,Nasdaq,2019-10-15,,15:02:47,,,,,,nyse,2026-08-07T22:29:30
WWR,WWR,2019-10-15,15:01:01,,LUDP,LULD pause,"Westwater Resources, Inc. Common Stock",Nasdaq,2019-10-15,,15:06:01,,,,,,nyse,2026-08-07T22:29:30
DTSS,DTSS,2019-10-15,15:05:58,,LUDP,LULD pause,Datasea Inc. Common Stock,Nasdaq,2019-10-15,,15:15:58,,,,,,nyse,2026-08-07T22:29:30
LLIT,LLIT,2019-10-15,15:06:21,,LUDP,LULD pause,Lianluo Smart Limited Common Stock,Nasdaq,2019-10-15,,15:11:21,,,,,,nyse,2026-08-07T22:29:30
GRNQ,GRNQ,2019-10-15,15:27:26,,LUDP,LULD pause,Greenpro Capital Corp. Common Stock,Nasdaq,2019-10-15,,15:37:27,,,,,,nyse,2026-08-07T22:29:30
FDUSG,FDUSG,2019-10-16,04:00:00,,T1,News pending,Fidus Investment Corporation 5.375% Notes Due 2024,Nasdaq,2019-10-17,,08:16:08,,,,,,nyse,2026-08-07T22:29:30
HOTH,HOTH,2019-10-16,09:36:38,,LUDP,LULD pause,"Hoth Therapeutics, Inc. Common Stock",Nasdaq,2019-10-16,,09:41:38,,,,,,nyse,2026-08-07T22:29:30
AEMD,AEMD,2019-10-16,09:46:05,,LUDP,LULD pause,AETHLON MEDICAL INC,Nasdaq,2019-10-16,,09:51:05,,,,,,nyse,2026-08-07T22:29:30
VIVE,VIVE,2019-10-16,09:52:17,,LUDP,LULD pause,VIVEVE MED INC,Nasdaq,2019-10-16,,09:57:17,,,,,,nyse,2026-08-07T22:29:30
AEMD,AEMD,2019-10-16,09:53:07,,LUDP,LULD pause,AETHLON MEDICAL INC,Nasdaq,2019-10-16,,09:58:07,,,,,,nyse,2026-08-07T22:29:30
DTSS,DTSS,2019-10-16,09:57:04,,LUDP,LULD pause,Datasea Inc. Common Stock,Nasdaq,2019-10-16,,10:02:04,,,,,,nyse,2026-08-07T22:29:30
AEMD,AEMD,2019-10-16,09:58:41,,LUDP,LULD pause,AETHLON MEDICAL INC,Nasdaq,2019-10-16,,10:03:41,,,,,,nyse,2026-08-07T22:29:30
BNGO,BNGO,2019-10-16,09:58:57,,LUDP,LULD pause,"Bionano Genomics, Inc. Common Stock",Nasdaq,2019-10-16,,10:03:57,,,,,,nyse,2026-08-07T22:29:30
DTSS,DTSS,2019-10-16,10:02:35,,LUDP,LULD pause,Datasea Inc. Common Stock,Nasdaq,2019-10-16,,10:07:35,,,,,,nyse,2026-08-07T22:29:30
BNGO,BNGO,2019-10-16,10:05:22,,LUDP,LULD pause,"Bionano Genomics, Inc. Common Stock",Nasdaq,2019-10-16,,10:10:22,,,,,,nyse,2026-08-07T22:29:30
AEMD,AEMD,2019-10-16,10:08:55,,LUDP,LULD pause,AETHLON MEDICAL INC,Nasdaq,2019-10-16,,10:13:55,,,,,,nyse,2026-08-07T22:29:30
DTSS,DTSS,2019-10-16,10:10:33,,LUDP,LULD pause,Datasea Inc. Common Stock,Nasdaq,2019-10-16,,10:15:33,,,,,,nyse,2026-08-07T22:29:30
BNGO,BNGO,2019-10-16,10:11:00,,LUDP,LULD pause,"Bionano Genomics, Inc. Common Stock",Nasdaq,2019-10-16,,10:16:00,,,,,,nyse,2026-08-07T22:29:30
DTSS,DTSS,2019-10-16,10:16:15,,LUDP,LULD pause,Datasea Inc. Common Stock,Nasdaq,2019-10-16,,10:26:15,,,,,,nyse,2026-08-07T22:29:30
IGLD,IGLD,2019-10-16,10:19:07,,LUDP,LULD pause,Internet Gold-Golden Lines Ltd,Nasdaq,2019-10-16,,10:24:07,,,,,,nyse,2026-08-07T22:29:30
VIVE,VIVE,2019-10-16,10:22:34,,LUDP,LULD pause,VIVEVE MED INC,Nasdaq,2019-10-16,,10:27:34,,,,,,nyse,2026-08-07T22:29:30
BNGO,BNGO,2019-10-16,10:26:59,,LUDP,LULD pause,"Bionano Genomics, Inc. Common Stock",Nasdaq,2019-10-16,,10:31:59,,,,,,nyse,2026-08-07T22:29:30
DTSS,DTSS,2019-10-16,10:29:27,,LUDP,LULD pause,Datasea Inc. Common Stock,Nasdaq,2019-10-16,,10:34:27,,,,,,nyse,2026-08-07T22:29:30
BNGO,BNGO,2019-10-16,10:32:31,,LUDP,LULD pause,"Bionano Genomics, Inc. Common Stock",Nasdaq,2019-10-16,,10:37:31,,,,,,nyse,2026-08-07T22:29:30
DTSS,DTSS,2019-10-16,10:37:36,,LUDP,LULD pause,Datasea Inc. Common Stock,Nasdaq,2019-10-16,,10:42:36,,,,,,nyse,2026-08-07T22:29:30
BNGO,BNGO,2019-10-16,10:37:57,,LUDP,LULD pause,"Bionano Genomics, Inc. Common Stock",Nasdaq,2019-10-16,,10:42:57,,,,,,nyse,2026-08-07T22:29:30
VIVE,VIVE,2019-10-16,10:39:25,,LUDP,LULD pause,VIVEVE MED INC,Nasdaq,2019-10-16,,10:44:25,,,,,,nyse,2026-08-07T22:29:30
BNGO,BNGO,2019-10-16,10:44:12,,LUDP,LULD pause,"Bionano Genomics, Inc. Common Stock",Nasdaq,2019-10-16,,10:49:12,,,,,,nyse,2026-08-07T22:29:30
BNGO,BNGO,2019-10-16,10:50:15,,LUDP,LULD pause,"Bionano Genomics, Inc. Common Stock",Nasdaq,2019-10-16,,11:00:15,,,,,,nyse,2026-08-07T22:29:30
BNGO,BNGO,2019-10-16,11:03:51,,LUDP,LULD pause,"Bionano Genomics, Inc. Common Stock",Nasdaq,2019-10-16,,11:08:51,,,,,,nyse,2026-08-07T22:29:30
VIVE,VIVE,2019-10-16,11:08:09,,LUDP,LULD pause,VIVEVE MED INC,Nasdaq,2019-10-16,,11:13:09,,,,,,nyse,2026-08-07T22:29:30
BNGO,BNGO,2019-10-16,11:11:56,,LUDP,LULD pause,"Bionano Genomics, Inc. Common Stock",Nasdaq,2019-10-16,,11:16:56,,,,,,nyse,2026-08-07T22:29:30
BNGO,BNGO,2019-10-16,11:23:03,,LUDP,LULD pause,"Bionano Genomics, Inc. Common Stock",Nasdaq,2019-10-16,,11:33:03,,,,,,nyse,2026-08-07T22:29:30
BNGO,BNGO,2019-10-16,11:34:03,,LUDP,LULD pause,"Bionano Genomics, Inc. Common Stock",Nasdaq,2019-10-16,,11:39:03,,,,,,nyse,2026-08-07T22:29:30
VIVE,VIVE,2019-10-16,11:35:31,,LUDP,LULD pause,VIVEVE MED INC,Nasdaq,2019-10-16,,11:40:31,,,,,,nyse,2026-08-07T22:29:30
BNGO,BNGO,2019-10-16,11:42:41,,LUDP,LULD pause,"Bionano Genomics, Inc. Common Stock",Nasdaq,2019-10-16,,11:52:41,,,,,,nyse,2026-08-07T22:29:30
BNGO,BNGO,2019-10-16,12:03:50,,LUDP,LULD pause,"Bionano Genomics, Inc. Common Stock",Nasdaq,2019-10-16,,12:08:50,,,,,,nyse,2026-08-07T22:29:30
BNGO,BNGO,2019-10-16,12:31:10,,LUDP,LULD pause,"Bionano Genomics, Inc. Common Stock",Nasdaq,2019-10-16,,12:36:10,,,,,,nyse,2026-08-07T22:29:30
BNGO,BNGO,2019-10-16,12:36:38,,LUDP,LULD pause,"Bionano Genomics, Inc. Common Stock",Nasdaq,2019-10-16,,12:41:38,,,,,,nyse,2026-08-07T22:29:30
BNGO,BNGO,2019-10-16,12:42:35,,LUDP,LULD pause,"Bionano Genomics, Inc. Common Stock",Nasdaq,2019-10-16,,12:47:35,,,,,,nyse,2026-08-07T22:29:30
BNGO,BNGO,2019-10-16,12:47:59,,LUDP,LULD pause,"Bionano Genomics, Inc. Common Stock",Nasdaq,2019-10-16,,12:52:59,,,,,,nyse,2026-08-07T22:29:30
BNGO,BNGO,2019-10-16,12:53:56,,LUDP,LULD pause,"Bionano Genomics, Inc. Common Stock",Nasdaq,2019-10-16,,12:58:56,,,,,,nyse,2026-08-07T22:29:30
BNGO,BNGO,2019-10-16,12:59:23,,LUDP,LULD pause,"Bionano Genomics, Inc. Common Stock",Nasdaq,2019-10-16,,13:04:23,,,,,,nyse,2026-08-07T22:29:30
BNGO,BNGO,2019-10-16,13:04:45,,LUDP,LULD pause,"Bionano Genomics, Inc. Common Stock",Nasdaq,2019-10-16,,13:09:45,,,,,,nyse,2026-08-07T22:29:30
BNGO,BNGO,2019-10-16,13:10:15,,LUDP,LULD pause,"Bionano Genomics, Inc. Common Stock",Nasdaq,2019-10-16,,13:20:37,,,,,,nyse,2026-08-07T22:29:30
BNGO,BNGO,2019-10-16,13:20:52,,LUDP,LULD pause,"Bionano Genomics, Inc. Common Stock",Nasdaq,2019-10-16,,13:30:53,,,,,,nyse,2026-08-07T22:29:30
BNGO,BNGO,2019-10-16,13:31:17,,LUDP,LULD pause,"Bionano Genomics, Inc. Common Stock",Nasdaq,2019-10-16,,13:36:17,,,,,,nyse,2026-08-07T22:29:30
BNGO,BNGO,2019-10-16,13:37:10,,LUDP,LULD pause,"Bionano Genomics, Inc. Common Stock",Nasdaq,2019-10-16,,13:42:10,,,,,,nyse,2026-08-07T22:29:30
BNGO,BNGO,2019-10-16,13:47:49,,LUDP,LULD pause,"Bionano Genomics, Inc. Common Stock",Nasdaq,2019-10-16,,13:52:49,,,,,,nyse,2026-08-07T22:29:30
BNGO,BNGO,2019-10-16,13:55:58,,LUDP,LULD pause,"Bionano Genomics, Inc. Common Stock",Nasdaq,2019-10-16,,14:05:58,,,,,,nyse,2026-08-07T22:29:30
BNGO,BNGO,2019-10-16,14:15:35,,LUDP,LULD pause,"Bionano Genomics, Inc. Common Stock",Nasdaq,2019-10-16,,14:25:35,,,,,,nyse,2026-08-07T22:29:30
BNGO,BNGO,2019-10-16,14:34:47,,LUDP,LULD pause,"Bionano Genomics, Inc. Common Stock",Nasdaq,2019-10-16,,14:39:47,,,,,,nyse,2026-08-07T22:29:30
BNGO,BNGO,2019-10-16,14:48:12,,LUDP,LULD pause,"Bionano Genomics, Inc. Common Stock",Nasdaq,2019-10-16,,14:53:12,,,,,,nyse,2026-08-07T22:29:30
BNGO,BNGO,2019-10-16,14:55:27,,LUDP,LULD pause,"Bionano Genomics, Inc. Common Stock",Nasdaq,2019-10-16,,15:05:27,,,,,,nyse,2026-08-07T22:29:30
VIVE,VIVE,2019-10-16,15:00:33,,LUDP,LULD pause,VIVEVE MED INC,Nasdaq,2019-10-16,,15:05:33,,,,,,nyse,2026-08-07T22:29:30
BNGO,BNGO,2019-10-16,15:07:30,,LUDP,LULD pause,"Bionano Genomics, Inc. Common Stock",Nasdaq,2019-10-16,,15:17:30,,,,,,nyse,2026-08-07T22:29:30
BNGO,BNGO,2019-10-16,15:22:05,,LUDP,LULD pause,"Bionano Genomics, Inc. Common Stock",Nasdaq,2019-10-16,,15:27:05,,,,,,nyse,2026-08-07T22:29:30
BNGO,BNGO,2019-10-16,15:28:50,,LUDP,LULD pause,"Bionano Genomics, Inc. Common Stock",Nasdaq,2019-10-16,,15:38:50,,,,,,nyse,2026-08-07T22:29:30
BNGO,BNGO,2019-10-16,15:40:40,,LUDP,LULD pause,"Bionano Genomics, Inc. Common Stock",Nasdaq,2019-10-16,,15:45:40,,,,,,nyse,2026-08-07T22:29:30
NM.PRH,NM PRH,2019-10-17,10:05:25,,LUDP,LULD pause,NAVIOS MARITIME HOLDNGS INC. 8.625% SER H,NYSE,2019-10-17,,10:10:25,,,,,,nyse,2026-08-07T22:29:30
CARV,CARV,2019-10-17,12:25:10,,LUDP,LULD pause,"Carver Bancorp, Inc.",Nasdaq,2019-10-17,,12:30:10,,,,,,nyse,2026-08-07T22:29:30
CARV,CARV,2019-10-17,12:35:02,,LUDP,LULD pause,"Carver Bancorp, Inc.",Nasdaq,2019-10-17,,12:40:02,,,,,,nyse,2026-08-07T22:29:30
IPHS,IPHS,2019-10-17,14:57:58,,LUDP,LULD pause,"Innophos Holdings, Inc.",Nasdaq,2019-10-17,,15:02:58,,,,,,nyse,2026-08-07T22:29:30
CVTI,CVTI,2019-10-17,16:03:34,,T1,News pending,"Covenant Transportation Group, Inc.",Nasdaq,2019-10-17,,16:35:00,,,,,,nyse,2026-08-07T22:29:30
ISCA,ISCA,2019-10-18,03:13:22,,T1,News pending,International Speedway Corp,Nasdaq,,,,,,,,,nyse,2026-08-07T22:29:30
NYMTM,NYMTM,2019-10-18,04:00:00,,T1,News pending,"New York Mortgage Trust, Inc. 7.875% Series E Fixed-to-Floating Rate Cumulative Redeemable Preferred",Nasdaq,2019-10-18,,12:35:00,,,,,,nyse,2026-08-07T22:29:30
MNLO,MNLO,2019-10-18,09:30:16,,LUDP,LULD pause,Menlo Therapeutics Inc. Common Stock,Nasdaq,2019-10-18,,09:35:16,,,,,,nyse,2026-08-07T22:29:30
BIMI,BIMI,2019-10-18,09:45:42,,LUDP,LULD pause,NF Energy Saving Corporation Common Stock,Nasdaq,2019-10-18,,09:50:42,,,,,,nyse,2026-08-07T22:29:30
VIVE,VIVE,2019-10-18,13:38:37,,LUDP,LULD pause,VIVEVE MED INC,Nasdaq,2019-10-18,,13:43:37,,,,,,nyse,2026-08-07T22:29:30
AFH,AFH,2019-10-18,14:14:12,,LUDP,LULD pause,"Atlas Financial Holdings, Inc. Ordinary Shares",Nasdaq,2019-10-18,,14:19:12,,,,,,nyse,2026-08-07T22:29:30
FOMX,FOMX,2019-10-18,14:46:02,,T1,News pending,Foamix Pharmaceuticals Ltd. Ordinary Shares,Nasdaq,2019-10-18,,16:40:00,,,,,,nyse,2026-08-07T22:29:30
MFGP,MFGP,2019-10-18,14:53:39,,LUDP,LULD pause,"Micro Focus International plc. American Depositary Shares, each representing One Ordinary Share",NYSE,2019-10-18,,14:59:58,,,,,,nyse,2026-08-07T22:29:30
TLGT,TLGT,2019-10-18,15:02:42,,LUDP,LULD pause,"Teligent, Inc",Nasdaq,2019-10-18,,15:07:42,,,,,,nyse,2026-08-07T22:29:30
MFGP,MFGP,2019-10-18,15:42:23,,T1,News pending,"Micro Focus International plc. American Depositary Shares, each representing One Ordinary Share",NYSE,2019-10-21,,07:05:39,,,,,,nyse,2026-08-07T22:29:30
MAMS,MAMS,2019-10-21,02:54:23,,T1,News pending,MAM Software Group Inc. New,Nasdaq,,,,,,,,,nyse,2026-08-07T22:29:30
IPHS,IPHS,2019-10-21,07:26:46,,T1,News pending,"Innophos Holdings, Inc.",Nasdaq,2019-10-21,,08:00:00,,,,,,nyse,2026-08-07T22:29:30
IGLD,IGLD,2019-10-21,09:57:12,,LUDP,LULD pause,Internet Gold-Golden Lines Ltd,Nasdaq,2019-10-21,,10:02:12,,,,,,nyse,2026-08-07T22:29:30
MH.PRC,MH PRC,2019-10-21,11:42:17,,LUDP,LULD pause,"Maiden Holdings North America, Ltd. 7.125% Non-Cumulative Preference Shares, Series C",NYSE,2019-10-21,,11:48:54,,,,,,nyse,2026-08-07T22:29:30
HOVNP,HOVNP,2019-10-21,12:12:02,,LUDP,LULD pause,Hovnanian Enterprises Inc. Dep Shr Srs A Pfd,Nasdaq,2019-10-21,,12:17:02,,,,,,nyse,2026-08-07T22:29:30
VRTX,VRTX,2019-10-21,14:59:25,,T1,News pending,Vertex Pharmaceuticals Inc,Nasdaq,2019-10-21,,16:20:00,,,,,,nyse,2026-08-07T22:29:30
ALDR,ALDR,2019-10-22,03:58:00,,T1,News pending,"Alder Biopharmaceuticals, Inc.",Nasdaq,,,,,,,,,nyse,2026-08-07T22:29:30
TRIL,TRIL,2019-10-22,08:55:03,,T1,News pending,Trillium Therapeutics Inc.,Nasdaq,2019-10-22,,09:50:00,,,,,,nyse,2026-08-07T22:29:30
ANDAU,ANDAU,2019-10-22,09:34:33,,LUDP,LULD pause,Andina Acquisition Corp. III Unit,Nasdaq,2019-10-22,,09:39:33,,,,,,nyse,2026-08-07T22:29:30
TIBRU,TIBRU,2019-10-22,09:45:58,,LUDP,LULD pause,Tiberius Acquisition Corporation Units,Nasdaq,2019-10-22,,09:50:58,,,,,,nyse,2026-08-07T22:29:30
TTS,TTS,2019-10-22,09:46:26,,LUDP,LULD pause,"Tile Shop Holdings, Inc.",Nasdaq,2019-10-22,,09:51:26,,,,,,nyse,2026-08-07T22:29:30
NEXT,NEXT,2019-10-22,09:48:42,,LUDP,LULD pause,NextDecade Corporation Common Stock,Nasdaq,2019-10-22,,09:53:42,,,,,,nyse,2026-08-07T22:29:30
AEMD,AEMD,2019-10-22,09:49:46,,LUDP,LULD pause,AETHLON MEDICAL INC,Nasdaq,2019-10-22,,09:59:46,,,,,,nyse,2026-08-07T22:29:30
KGJI,KGJI,2019-10-22,09:50:18,,LUDP,LULD pause,Kingold Jewelry Inc.,Nasdaq,2019-10-22,,09:55:18,,,,,,nyse,2026-08-07T22:29:30
TIBRU,TIBRU,2019-10-22,09:53:30,,LUDP,LULD pause,Tiberius Acquisition Corporation Units,Nasdaq,2019-10-22,,09:58:30,,,,,,nyse,2026-08-07T22:29:30
KGJI,KGJI,2019-10-22,10:05:12,,LUDP,LULD pause,Kingold Jewelry Inc.,Nasdaq,2019-10-22,,10:10:12,,,,,,nyse,2026-08-07T22:29:30
KGJI,KGJI,2019-10-22,10:16:58,,LUDP,LULD pause,Kingold Jewelry Inc.,Nasdaq,2019-10-22,,10:21:58,,,,,,nyse,2026-08-07T22:29:30
PRGX,PRGX,2019-10-22,10:23:41,,LUDP,LULD pause,"PRGX Global, Inc.",Nasdaq,2019-10-22,,10:33:41,,,,,,nyse,2026-08-07T22:29:30
NNDM,NNDM,2019-10-22,11:39:46,,LUDP,LULD pause,Nano Dimension Ltd. American Depositary Shares,Nasdaq,2019-10-22,,11:44:46,,,,,,nyse,2026-08-07T22:29:30
NNDM,NNDM,2019-10-22,12:57:55,,LUDP,LULD pause,Nano Dimension Ltd. American Depositary Shares,Nasdaq,2019-10-22,,13:02:55,,,,,,nyse,2026-08-07T22:29:30
TIBRU,TIBRU,2019-10-22,14:09:16,,LUDP,LULD pause,Tiberius Acquisition Corporation Units,Nasdaq,2019-10-22,,14:14:16,,,,,,nyse,2026-08-07T22:29:30
IRBT,IRBT,2019-10-22,16:00:12,,T1,News pending,iRobot Corporation,Nasdaq,2019-10-22,,16:20:00,,,,,,nyse,2026-08-07T22:29:30
PBBI,PBBI,2019-10-22,16:10:01,,T1,News pending,"PB Bancorp, Inc. Common Stock",Nasdaq,2019-10-22,,16:45:00,,,,,,nyse,2026-08-07T22:29:30
CIVBP,CIVBP,2019-10-23,08:25:09,,T1,News pending,"Civista Bancshares, Inc",Nasdaq,2019-10-23,,09:00:00,,,,,,nyse,2026-08-07T22:29:30
OPGN,OPGN,2019-10-23,09:45:32,,LUDP,LULD pause,"OpGen, Inc",Nasdaq,2019-10-23,,09:55:32,,,,,,nyse,2026-08-07T22:29:30
CETXP,CETXP,2019-10-23,09:49:32,,LUDP,LULD pause,Cemtrex Inc. Series 1 Preferred Stock,Nasdaq,2019-10-23,,09:54:32,,,,,,nyse,2026-08-07T22:29:30
AXLA,AXLA,2019-10-23,09:52:13,,LUDP,LULD pause,Axcella Health Inc. Common Stock,Nasdaq,2019-10-23,,09:57:13,,,,,,nyse,2026-08-07T22:29:30
OPGN,OPGN,2019-10-23,09:57:34,,LUDP,LULD pause,"OpGen, Inc",Nasdaq,2019-10-23,,10:07:34,,,,,,nyse,2026-08-07T22:29:30
OPGN,OPGN,2019-10-23,10:18:49,,LUDP,LULD pause,"OpGen, Inc",Nasdaq,2019-10-23,,10:23:49,,,,,,nyse,2026-08-07T22:29:30
HEXO,HEXO,2019-10-23,11:39:27,,T1,News pending,HEXO Corp.,NYSE,2019-10-23,,12:45:07,,,,,,nyse,2026-08-07T22:29:30
COCP,COCP,2019-10-23,12:29:33,,LUDP,LULD pause,"Cocrystal Pharma, Inc. Common Stock",Nasdaq,2019-10-23,,12:34:33,,,,,,nyse,2026-08-07T22:29:30
FTNW,FTNW,2019-10-23,14:52:35,,T1,News pending,"FTE Networks, Inc.",NYSE American,2019-10-24,,07:10:00,,,,,,nyse,2026-08-07T22:29:30
KZIA,KZIA,2019-10-23,18:21:56,,T1,News pending,Kazia Therapeutics Limited American Depositary Shares,Nasdaq,2019-10-28,,07:12:44,,,,,,nyse,2026-08-07T22:29:30
AEH,AEH,2019-10-24,08:10:32,,T1,News pending,Aegon N.V. 6.375% Perpetual Capital Securities,NYSE,2019-10-25,,07:00:06,,,,,,nyse,2026-08-07T22:29:30
PUB,PUB,2019-10-24,10:21:42,,LUDP,LULD pause,People's Utah Bancorp,Nasdaq,2019-10-24,,10:26:42,,,,,,nyse,2026-08-07T22:29:30
SLGG,SLGG,2019-10-24,10:48:35,,LUDP,LULD pause,"Super League Gaming, Inc. Common Stock",Nasdaq,2019-10-24,,10:53:35,,,,,,nyse,2026-08-07T22:29:30
SLGG,SLGG,2019-10-24,10:56:07,,LUDP,LULD pause,"Super League Gaming, Inc. Common Stock",Nasdaq,2019-10-24,,11:01:07,,,,,,nyse,2026-08-07T22:29:30
ACRS,ACRS,2019-10-24,16:00:12,,T1,News pending,"Aclaris Therapeutics, Inc.",Nasdaq,2019-10-24,,16:30:00,,,,,,nyse,2026-08-07T22:29:30
ISRL,ISRL,2019-10-25,03:58:00,,T1,News pending,Isramco Inc,Nasdaq,,,,,,,,,nyse,2026-08-07T22:29:30
SITC.PRJ,SITC PRJ,2019-10-25,07:13:39,,UNKNOWN,News dissemination,"SITE Centers Corp. Depositary Shares, each representing a 1/20 of a share of 6.50% Class J Cumulativ",NYSE,2019-10-28,,07:35:01,,,,,,nyse,2026-08-07T22:29:30
TMDI,TMDI,2019-10-25,08:51:19,,T1,News pending,Titan Medical Inc. Ordinary Shares,Nasdaq,2019-10-25,,10:00:00,,,,,,nyse,2026-08-07T22:29:30
OGCP,OGCP,2019-10-25,09:33:21,,LUDP,LULD pause,"Empire State Realty OP, L.P. Series 60",NYSE Arca,2019-10-25,,09:38:21,,,,,,nyse,2026-08-07T22:29:30
PIH,PIH,2019-10-25,09:45:34,,LUDP,LULD pause,"1347 Property Insurance Holdings, Inc.",Nasdaq,2019-10-25,,09:50:34,,,,,,nyse,2026-08-07T22:29:30
EQ,EQ,2019-10-25,09:47:41,,LUDP,LULD pause,"Equillium, Inc. Common Stock",Nasdaq,2019-10-25,,09:52:41,,,,,,nyse,2026-08-07T22:29:30
PCG,PCG,2019-10-25,10:25:36,,LUDP,LULD pause,PG&E Corporation,NYSE,2019-10-25,,10:30:39,,,,,,nyse,2026-08-07T22:29:30
AIH,AIH,2019-10-25,10:48:55,,LUDP,LULD pause,Aesthetic Medical International Holdings Group Ltd. American Depositary Shares,Nasdaq,2019-10-25,,10:53:55,,,,,,nyse,2026-08-07T22:29:30
LTRPB,LTRPB,2019-10-25,11:00:30,,LUDP,LULD pause,"Liberty TripAdvisor Holdings, Inc. Series B",Nasdaq,2019-10-25,,11:05:30,,,,,,nyse,2026-08-07T22:29:30
EQ,EQ,2019-10-25,11:02:04,,LUDP,LULD pause,"Equillium, Inc. Common Stock",Nasdaq,2019-10-25,,11:07:04,,,,,,nyse,2026-08-07T22:29:30
AGNCB,AGNCB,2019-10-25,16:00:12,,T1,News pending,AGNC Investment Corp. Depositary Shares representing 1/1000th Series B Preferred Stock,Nasdaq,2019-10-25,,16:30:00,,,,,,nyse,2026-08-07T22:29:30
AAC,AAC,2019-10-25,16:09:09,,T1,News pending,"AAC Holdings, Inc.",NYSE,,,,,,,,,nyse,2026-08-07T22:29:30
VSL,VSL,2019-10-28,09:30:17,,LUDP,LULD pause,Volshares Large Cap ETF,NYSE Arca,2019-10-28,,09:50:02,,,,,,nyse,2026-08-07T22:29:30
LTRPB,LTRPB,2019-10-28,09:45:15,,LUDP,LULD pause,"Liberty TripAdvisor Holdings, Inc. Series B",Nasdaq,2019-10-28,,09:50:15,,,,,,nyse,2026-08-07T22:29:30
VSL,VSL,2019-10-28,09:54:02,,LUDP,LULD pause,Volshares Large Cap ETF,NYSE Arca,2019-10-28,,10:04:02,,,,,,nyse,2026-08-07T22:29:30
FFHL,FFHL,2019-10-28,09:57:00,,LUDP,LULD pause,"Fuwei Films (Holdings) Co., Ltd.",Nasdaq,2019-10-28,,10:02:00,,,,,,nyse,2026-08-07T22:29:30
MH.PRD,MH PRD,2019-10-28,10:07:09,,LUDP,LULD pause,"Maiden Holdings North America, Ltd. 6.700% Non-Cumulative Preference Shares, Series D",NYSE,2019-10-28,,10:12:09,,,,,,nyse,2026-08-07T22:29:30
GLACU,GLACU,2019-10-28,10:25:27,,LUDP,LULD pause,Greenland Acquisition Corporation Unit,Nasdaq,2019-10-28,,10:30:27,,,,,,nyse,2026-08-07T22:29:30
AZN,AZN,2019-10-28,11:21:25,,T1,News pending,AstraZeneca PLC,NYSE,2019-10-28,,12:02:54,,,,,,nyse,2026-08-07T22:29:30
PCG,PCG,2019-10-28,11:27:31,,LUDP,LULD pause,PG&E Corporation,NYSE,2019-10-28,,11:32:54,,,,,,nyse,2026-08-07T22:29:30
PCG,PCG,2019-10-28,11:35:39,,LUDP,LULD pause,PG&E Corporation,NYSE,2019-10-28,,11:40:43,,,,,,nyse,2026-08-07T22:29:30
FIT,FIT,2019-10-28,11:46:36,,LUDP,LULD pause,"Fitbit, Inc. Class A common stock",NYSE,2019-10-28,,11:51:39,,,,,,nyse,2026-08-07T22:29:30
CLVS,CLVS,2019-10-28,11:53:50,,LUDP,LULD pause,"Clovis Oncology, Inc.",Nasdaq,2019-10-28,,11:58:50,,,,,,nyse,2026-08-07T22:29:30
AMAG,AMAG,2019-10-29,06:59:48,,T1,News pending,"AMAG Pharmaceuticals, Inc.",Nasdaq,2019-10-30,,07:10:00,,,,,,nyse,2026-08-07T22:29:30
CVRS,CVRS,2019-10-29,08:25:57,,UNKNOWN,News dissemination,"CORINDUS VASCULAR ROBOTICS, INC",NYSE American,,,,,,,,,nyse,2026-08-07T22:29:30
TLSA,TLSA,2019-10-29,09:55:07,,LUDP,LULD pause,Tiziana Life Sciences plc American Depository Share,Nasdaq,2019-10-29,,10:00:07,,,,,,nyse,2026-08-07T22:29:30
POAI,POAI,2019-10-29,10:10:09,,LUDP,LULD pause,Predictive Oncology Inc. Common Stock,Nasdaq,2019-10-29,,10:15:09,,,,,,nyse,2026-08-07T22:29:30
WINS,WINS,2019-10-29,11:48:03,,LUDP,LULD pause,Wins Finance Holdings Inc. Ordinary Shares (Cayman Islands),Nasdaq,2019-10-29,,11:53:03,,,,,,nyse,2026-08-07T22:29:30
WINS,WINS,2019-10-29,11:56:34,,LUDP,LULD pause,Wins Finance Holdings Inc. Ordinary Shares (Cayman Islands),Nasdaq,2019-10-29,,12:01:34,,,,,,nyse,2026-08-07T22:29:30
WINS,WINS,2019-10-29,12:10:33,,LUDP,LULD pause,Wins Finance Holdings Inc. Ordinary Shares (Cayman Islands),Nasdaq,2019-10-29,,12:15:33,,,,,,nyse,2026-08-07T22:29:30
JNJ,JNJ,2019-10-29,15:32:04,,T1,News pending,Johnson & Johnson,NYSE,2019-10-29,,16:15:06,,,,,,nyse,2026-08-07T22:29:30
FTXH,FTXH,2019-10-29,15:59:35,,LUDP,LULD pause,First Trust Nasdaq Pharmaceuticals ETF,Nasdaq,2019-10-29,,16:00:00,,,,,,nyse,2026-08-07T22:29:30
MFSF,MFSF,2019-10-29,16:25:06,,T1,News pending,MutualFirst Financial Inc,Nasdaq,2019-10-29,,17:00:00,,,,,,nyse,2026-08-07T22:29:30
AGRX,AGRX,2019-10-30,07:00:00,,T1,News pending,"Agile Therapeutics, Inc",Nasdaq,2019-10-31,,07:10:00,,,,,,nyse,2026-08-07T22:29:30
CYCN,CYCN,2019-10-30,07:25:42,,T1,News pending,"Cyclerion Therapeutics, Inc. Common Stock",Nasdaq,2019-10-30,,08:00:00,,,,,,nyse,2026-08-07T22:29:30
EQ,EQ,2019-10-30,10:23:42,,LUDP,LULD pause,"Equillium, Inc. Common Stock",Nasdaq,2019-10-30,,10:28:42,,,,,,nyse,2026-08-07T22:29:30
NSA,NSA,2019-10-30,13:48:57,,T1,News pending,National Storage Affiliates Trust,NYSE,2019-10-30,,14:40:01,,,,,,nyse,2026-08-07T22:29:30
NSA.PRA,NSA PRA,2019-10-30,13:48:57,,T1,News pending,National Storage Affiliates Trust 6.000 Percent Series A Cumulative Redeemable Preferred Shares of B,NYSE,2019-10-30,,14:40:07,,,,,,nyse,2026-08-07T22:29:30
TTMI,TTMI,2019-10-30,16:00:20,,T1,News pending,TTM Technologies Inc,Nasdaq,2019-10-30,,16:35:00,,,,,,nyse,2026-08-07T22:29:30
CRUS,CRUS,2019-10-30,16:40:09,,T1,News pending,Cirrus Logic Inc,Nasdaq,2019-10-30,,17:15:00,,,,,,nyse,2026-08-07T22:29:30
LTRX,LTRX,2019-10-31,06:55:01,,T1,News pending,Lantronix Inc,Nasdaq,2019-10-31,,07:30:00,,,,,,nyse,2026-08-07T22:29:30
ALDX,ALDX,2019-10-31,06:57:49,,T1,News pending,"Aldeyra Therapeutics, Inc.",Nasdaq,2019-10-31,,07:30:00,,,,,,nyse,2026-08-07T22:29:30
AGRX,AGRX,2019-10-31,09:51:28,,LUDP,LULD pause,"Agile Therapeutics, Inc",Nasdaq,2019-10-31,,09:56:28,,,,,,nyse,2026-08-07T22:29:30
TKC,TKC,2019-10-31,11:12:02,,T1,News pending,TURKCELL ILETISIM HIZMETLERI A.S. ADS,NYSE,2019-10-31,,11:42:33,,,,,,nyse,2026-08-07T22:29:30
CONE,CONE,2019-10-31,11:15:52,,LUDP,LULD pause,CyrusOne Inc Common Stock,Nasdaq,2019-10-31,,11:20:52,,,,,,nyse,2026-08-07T22:29:30
TKAT,TKAT,2019-10-31,12:35:38,,LUDP,LULD pause,"Takung Art Co., Ltd.",NYSE American,2019-10-31,,12:40:38,,,,,,nyse,2026-08-07T22:29:30
ERYP,ERYP,2019-10-31,14:29:47,,LUDP,LULD pause,Erytech Pharma S.A. American Depositary Shares,Nasdaq,2019-10-31,,14:34:47,,,,,,nyse,2026-08-07T22:29:30
BGNE,BGNE,2019-10-31,16:00:12,,T1,News pending,"BeiGene, Ltd. American Depositary Shares",Nasdaq,2019-10-31,,16:30:00,,,,,,nyse,2026-08-07T22:29:30
FIT,FIT,2019-11-01,08:37:32,,T1,News pending,"Fitbit, Inc. Class A common stock",NYSE,2019-11-01,,09:12:57,,,,,,nyse,2026-08-07T22:29:30
BPL,BPL,2019-11-01,08:37:53,,UNKNOWN,News dissemination,"Buckeye Partners, L.P.",NYSE,,,,,,,,,nyse,2026-08-07T22:29:30
GRSH,GRSH,2019-11-01,09:10:59,,T1,News pending,"Gores Holdings III, Inc. Class A Common Stock",Nasdaq,2019-11-01,,09:50:00,,,,,,nyse,2026-08-07T22:29:30
GRSHU,GRSHU,2019-11-01,09:10:59,,T1,News pending,"Gores Holdings III, Inc. Units",Nasdaq,2019-11-01,,09:50:00,,,,,,nyse,2026-08-07T22:29:30
GRSHW,GRSHW,2019-11-01,09:10:59,,T1,News pending,"Gores Holdings III, Inc. Warrants",Nasdaq,2019-11-01,,09:50:00,,,,,,nyse,2026-08-07T22:29:30
CTEK,CTEK,2019-11-01,09:55:55,,T1,News pending,"CynergisTek, Inc.",NYSE American,2019-11-01,,10:25:00,,,,,,nyse,2026-08-07T22:29:30
APDN,APDN,2019-11-01,11:57:27,,LUDP,LULD pause,"Applied DNA Sciences, Inc.",Nasdaq,2019-11-01,,12:02:27,,,,,,nyse,2026-08-07T22:29:30
WFE.PRA,WFE PRA,2019-11-01,12:41:55,,T1,News pending,WELLS FARGO REAL ESTATE INVESTMENT CORPORATION,NYSE,2019-11-04,,07:13:58,,,,,,nyse,2026-08-07T22:29:30
CYCCP,CYCCP,2019-11-01,14:51:38,,LUDP,LULD pause,"Cyclacel Pharmaceuticals, Inc. 6% Cnvrtbl. Prfrd. Stock",Nasdaq,2019-11-01,,14:56:38,,,,,,nyse,2026-08-07T22:29:30
DSS,DSS,2019-11-01,15:17:44,,T1,News pending,"Document Security Systems, Inc.",NYSE American,2019-11-01,,15:40:00,,,,,,nyse,2026-08-07T22:29:30
RVEN,RVEN,2019-11-04,03:58:00,,T1,News pending,"Reven Housing REIT, Inc.",Nasdaq,,,,,,,,,nyse,2026-08-07T22:29:30
RDHL,RDHL,2019-11-04,04:00:14,,T1,News pending,Redhill Biopharma Ltd.,Nasdaq,2019-11-04,,06:50:00,,,,,,nyse,2026-08-07T22:29:30
WBK,WBK,2019-11-04,04:01:06,,T1,News pending,Westpac Banking Corporation,NYSE,2019-11-05,,07:00:30,,,,,,nyse,2026-08-07T22:29:30
HALO,HALO,2019-11-04,06:55:12,,T1,News pending,"Halozyme Therapeutics, Inc.",Nasdaq,2019-11-04,,07:30:00,,,,,,nyse,2026-08-07T22:29:30
PEGI,PEGI,2019-11-04,07:55:46,,T1,News pending,Pattern Energy Group Inc. Class A,Nasdaq,2019-11-04,,08:30:00,,,,,,nyse,2026-08-07T22:29:30
NSP,NSP,2019-11-04,08:11:37,,T1,News pending,"Insperity, Inc",NYSE,2019-11-04,,08:32:48,,,,,,nyse,2026-08-07T22:29:30
CIVBP,CIVBP,2019-11-04,09:45:59,,LUDP,LULD pause,"Civista Bancshares, Inc",Nasdaq,2019-11-04,,09:50:59,,,,,,nyse,2026-08-07T22:29:30
TNXP,TNXP,2019-11-04,09:47:31,,LUDP,LULD pause,Tonix Pharmaceuticals Holding Corp.,Nasdaq,2019-11-04,,09:52:31,,,,,,nyse,2026-08-07T22:29:30
CIVBP,CIVBP,2019-11-04,09:57:36,,LUDP,LULD pause,"Civista Bancshares, Inc",Nasdaq,2019-11-04,,10:02:36,,,,,,nyse,2026-08-07T22:29:30
IFMK,IFMK,2019-11-04,10:36:45,,LUDP,LULD pause,iFresh Inc. Common Stock,Nasdaq,2019-11-04,,10:41:45,,,,,,nyse,2026-08-07T22:29:30
PCG,PCG,2019-11-04,14:29:11,,LUDP,LULD pause,PG&E Corporation,NYSE,2019-11-04,,14:35:43,,,,,,nyse,2026-08-07T22:29:30
PCG,PCG,2019-11-04,14:39:27,,LUDP,LULD pause,PG&E Corporation,NYSE,2019-11-04,,14:44:30,,,,,,nyse,2026-08-07T22:29:30
DNJR,DNJR,2019-11-04,15:12:49,,T1,News pending,Golden Bull Limited Ordinary Shares,Nasdaq,2020-03-25,,07:00:00,,,,,,nyse,2026-08-07T22:29:30
DFNSU,DFNSU,2019-11-05,04:00:00,,T1,News pending,LGL Systems Acquisition Corp. Units,Nasdaq,2019-11-07,,11:02:19,,,,,,nyse,2026-08-07T22:29:30
NXTC,NXTC,2019-11-05,10:59:48,,LUDP,LULD pause,"NextCure, Inc. Common Stock",Nasdaq,2019-11-05,,11:09:48,,,,,,nyse,2026-08-07T22:29:30
NXTC,NXTC,2019-11-05,11:12:15,,LUDP,LULD pause,"NextCure, Inc. Common Stock",Nasdaq,2019-11-05,,11:17:15,,,,,,nyse,2026-08-07T22:29:30
GWGH,GWGH,2019-11-05,11:15:14,,LUDP,LULD pause,"GWG Holdings, Inc",Nasdaq,2019-11-05,,11:20:14,,,,,,nyse,2026-08-07T22:29:30
NXTC,NXTC,2019-11-05,11:18:27,,LUDP,LULD pause,"NextCure, Inc. Common Stock",Nasdaq,2019-11-05,,11:23:27,,,,,,nyse,2026-08-07T22:29:30
NXTC,NXTC,2019-11-05,11:23:43,,LUDP,LULD pause,"NextCure, Inc. Common Stock",Nasdaq,2019-11-05,,11:28:43,,,,,,nyse,2026-08-07T22:29:30
NXTC,NXTC,2019-11-05,11:30:35,,LUDP,LULD pause,"NextCure, Inc. Common Stock",Nasdaq,2019-11-05,,11:35:35,,,,,,nyse,2026-08-07T22:29:30
NXTC,NXTC,2019-11-05,11:37:43,,LUDP,LULD pause,"NextCure, Inc. Common Stock",Nasdaq,2019-11-05,,11:42:43,,,,,,nyse,2026-08-07T22:29:30
NXTC,NXTC,2019-11-05,11:44:24,,LUDP,LULD pause,"NextCure, Inc. Common Stock",Nasdaq,2019-11-05,,11:49:24,,,,,,nyse,2026-08-07T22:29:30
NXTC,NXTC,2019-11-05,11:50:31,,LUDP,LULD pause,"NextCure, Inc. Common Stock",Nasdaq,2019-11-05,,12:00:31,,,,,,nyse,2026-08-07T22:29:30
NXTC,NXTC,2019-11-05,12:02:15,,LUDP,LULD pause,"NextCure, Inc. Common Stock",Nasdaq,2019-11-05,,12:07:15,,,,,,nyse,2026-08-07T22:29:30
APDN,APDN,2019-11-05,12:09:53,,LUDP,LULD pause,"Applied DNA Sciences, Inc.",Nasdaq,2019-11-05,,12:14:53,,,,,,nyse,2026-08-07T22:29:30
APDN,APDN,2019-11-05,12:20:01,,LUDP,LULD pause,"Applied DNA Sciences, Inc.",Nasdaq,2019-11-05,,12:25:01,,,,,,nyse,2026-08-07T22:29:30
WBA,WBA,2019-11-05,13:32:50,,LUDP,LULD pause,"Walgreens Boots Alliance, Inc",Nasdaq,2019-11-05,,13:37:50,,,,,,nyse,2026-08-07T22:29:30
IGLD,IGLD,2019-11-05,13:59:19,,LUDP,LULD pause,Internet Gold-Golden Lines Ltd,Nasdaq,2019-11-05,,14:04:19,,,,,,nyse,2026-08-07T22:29:30
POPE,POPE,2019-11-05,16:11:49,,T1,News pending,Pope Resources Depositary Receipts of Limited Partnership Units,Nasdaq,2019-11-05,,16:45:00,,,,,,nyse,2026-08-07T22:29:30
SWIR,SWIR,2019-11-05,16:25:22,,T1,News pending,Sierra Wireless,Nasdaq,2019-11-05,,17:00:00,,,,,,nyse,2026-08-07T22:29:30
SUPN,SUPN,2019-11-05,16:40:01,,T1,News pending,"Supernus Pharmaceuticals, Inc.",Nasdaq,2019-11-05,,17:25:00,,,,,,nyse,2026-08-07T22:29:30
STT.PRE,STT PRE,2019-11-06,09:07:27,,T1,News pending,"State Street Corporation Depository Shares, each representing a 1/4,000th ownership interest in a sh",NYSE,2019-11-07,,07:19:25,,,,,,nyse,2026-08-07T22:29:30
DFBHU,DFBHU,2019-11-06,09:38:17,,LUDP,LULD pause,DFB Healthcare Acquisitions Corp. Unit,Nasdaq,2019-11-06,,09:48:18,,,,,,nyse,2026-08-07T22:29:30
MORF,MORF,2019-11-06,09:45:15,,LUDP,LULD pause,"Morphic Holding, Inc. Common Stock",Nasdaq,2019-11-06,,09:50:15,,,,,,nyse,2026-08-07T22:29:30
CNST,CNST,2019-11-06,09:45:26,,LUDP,LULD pause,"Constellation Pharmaceuticals, Inc.",Nasdaq,2019-11-06,,09:50:26,,,,,,nyse,2026-08-07T22:29:30
CNST,CNST,2019-11-06,09:56:31,,LUDP,LULD pause,"Constellation Pharmaceuticals, Inc.",Nasdaq,2019-11-06,,10:01:31,,,,,,nyse,2026-08-07T22:29:30
CNST,CNST,2019-11-06,10:07:12,,LUDP,LULD pause,"Constellation Pharmaceuticals, Inc.",Nasdaq,2019-11-06,,10:12:12,,,,,,nyse,2026-08-07T22:29:30
LEVL,LEVL,2019-11-06,10:10:39,,LUDP,LULD pause,"Level One Bancorp, Inc. Common Stock",Nasdaq,2019-11-06,,10:15:39,,,,,,nyse,2026-08-07T22:29:30
CNST,CNST,2019-11-06,10:13:14,,LUDP,LULD pause,"Constellation Pharmaceuticals, Inc.",Nasdaq,2019-11-06,,10:23:14,,,,,,nyse,2026-08-07T22:29:30
CNST,CNST,2019-11-06,10:25:27,,LUDP,LULD pause,"Constellation Pharmaceuticals, Inc.",Nasdaq,2019-11-06,,10:30:27,,,,,,nyse,2026-08-07T22:29:30
HEBT,HEBT,2019-11-06,10:27:15,,LUDP,LULD pause,"Hebron Technology Co., Ltd. Class A Common Shares",Nasdaq,2019-11-06,,10:32:15,,,,,,nyse,2026-08-07T22:29:30
PCG,PCG,2019-11-06,10:34:59,,LUDP,LULD pause,PG&E Corporation,NYSE,2019-11-06,,10:40:00,,,,,,nyse,2026-08-07T22:29:30
CNST,CNST,2019-11-06,10:35:18,,LUDP,LULD pause,"Constellation Pharmaceuticals, Inc.",Nasdaq,2019-11-06,,10:40:18,,,,,,nyse,2026-08-07T22:29:30
IFRX,IFRX,2019-11-06,16:10:14,,T1,News pending,InflaRx N.V. Common Stock,Nasdaq,2019-11-06,,16:45:00,,,,,,nyse,2026-08-07T22:29:30
VERY,VERY,2019-11-06,17:30:37,,T1,News pending,"Vericity, Inc. Common Stock",Nasdaq,2019-11-06,,18:00:00,,,,,,nyse,2026-08-07T22:29:30
OPP,OPP,2019-11-07,03:53:52,,T1,News pending,"RiverNorth/DoubleLine Strategic Opportunity Fund, Inc.",NYSE,2019-11-07,,03:55:53,,,,,,nyse,2026-08-07T22:29:30
OPP.RTWI,OPP RTWI,2019-11-07,03:54:43,,T1,News pending,"RiverNorth/DoubleLine Strategic Opportunity Fund, Inc. Rights (expiring December 10, 2019)",NYSE,2019-11-07,,09:33:34,,,,,,nyse,2026-08-07T22:29:30
SCYX,SCYX,2019-11-07,07:55:18,,T1,News pending,"SCYNEXIS, Inc.",Nasdaq,2019-11-07,,08:30:00,,,,,,nyse,2026-08-07T22:29:30
SRTS,SRTS,2019-11-07,09:30:29,,LUDP,LULD pause,"Sensus Healthcare, Inc",Nasdaq,2019-11-07,,09:35:29,,,,,,nyse,2026-08-07T22:29:30
ALNA,ALNA,2019-11-07,09:32:54,,LUDP,LULD pause,"Allena Pharmaceuticals, Inc. Common Stock",Nasdaq,2019-11-07,,09:37:54,,,,,,nyse,2026-08-07T22:29:30
VERY,VERY,2019-11-07,09:34:34,,LUDP,LULD pause,"Vericity, Inc. Common Stock",Nasdaq,2019-11-07,,09:39:34,,,,,,nyse,2026-08-07T22:29:30
LTRPB,LTRPB,2019-11-07,09:39:14,,LUDP,LULD pause,"Liberty TripAdvisor Holdings, Inc. Series B",Nasdaq,2019-11-07,,09:44:14,,,,,,nyse,2026-08-07T22:29:30
LTRPB,LTRPB,2019-11-07,09:54:39,,LUDP,LULD pause,"Liberty TripAdvisor Holdings, Inc. Series B",Nasdaq,2019-11-07,,09:59:39,,,,,,nyse,2026-08-07T22:29:30
LTRPB,LTRPB,2019-11-07,10:03:04,,LUDP,LULD pause,"Liberty TripAdvisor Holdings, Inc. Series B",Nasdaq,2019-11-07,,10:08:04,,,,,,nyse,2026-08-07T22:29:30
ALNA,ALNA,2019-11-07,10:13:58,,LUDP,LULD pause,"Allena Pharmaceuticals, Inc. Common Stock",Nasdaq,2019-11-07,,10:18:58,,,,,,nyse,2026-08-07T22:29:30
LTRPB,LTRPB,2019-11-07,11:19:01,,LUDP,LULD pause,"Liberty TripAdvisor Holdings, Inc. Series B",Nasdaq,2019-11-07,,11:24:01,,,,,,nyse,2026-08-07T22:29:30
CARV,CARV,2019-11-07,12:32:00,,LUDP,LULD pause,"Carver Bancorp, Inc.",Nasdaq,2019-11-07,,12:37:00,,,,,,nyse,2026-08-07T22:29:30
WKHS,WKHS,2019-11-07,15:11:06,,LUDP,LULD pause,"Workhorse Group, Inc",Nasdaq,2019-11-07,,15:16:06,,,,,,nyse,2026-08-07T22:29:30
NVEE,NVEE,2019-11-07,16:00:12,,T1,News pending,"NV5 Global, Inc. Common Stock",Nasdaq,2019-11-07,,16:30:00,,,,,,nyse,2026-08-07T22:29:30
TTWO,TTWO,2019-11-07,16:00:22,,T1,News pending,Take-Two Interactive Software Inc,Nasdaq,2019-11-07,,16:25:00,,,,,,nyse,2026-08-07T22:29:30
GHDX,GHDX,2019-11-08,03:58:00,,T1,News pending,"Genomic Health, Inc.",Nasdaq,,,,,,,,,nyse,2026-08-07T22:29:30
ANAB,ANAB,2019-11-08,07:55:24,,T1,News pending,"AnaptysBio, Inc. Common Stock",Nasdaq,2019-11-08,,08:35:00,,,,,,nyse,2026-08-07T22:29:30
RAPT,RAPT,2019-11-08,09:45:38,,LUDP,LULD pause,"RAPT Therapeutics, Inc. Common Stock",Nasdaq,2019-11-08,,09:50:38,,,,,,nyse,2026-08-07T22:29:30
RAPT,RAPT,2019-11-08,09:52:01,,LUDP,LULD pause,"RAPT Therapeutics, Inc. Common Stock",Nasdaq,2019-11-08,,10:02:01,,,,,,nyse,2026-08-07T22:29:30
RAPT,RAPT,2019-11-08,10:02:45,,LUDP,LULD pause,"RAPT Therapeutics, Inc. Common Stock",Nasdaq,2019-11-08,,10:07:45,,,,,,nyse,2026-08-07T22:29:30
CREX,CREX,2019-11-08,10:08:53,,LUDP,LULD pause,"CREATIVE REALITIES, INC.",Nasdaq,2019-11-08,,10:13:53,,,,,,nyse,2026-08-07T22:29:30
RAPT,RAPT,2019-11-08,10:14:16,,LUDP,LULD pause,"RAPT Therapeutics, Inc. Common Stock",Nasdaq,2019-11-08,,10:24:16,,,,,,nyse,2026-08-07T22:29:30
FELP,FELP,2019-11-08,11:00:58,,T1,News pending,Foresight Energy LP,NYSE,,,,,,,,,nyse,2026-08-07T22:29:30
AEMD,AEMD,2019-11-08,12:54:15,,LUDP,LULD pause,AETHLON MEDICAL INC,Nasdaq,2019-11-08,,12:59:15,,,,,,nyse,2026-08-07T22:29:30
FGEN,FGEN,2019-11-08,13:55:03,,T1,News pending,"FibroGen, Inc",Nasdaq,2019-11-08,,14:30:00,,,,,,nyse,2026-08-07T22:29:30
ALGR,ALGR,2019-11-08,14:56:58,,T1,News pending,Allegro Merger Corp. Common Stock,Nasdaq,2019-11-08,,16:15:00,,,,,,nyse,2026-08-07T22:29:30
ALGRR,ALGRR,2019-11-08,14:56:58,,T1,News pending,Allegro Merger Corp. Right,Nasdaq,2019-11-08,,16:15:00,,,,,,nyse,2026-08-07T22:29:30
ALGRU,ALGRU,2019-11-08,14:56:58,,T1,News pending,Allegro Merger Corp. Unit,Nasdaq,2019-11-08,,16:15:00,,,,,,nyse,2026-08-07T22:29:30
ALGRW,ALGRW,2019-11-08,14:56:58,,T1,News pending,Allegro Merger Corp. Warrant,Nasdaq,2019-11-08,,16:15:00,,,,,,nyse,2026-08-07T22:29:30
RCEL,RCEL,2019-11-11,04:00:02,,T1,News pending,Avita Medical Limited American Depositary Shares,Nasdaq,2019-11-13,,05:20:39,,,,,,nyse,2026-08-07T22:29:30
CARB,CARB,2019-11-11,07:59:39,,T1,News pending,Carbonite Inc,Nasdaq,2019-11-11,,08:30:00,,,,,,nyse,2026-08-07T22:29:30
ESBA,ESBA,2019-11-11,09:45:15,,LUDP,LULD pause,"EMPIRE STATE REALTY OP, L.P.  SERIES ES",NYSE Arca,2019-11-11,,09:50:15,,,,,,nyse,2026-08-07T22:29:30
LGH,LGH,2019-11-11,09:45:15,,LUDP,LULD pause,HCM Defender 500 Index ETF,NYSE Arca,2019-11-11,,09:50:15,,,,,,nyse,2026-08-07T22:29:30
QRTEB,QRTEB,2019-11-11,09:45:37,,LUDP,LULD pause,"Qurate Retail, Inc. Series B Common Stock",Nasdaq,2019-11-11,,09:50:37,,,,,,nyse,2026-08-07T22:29:30
CBMG,CBMG,2019-11-11,09:58:41,,T1,News pending,"Cellular Biomedicine Group, Inc.",Nasdaq,2019-11-11,,10:30:00,,,,,,nyse,2026-08-07T22:29:30
FENC,FENC,2019-11-11,10:52:44,,LUDP,LULD pause,Fennec Pharmaceuticals Inc. Common Stock,Nasdaq,2019-11-11,,10:57:44,,,,,,nyse,2026-08-07T22:29:30
RETA,RETA,2019-11-11,16:00:18,,T1,News pending,"Reata Pharmaceuticals, Inc. Class A Common Stock",Nasdaq,2019-11-11,,16:30:00,,,,,,nyse,2026-08-07T22:29:30
SDR,SDR,2019-11-11,16:07:35,,T1,News pending,SANDRIDGE MISSISSIPPIAN TRUST II,NYSE,,,,,,,,,nyse,2026-08-07T22:29:30
DOVA,DOVA,2019-11-12,03:58:00,,T1,News pending,"Dova Pharmaceuticals, Inc. Common Stock",Nasdaq,,,,,,,,,nyse,2026-08-07T22:29:30
DF,DF,2019-11-12,07:02:20,,T1,News pending,Dean Foods Company,NYSE,,,,,,,,,nyse,2026-08-07T22:29:30
APDN,APDN,2019-11-12,09:48:29,,LUDP,LULD pause,"Applied DNA Sciences, Inc.",Nasdaq,2019-11-12,,09:53:29,,,,,,nyse,2026-08-07T22:29:30
APDN,APDN,2019-11-12,10:20:50,,LUDP,LULD pause,"Applied DNA Sciences, Inc.",Nasdaq,2019-11-12,,10:25:50,,,,,,nyse,2026-08-07T22:29:30
APDN,APDN,2019-11-12,10:41:19,,LUDP,LULD pause,"Applied DNA Sciences, Inc.",Nasdaq,2019-11-12,,10:46:19,,,,,,nyse,2026-08-07T22:29:30
APDN,APDN,2019-11-12,10:46:47,,LUDP,LULD pause,"Applied DNA Sciences, Inc.",Nasdaq,2019-11-12,,10:56:47,,,,,,nyse,2026-08-07T22:29:30
APDN,APDN,2019-11-12,11:08:01,,LUDP,LULD pause,"Applied DNA Sciences, Inc.",Nasdaq,2019-11-12,,11:13:01,,,,,,nyse,2026-08-07T22:29:30
APDN,APDN,2019-11-12,11:58:57,,LUDP,LULD pause,"Applied DNA Sciences, Inc.",Nasdaq,2019-11-12,,12:03:57,,,,,,nyse,2026-08-07T22:29:30
APDN,APDN,2019-11-12,12:16:40,,LUDP,LULD pause,"Applied DNA Sciences, Inc.",Nasdaq,2019-11-12,,12:26:40,,,,,,nyse,2026-08-07T22:29:30
CCC,CCC,2019-11-12,12:44:30,,T1,News pending,Clarivate Analytics Plc Ordinary Shares,NYSE,2019-11-12,,13:21:07,,,,,,nyse,2026-08-07T22:29:30
CCC.WS,CCC WS,2019-11-12,12:44:38,,T1,News pending,"Clarivate Analytics Plc Warrants, each to purchase one Ordinary Share",NYSE American,2019-11-12,,13:21:19,,,,,,nyse,2026-08-07T22:29:30
APDN,APDN,2019-11-12,13:50:12,,LUDP,LULD pause,"Applied DNA Sciences, Inc.",Nasdaq,2019-11-12,,13:55:12,,,,,,nyse,2026-08-07T22:29:30
APDN,APDN,2019-11-12,14:10:52,,LUDP,LULD pause,"Applied DNA Sciences, Inc.",Nasdaq,2019-11-12,,14:15:52,,,,,,nyse,2026-08-07T22:29:30
PLXP,PLXP,2019-11-12,15:18:03,,LUDP,LULD pause,PLx Pharma Inc. Common Stock,Nasdaq,2019-11-12,,15:23:03,,,,,,nyse,2026-08-07T22:29:30
BLFS,BLFS,2019-11-12,16:00:24,,T1,News pending,BioLife Solutions Inc.,Nasdaq,2019-11-12,,17:50:00,,,,,,nyse,2026-08-07T22:29:30
NVTR,NVTR,2019-11-12,17:28:53,,T1,News pending,Nuvectra Corporation Common Stock,Nasdaq,2019-11-12,,18:05:00,,,,,,nyse,2026-08-07T22:29:30
CTAC,CTAC,2019-11-13,08:00:05,,T1,News pending,ChaSerg Technology Acquisition Corp. Class A Common Stock,Nasdaq,2019-11-13,,08:30:00,,,,,,nyse,2026-08-07T22:29:30
CTACU,CTACU,2019-11-13,08:00:05,,T1,News pending,ChaSerg Technology Acquisition Corp. Unit,Nasdaq,2019-11-13,,08:44:28,,,,,,nyse,2026-08-07T22:29:30
CTACW,CTACW,2019-11-13,08:00:05,,T1,News pending,ChaSerg Technology Acquisition Corp. Warrant,Nasdaq,2019-11-13,,08:36:42,,,,,,nyse,2026-08-07T22:29:30
PRTY,PRTY,2019-11-13,08:52:55,,T1,News pending,Party City Holdco Inc.,NYSE,2019-11-13,,09:12:46,,,,,,nyse,2026-08-07T22:29:30
YAYO,YAYO,2019-11-13,10:24:38,,LUDP,LULD pause,"YayYo, Inc. Common Stock",Nasdaq,2019-11-13,,10:29:38,,,,,,nyse,2026-08-07T22:29:30
PFIN,PFIN,2019-11-13,12:18:41,,LUDP,LULD pause,P&F Industries,Nasdaq,2019-11-13,,12:23:41,,,,,,nyse,2026-08-07T22:29:30
SWJ,SWJ,2019-11-13,13:33:16,,T1,News pending,"STANLEY BLACK & DECKER, INC. 5.75% Junior Subordinated Debentures due 2052",NYSE,2019-11-14,,07:19:05,,,,,,nyse,2026-08-07T22:29:30
QGEN,QGEN,2019-11-13,15:34:17,,LUDP,LULD pause,Qiagen NV,NYSE,2019-11-13,,15:39:45,,,,,,nyse,2026-08-07T22:29:30
AOBC,AOBC,2019-11-13,16:00:15,,T1,News pending,American Outdoor Brands Corporation Common Stock,Nasdaq,2019-11-13,,16:50:00,,,,,,nyse,2026-08-07T22:29:30
GLEO,GLEO,2019-11-14,03:51:31,,T1,News pending,Galileo Acquisition Corp.,NYSE,2019-11-14,,09:35:39,,,,,,nyse,2026-08-07T22:29:30
GLEO.WS,GLEO WS,2019-11-14,03:52:03,,T1,News pending,"Galileo Acquisition Corp. Redeemable Warrants, each whole warrant exercisable for one Ordinary Share",NYSE,2019-11-14,,09:35:20,,,,,,nyse,2026-08-07T22:29:30
AMRN,AMRN,2019-11-14,06:55:02,,T1,News pending,Amarin Corp Plc,Nasdaq,2019-11-15,,07:10:00,,,,,,nyse,2026-08-07T22:29:30
XCUR,XCUR,2019-11-14,06:55:43,,T1,News pending,"Exicure, Inc. Common Stock",Nasdaq,2019-11-14,,07:30:00,,,,,,nyse,2026-08-07T22:29:30
VTGN,VTGN,2019-11-14,07:25:04,,T1,News pending,"VistaGen Therapeutics, Inc. Common Stock",Nasdaq,2019-11-14,,08:00:00,,,,,,nyse,2026-08-07T22:29:30
RBBN,RBBN,2019-11-14,08:30:12,,T1,News pending,Ribbon Communications Inc. Common Stock,Nasdaq,2019-11-14,,09:00:00,,,,,,nyse,2026-08-07T22:29:30
TKKSU,TKKSU,2019-11-14,09:59:03,,LUDP,LULD pause,TKK Symphony Acquisition Corporation Unit,Nasdaq,2019-11-14,,10:04:03,,,,,,nyse,2026-08-07T22:29:30
POAI,POAI,2019-11-14,10:15:14,,LUDP,LULD pause,Predictive Oncology Inc. Common Stock,Nasdaq,2019-11-14,,10:20:14,,,,,,nyse,2026-08-07T22:29:30
TKKS,TKKS,2019-11-14,13:23:11,,LUDP,LULD pause,TKK Symphony Acquisition Corporation Ordinary Share,Nasdaq,2019-11-14,,13:28:11,,,,,,nyse,2026-08-07T22:29:30
KGJI,KGJI,2019-11-14,13:30:10,,LUDP,LULD pause,Kingold Jewelry Inc.,Nasdaq,2019-11-14,,13:35:10,,,,,,nyse,2026-08-07T22:29:30
BXRXV,BXRXV,2019-11-14,13:58:43,,LUDP,LULD pause,"Baudax Bio, Inc. Common Stock When Issued",Nasdaq,2019-11-14,,14:03:43,,,,,,nyse,2026-08-07T22:29:30
BXRXV,BXRXV,2019-11-14,14:37:32,,LUDP,LULD pause,"Baudax Bio, Inc. Common Stock When Issued",Nasdaq,2019-11-14,,14:42:32,,,,,,nyse,2026-08-07T22:29:30
BXRXV,BXRXV,2019-11-14,14:45:45,,LUDP,LULD pause,"Baudax Bio, Inc. Common Stock When Issued",Nasdaq,2019-11-14,,14:50:45,,,,,,nyse,2026-08-07T22:29:30
BXRXV,BXRXV,2019-11-14,14:53:56,,LUDP,LULD pause,"Baudax Bio, Inc. Common Stock When Issued",Nasdaq,2019-11-14,,14:58:56,,,,,,nyse,2026-08-07T22:29:30
TKKSU,TKKSU,2019-11-14,15:02:58,,LUDP,LULD pause,TKK Symphony Acquisition Corporation Unit,Nasdaq,2019-11-14,,15:07:58,,,,,,nyse,2026-08-07T22:29:30
BXRXV,BXRXV,2019-11-14,15:04:34,,LUDP,LULD pause,"Baudax Bio, Inc. Common Stock When Issued",Nasdaq,2019-11-14,,15:09:34,,,,,,nyse,2026-08-07T22:29:30
BGNE,BGNE,2019-11-14,15:35:48,,T1,News pending,"BeiGene, Ltd. American Depositary Shares",Nasdaq,2019-11-14,,16:50:00,,,,,,nyse,2026-08-07T22:29:30
TORC,TORC,2019-11-15,07:00:15,,T1,News pending,"resTORbio, Inc. Common Stock",Nasdaq,2019-11-15,,07:31:00,,,,,,nyse,2026-08-07T22:29:30
ANCN,ANCN,2019-11-15,08:25:05,,T1,News pending,Anchiano Therapeutics Ltd. American Depositary Share,Nasdaq,2019-11-15,,09:00:00,,,,,,nyse,2026-08-07T22:29:30
LMB,LMB,2019-11-15,09:30:16,,LUDP,LULD pause,"Limbach Holdings, Inc Common Stock",Nasdaq,2019-11-15,,09:35:16,,,,,,nyse,2026-08-07T22:29:30
AIHS,AIHS,2019-11-15,09:45:43,,LUDP,LULD pause,Senmiao Technology Limited Common Stock,Nasdaq,2019-11-15,,09:50:43,,,,,,nyse,2026-08-07T22:29:30
AIHS,AIHS,2019-11-15,09:59:19,,LUDP,LULD pause,Senmiao Technology Limited Common Stock,Nasdaq,2019-11-15,,10:04:19,,,,,,nyse,2026-08-07T22:29:30
AIHS,AIHS,2019-11-15,10:13:32,,LUDP,LULD pause,Senmiao Technology Limited Common Stock,Nasdaq,2019-11-15,,10:18:32,,,,,,nyse,2026-08-07T22:29:30
AIHS,AIHS,2019-11-15,10:18:59,,LUDP,LULD pause,Senmiao Technology Limited Common Stock,Nasdaq,2019-11-15,,10:23:59,,,,,,nyse,2026-08-07T22:29:30
AIHS,AIHS,2019-11-15,10:39:08,,LUDP,LULD pause,Senmiao Technology Limited Common Stock,Nasdaq,2019-11-15,,10:44:08,,,,,,nyse,2026-08-07T22:29:30
KERN,KERN,2019-11-15,10:56:51,,LUDP,LULD pause,Akerna Corp. Common Stock,Nasdaq,2019-11-15,,11:01:51,,,,,,nyse,2026-08-07T22:29:30
PLXP,PLXP,2019-11-15,11:16:46,,LUDP,LULD pause,PLx Pharma Inc. Common Stock,Nasdaq,2019-11-15,,11:21:46,,,,,,nyse,2026-08-07T22:29:30
WORX,WORX,2019-11-15,11:52:18,,LUDP,LULD pause,SC WORX Corp,Nasdaq,2019-11-15,,11:57:18,,,,,,nyse,2026-08-07T22:29:30
TKKS,TKKS,2019-11-15,12:32:40,,LUDP,LULD pause,TKK Symphony Acquisition Corporation Ordinary Share,Nasdaq,2019-11-15,,13:22:41,,,,,,nyse,2026-08-07T22:29:30
TKKSU,TKKSU,2019-11-15,12:35:24,,LUDP,LULD pause,TKK Symphony Acquisition Corporation Unit,Nasdaq,2019-11-15,,12:50:24,,,,,,nyse,2026-08-07T22:29:30
AIHS,AIHS,2019-11-15,13:46:18,,LUDP,LULD pause,Senmiao Technology Limited Common Stock,Nasdaq,2019-11-15,,13:51:18,,,,,,nyse,2026-08-07T22:29:30
QGEN,QGEN,2019-11-15,15:17:09,,T1,News pending,Qiagen NV,NYSE,2019-11-15,,15:38:51,,,,,,nyse,2026-08-07T22:29:30
MTEM,MTEM,2019-11-18,06:57:09,,T1,News pending,"Molecular Templates, Inc.",Nasdaq,2019-11-18,,07:30:00,,,,,,nyse,2026-08-07T22:29:30
KRTX,KRTX,2019-11-18,09:53:03,,LUDP,LULD pause,"Karuna Therapeutics, Inc. Common Stock",Nasdaq,2019-11-18,,09:58:03,,,,,,nyse,2026-08-07T22:29:30
TBLTU,TBLTU,2019-11-18,10:15:03,,LUDP,LULD pause,"ToughBuilt Industries, Inc. Class A Units",Nasdaq,2019-11-18,,11:15:04,,,,,,nyse,2026-08-07T22:29:30
LMNL,LMNL,2019-11-18,10:46:00,,LUDP,LULD pause,Liminal BioSciences Inc. Common Shares,Nasdaq,2019-11-18,,10:51:00,,,,,,nyse,2026-08-07T22:29:30
TBLTU,TBLTU,2019-11-18,11:15:19,,LUDP,LULD pause,"ToughBuilt Industries, Inc. Class A Units",Nasdaq,2019-11-18,,11:20:19,,,,,,nyse,2026-08-07T22:29:30
I,I,2019-11-18,11:48:55,,LUDP,LULD pause,INTELSAT S. A.,NYSE,2019-11-18,,11:54:16,,,,,,nyse,2026-08-07T22:29:30
I,I,2019-11-18,11:57:32,,LUDP,LULD pause,INTELSAT S. A.,NYSE,2019-11-18,,12:02:35,,,,,,nyse,2026-08-07T22:29:30
TBLTU,TBLTU,2019-11-18,12:37:02,,LUDP,LULD pause,"ToughBuilt Industries, Inc. Class A Units",Nasdaq,2019-11-18,,12:42:02,,,,,,nyse,2026-08-07T22:29:30
GAB.PRD,GAB PRD,2019-11-18,13:49:13,,T1,News pending,The Gabelli Equity Trust Inc. 5.875% Ser D Cumulative Pfd,NYSE,2019-11-19,,07:22:24,,,,,,nyse,2026-08-07T22:29:30
GDV.PRD,GDV PRD,2019-11-18,13:49:13,,T1,News pending,The Gabelli Dividend & Income Trust 6.00% Series D Cumulative Preferred Shares,NYSE,2019-11-19,,07:22:51,,,,,,nyse,2026-08-07T22:29:30
GGT.PRB,GGT PRB,2019-11-18,13:49:13,,T1,News pending,Gabelli  Multimedia Trust Inc. 6.00% Series B,NYSE,2019-11-19,,07:23:18,,,,,,nyse,2026-08-07T22:29:30
GSB,GSB,2019-11-18,14:26:09,,T1,News pending,"GlobalSCAPE, Inc.",NYSE American,2019-11-18,,14:50:00,,,,,,nyse,2026-08-07T22:29:30
GCE,GCE,2019-11-18,14:47:50,,LUDP,LULD pause,Claymore/Robb CEF GS Connect ETN,NYSE Arca,2019-11-18,,14:52:50,,,,,,nyse,2026-08-07T22:29:30
SDT,SDT,2019-11-18,16:05:54,,T1,News pending,SANDRIDGE MISSISSIPPIAN TRUST I,NYSE,,,,,,,,,nyse,2026-08-07T22:29:30
MYSZ,MYSZ,2019-11-19,09:30:25,,LUDP,LULD pause,"My Size, Inc",Nasdaq,2019-11-19,,09:35:25,,,,,,nyse,2026-08-07T22:29:30
RELV,RELV,2019-11-19,09:45:15,,LUDP,LULD pause,Reliv International Inc,Nasdaq,2019-11-19,,09:50:15,,,,,,nyse,2026-08-07T22:29:30
UAG,UAG,2019-11-19,09:45:15,,LUDP,LULD pause,ETRACS UBS Bloomberg CMCI Agriculture ETN,NYSE Arca,2019-11-19,,09:50:15,,,,,,nyse,2026-08-07T22:29:30
AXLA,AXLA,2019-11-19,09:46:49,,LUDP,LULD pause,Axcella Health Inc. Common Stock,Nasdaq,2019-11-19,,10:12:47,,,,,,nyse,2026-08-07T22:29:30
VCNX,VCNX,2019-11-19,09:54:07,,LUDP,LULD pause,"Vaccinex, Inc. Common Stock",Nasdaq,2019-11-19,,09:59:07,,,,,,nyse,2026-08-07T22:29:30
AXLA,AXLA,2019-11-19,10:13:02,,LUDP,LULD pause,Axcella Health Inc. Common Stock,Nasdaq,2019-11-19,,10:18:02,,,,,,nyse,2026-08-07T22:29:30
KRTX,KRTX,2019-11-19,10:17:01,,LUDP,LULD pause,"Karuna Therapeutics, Inc. Common Stock",Nasdaq,2019-11-19,,10:22:01,,,,,,nyse,2026-08-07T22:29:30
AXLA,AXLA,2019-11-19,10:18:17,,LUDP,LULD pause,Axcella Health Inc. Common Stock,Nasdaq,2019-11-19,,10:23:17,,,,,,nyse,2026-08-07T22:29:30
NSCO,NSCO,2019-11-19,11:29:43,,LUDP,LULD pause,"Nesco Holdings, Inc. Common Stock",NYSE,2019-11-19,,11:36:46,,,,,,nyse,2026-08-07T22:29:30
NSCO,NSCO,2019-11-19,11:37:09,,LUDP,LULD pause,"Nesco Holdings, Inc. Common Stock",NYSE,2019-11-19,,11:43:35,,,,,,nyse,2026-08-07T22:29:30
IKNX,IKNX,2019-11-19,12:33:07,,LUDP,LULD pause,Ikonics Corp,Nasdaq,2019-11-19,,12:38:07,,,,,,nyse,2026-08-07T22:29:30
ARAV,ARAV,2019-11-20,09:46:10,,LUDP,LULD pause,"Aravive, Inc. Common Stock",Nasdaq,2019-11-20,,09:51:10,,,,,,nyse,2026-08-07T22:29:30
CGIX,CGIX,2019-11-20,10:04:31,,LUDP,LULD pause,"Cancer Genetics, Inc. Common Stock",Nasdaq,2019-11-20,,10:09:31,,,,,,nyse,2026-08-07T22:29:30
ARAV,ARAV,2019-11-20,10:18:43,,LUDP,LULD pause,"Aravive, Inc. Common Stock",Nasdaq,2019-11-20,,10:23:43,,,,,,nyse,2026-08-07T22:29:30
ALNY,ALNY,2019-11-20,11:47:57,,T1,News pending,"Alnylam Pharmaceuticals, Inc.",Nasdaq,2019-11-20,,15:30:00,,,,,,nyse,2026-08-07T22:29:30
IMTE,IMTE,2019-11-20,13:21:23,,LUDP,LULD pause,Integrated Media Technology Limited Ordinary Shares,Nasdaq,2019-11-20,,13:26:23,,,,,,nyse,2026-08-07T22:29:30
KZIA,KZIA,2019-11-20,14:30:12,,LUDP,LULD pause,Kazia Therapeutics Limited American Depositary Shares,Nasdaq,2019-11-20,,14:44:17,,,,,,nyse,2026-08-07T22:29:30
NBSE,NBSE,2019-11-20,14:34:25,,LUDP,LULD pause,"NeuBase Therapeutics, Inc. Common Stock",Nasdaq,2019-11-20,,14:39:25,,,,,,nyse,2026-08-07T22:29:30
KZIA,KZIA,2019-11-20,14:47:00,,LUDP,LULD pause,Kazia Therapeutics Limited American Depositary Shares,Nasdaq,2019-11-20,,15:02:01,,,,,,nyse,2026-08-07T22:29:30
KZIA,KZIA,2019-11-20,15:03:09,,LUDP,LULD pause,Kazia Therapeutics Limited American Depositary Shares,Nasdaq,2019-11-20,,15:08:09,,,,,,nyse,2026-08-07T22:29:30
KZIA,KZIA,2019-11-20,15:08:30,,LUDP,LULD pause,Kazia Therapeutics Limited American Depositary Shares,Nasdaq,2019-11-20,,15:13:30,,,,,,nyse,2026-08-07T22:29:30
CORT,CORT,2019-11-20,15:14:23,,LUDP,LULD pause,Corcept Therapeutics Inc.,Nasdaq,2019-11-20,,15:24:23,,,,,,nyse,2026-08-07T22:29:30
KZIA,KZIA,2019-11-20,15:14:33,,LUDP,LULD pause,Kazia Therapeutics Limited American Depositary Shares,Nasdaq,2019-11-20,,15:24:33,,,,,,nyse,2026-08-07T22:29:30
KZIA,KZIA,2019-11-20,15:24:56,,LUDP,LULD pause,Kazia Therapeutics Limited American Depositary Shares,Nasdaq,2019-11-20,,15:29:56,,,,,,nyse,2026-08-07T22:29:30
CORT,CORT,2019-11-20,15:27:52,,LUDP,LULD pause,Corcept Therapeutics Inc.,Nasdaq,2019-11-20,,15:32:52,,,,,,nyse,2026-08-07T22:29:30
KZIA,KZIA,2019-11-20,15:35:01,,LUDP,LULD pause,Kazia Therapeutics Limited American Depositary Shares,Nasdaq,2019-11-20,,15:40:01,,,,,,nyse,2026-08-07T22:29:30
KZIA,KZIA,2019-11-20,17:20:45,,T1,News pending,Kazia Therapeutics Limited American Depositary Shares,Nasdaq,2019-11-25,,07:10:00,,,,,,nyse,2026-08-07T22:29:30
AVDR,AVDR,2019-11-21,03:05:43,,T1,News pending,"Avedro, Inc Common Stock",Nasdaq,,,,,,,,,nyse,2026-08-07T22:29:30
BMY.RT,BMY RT,2019-11-21,03:50:32,,T1,News pending,Bristol-Myers Squibb Company Contingent Value Rights,NYSE,2019-11-21,,09:31:03,,,,,,nyse,2026-08-07T22:29:30
MCRN,MCRN,2019-11-21,08:10:22,,UNKNOWN,News dissemination,Milacron Holdings Corp.,NYSE,,,,,,,,,nyse,2026-08-07T22:29:30
WAFU,WAFU,2019-11-21,09:34:27,,LUDP,LULD pause,Wah Fu Education Group Limited Ordinary Shares,Nasdaq,2019-11-21,,10:04:28,,,,,,nyse,2026-08-07T22:29:30
WAFU,WAFU,2019-11-21,10:06:29,,LUDP,LULD pause,Wah Fu Education Group Limited Ordinary Shares,Nasdaq,2019-11-21,,10:16:30,,,,,,nyse,2026-08-07T22:29:30
WAFU,WAFU,2019-11-21,10:23:38,,LUDP,LULD pause,Wah Fu Education Group Limited Ordinary Shares,Nasdaq,2019-11-21,,10:28:38,,,,,,nyse,2026-08-07T22:29:30
CIVBP,CIVBP,2019-11-21,10:25:31,,LUDP,LULD pause,"Civista Bancshares, Inc",Nasdaq,2019-11-21,,10:30:31,,,,,,nyse,2026-08-07T22:29:30
CIVBP,CIVBP,2019-11-21,10:30:46,,LUDP,LULD pause,"Civista Bancshares, Inc",Nasdaq,2019-11-21,,10:35:46,,,,,,nyse,2026-08-07T22:29:30
CIVBP,CIVBP,2019-11-21,10:36:01,,LUDP,LULD pause,"Civista Bancshares, Inc",Nasdaq,2019-11-21,,10:41:01,,,,,,nyse,2026-08-07T22:29:30
CAN,CAN,2019-11-21,10:45:34,,LUDP,LULD pause,Canaan Inc. American Depositary Shares,Nasdaq,2019-11-21,,10:50:34,,,,,,nyse,2026-08-07T22:29:30
BPTH,BPTH,2019-11-21,11:30:15,,LUDP,LULD pause,Bio-Path Holdings Inc,Nasdaq,2019-11-21,,11:35:15,,,,,,nyse,2026-08-07T22:29:30
DISHV,DISHV,2019-11-22,04:00:00,,T1,News pending,DISH Network Corporation Subscription Rights to purchase Class A Common Stock,Nasdaq,2019-11-22,,10:50:00,,,,,,nyse,2026-08-07T22:29:30
IGLD,IGLD,2019-11-22,09:31:22,,LUDP,LULD pause,Internet Gold-Golden Lines Ltd,Nasdaq,2019-11-22,,09:46:23,,,,,,nyse,2026-08-07T22:29:30
ASLN,ASLN,2019-11-22,09:43:00,,LUDP,LULD pause,ASLAN Pharmaceuticals Limited American Depositary Shares,Nasdaq,2019-11-22,,09:53:00,,,,,,nyse,2026-08-07T22:29:30
ASLN,ASLN,2019-11-22,09:53:24,,LUDP,LULD pause,ASLAN Pharmaceuticals Limited American Depositary Shares,Nasdaq,2019-11-22,,10:03:24,,,,,,nyse,2026-08-07T22:29:30
ASLN,ASLN,2019-11-22,10:03:49,,LUDP,LULD pause,ASLAN Pharmaceuticals Limited American Depositary Shares,Nasdaq,2019-11-22,,10:08:49,,,,,,nyse,2026-08-07T22:29:30
ASLN,ASLN,2019-11-22,10:09:25,,LUDP,LULD pause,ASLAN Pharmaceuticals Limited American Depositary Shares,Nasdaq,2019-11-22,,10:14:25,,,,,,nyse,2026-08-07T22:29:30
ASLN,ASLN,2019-11-22,10:14:40,,LUDP,LULD pause,ASLAN Pharmaceuticals Limited American Depositary Shares,Nasdaq,2019-11-22,,10:19:40,,,,,,nyse,2026-08-07T22:29:30
ASLN,ASLN,2019-11-22,10:24:26,,LUDP,LULD pause,ASLAN Pharmaceuticals Limited American Depositary Shares,Nasdaq,2019-11-22,,10:29:26,,,,,,nyse,2026-08-07T22:29:30
TCON,TCON,2019-11-22,10:25:33,,LUDP,LULD pause,"TRACON Pharmaceuticals, Inc. Common Stock",Nasdaq,2019-11-22,,10:30:33,,,,,,nyse,2026-08-07T22:29:30
VHC,VHC,2019-11-22,10:27:05,,LUDP,LULD pause,VirnetX Holding Corporation,NYSE American,2019-11-22,,10:32:05,,,,,,nyse,2026-08-07T22:29:30
ASLN,ASLN,2019-11-22,10:31:34,,LUDP,LULD pause,ASLAN Pharmaceuticals Limited American Depositary Shares,Nasdaq,2019-11-22,,10:36:34,,,,,,nyse,2026-08-07T22:29:30
VHC,VHC,2019-11-22,10:33:29,,LUDP,LULD pause,VirnetX Holding Corporation,NYSE American,2019-11-22,,10:38:29,,,,,,nyse,2026-08-07T22:29:30
CPAAU,CPAAU,2019-11-22,10:33:36,,LUDP,LULD pause,Conyers Park II Acquisition Corp. Unit,Nasdaq,2019-11-22,,10:38:36,,,,,,nyse,2026-08-07T22:29:30
ASLN,ASLN,2019-11-22,10:37:58,,LUDP,LULD pause,ASLAN Pharmaceuticals Limited American Depositary Shares,Nasdaq,2019-11-22,,10:42:58,,,,,,nyse,2026-08-07T22:29:30
CPAAU,CPAAU,2019-11-22,10:41:18,,LUDP,LULD pause,Conyers Park II Acquisition Corp. Unit,Nasdaq,2019-11-22,,10:46:18,,,,,,nyse,2026-08-07T22:29:30
ASLN,ASLN,2019-11-22,10:43:46,,LUDP,LULD pause,ASLAN Pharmaceuticals Limited American Depositary Shares,Nasdaq,2019-11-22,,10:48:46,,,,,,nyse,2026-08-07T22:29:30
VHC,VHC,2019-11-22,10:45:47,,LUDP,LULD pause,VirnetX Holding Corporation,NYSE American,2019-11-22,,10:55:47,,,,,,nyse,2026-08-07T22:29:30
ASLN,ASLN,2019-11-22,10:49:29,,LUDP,LULD pause,ASLAN Pharmaceuticals Limited American Depositary Shares,Nasdaq,2019-11-22,,10:54:29,,,,,,nyse,2026-08-07T22:29:30
ASLN,ASLN,2019-11-22,10:55:05,,LUDP,LULD pause,ASLAN Pharmaceuticals Limited American Depositary Shares,Nasdaq,2019-11-22,,11:05:06,,,,,,nyse,2026-08-07T22:29:30
VHC,VHC,2019-11-22,10:58:56,,LUDP,LULD pause,VirnetX Holding Corporation,NYSE American,2019-11-22,,11:08:56,,,,,,nyse,2026-08-07T22:29:30
ASLN,ASLN,2019-11-22,11:05:21,,LUDP,LULD pause,ASLAN Pharmaceuticals Limited American Depositary Shares,Nasdaq,2019-11-22,,11:15:21,,,,,,nyse,2026-08-07T22:29:30
ASLN,ASLN,2019-11-22,11:19:40,,LUDP,LULD pause,ASLAN Pharmaceuticals Limited American Depositary Shares,Nasdaq,2019-11-22,,11:24:40,,,,,,nyse,2026-08-07T22:29:30
VHC,VHC,2019-11-22,11:20:14,,LUDP,LULD pause,VirnetX Holding Corporation,NYSE American,2019-11-22,,11:25:14,,,,,,nyse,2026-08-07T22:29:30
ASLN,ASLN,2019-11-22,11:27:43,,LUDP,LULD pause,ASLAN Pharmaceuticals Limited American Depositary Shares,Nasdaq,2019-11-22,,11:32:43,,,,,,nyse,2026-08-07T22:29:30
ASLN,ASLN,2019-11-22,11:34:09,,LUDP,LULD pause,ASLAN Pharmaceuticals Limited American Depositary Shares,Nasdaq,2019-11-22,,11:39:09,,,,,,nyse,2026-08-07T22:29:30
ASLN,ASLN,2019-11-22,11:53:54,,LUDP,LULD pause,ASLAN Pharmaceuticals Limited American Depositary Shares,Nasdaq,2019-11-22,,11:58:54,,,,,,nyse,2026-08-07T22:29:30
ASLN,ASLN,2019-11-22,12:01:42,,LUDP,LULD pause,ASLAN Pharmaceuticals Limited American Depositary Shares,Nasdaq,2019-11-22,,12:06:42,,,,,,nyse,2026-08-07T22:29:30
ASLN,ASLN,2019-11-22,12:08:00,,LUDP,LULD pause,ASLAN Pharmaceuticals Limited American Depositary Shares,Nasdaq,2019-11-22,,12:18:00,,,,,,nyse,2026-08-07T22:29:30
ASLN,ASLN,2019-11-22,12:26:38,,LUDP,LULD pause,ASLAN Pharmaceuticals Limited American Depositary Shares,Nasdaq,2019-11-22,,12:31:38,,,,,,nyse,2026-08-07T22:29:30
CIVBP,CIVBP,2019-11-22,12:42:44,,LUDP,LULD pause,"Civista Bancshares, Inc",Nasdaq,2019-11-22,,12:47:44,,,,,,nyse,2026-08-07T22:29:30
ASLN,ASLN,2019-11-22,12:46:19,,LUDP,LULD pause,ASLAN Pharmaceuticals Limited American Depositary Shares,Nasdaq,2019-11-22,,12:51:19,,,,,,nyse,2026-08-07T22:29:30
ASLN,ASLN,2019-11-22,12:58:44,,LUDP,LULD pause,ASLAN Pharmaceuticals Limited American Depositary Shares,Nasdaq,2019-11-22,,13:03:44,,,,,,nyse,2026-08-07T22:29:30
ASLN,ASLN,2019-11-22,13:05:35,,LUDP,LULD pause,ASLAN Pharmaceuticals Limited American Depositary Shares,Nasdaq,2019-11-22,,13:10:35,,,,,,nyse,2026-08-07T22:29:30
ASLN,ASLN,2019-11-22,13:31:35,,LUDP,LULD pause,ASLAN Pharmaceuticals Limited American Depositary Shares,Nasdaq,2019-11-22,,13:36:35,,,,,,nyse,2026-08-07T22:29:30
VIVE,VIVE,2019-11-22,13:53:42,,LUDP,LULD pause,VIVEVE MED INC,Nasdaq,2019-11-22,,14:13:43,,,,,,nyse,2026-08-07T22:29:30
SRNE,SRNE,2019-11-25,07:01:19,,T1,News pending,"Sorrento Therapeutics, Inc.",Nasdaq,2019-11-25,,07:30:00,,,,,,nyse,2026-08-07T22:29:30
CBAY,CBAY,2019-11-25,08:00:32,,T1,News pending,Cymabay Therapeutics,Nasdaq,2019-11-25,,08:30:00,,,,,,nyse,2026-08-07T22:29:30
ADMP,ADMP,2019-11-25,08:00:37,,T1,News pending,Adamis Pharmaceuticals Corporation,Nasdaq,2019-11-25,,08:30:00,,,,,,nyse,2026-08-07T22:29:30
WBK,WBK,2019-11-25,08:23:54,,T1,News pending,Westpac Banking Corporation,NYSE,2019-11-25,,16:24:37,,,,,,nyse,2026-08-07T22:29:30
LJPC,LJPC,2019-11-25,08:29:29,,T1,News pending,La Jolla Pharmaceutical Company,Nasdaq,2019-11-25,,09:00:00,,,,,,nyse,2026-08-07T22:29:30
DFND,DFND,2019-11-25,09:45:15,,LUDP,LULD pause,Reality Shares DIVCON Dividend Defender ETF,Cboe BZX,2019-11-25,,09:50:15,,,,,,nyse,2026-08-07T22:29:30
HOML,HOML,2019-11-25,09:45:15,,LUDP,LULD pause,ETRACS Monthly Reset 2xLeveraged ISE Exclusively Homebuilders ETN,NYSE Arca,2019-11-25,,09:50:15,,,,,,nyse,2026-08-07T22:29:30
PECK,PECK,2019-11-25,09:47:47,,LUDP,LULD pause,"The Peck Company Holdings, Inc. Common Stock",Nasdaq,2019-11-25,,09:52:47,,,,,,nyse,2026-08-07T22:29:30
DMPI,DMPI,2019-11-25,09:52:33,,LUDP,LULD pause,"DelMar Pharmaceuticals, Inc. Common Stock",Nasdaq,2019-11-25,,09:57:33,,,,,,nyse,2026-08-07T22:29:30
PECK,PECK,2019-11-25,09:53:18,,LUDP,LULD pause,"The Peck Company Holdings, Inc. Common Stock",Nasdaq,2019-11-25,,09:58:18,,,,,,nyse,2026-08-07T22:29:30
FLL,FLL,2019-11-25,12:24:40,,LUDP,LULD pause,"Full House Resorts, Inc.",Nasdaq,2019-11-25,,12:34:40,,,,,,nyse,2026-08-07T22:29:30
GLG,GLG,2019-11-25,14:17:14,,LUDP,LULD pause,"Bat Group, Inc. Common Stock",Nasdaq,2019-11-25,,14:22:14,,,,,,nyse,2026-08-07T22:29:30
GIG,GIG,2019-11-25,14:26:33,,T1,News pending,"GigCapital, Inc. Common Stock",NYSE,2019-11-26,,08:13:00,,,,,,nyse,2026-08-07T22:29:30
GIG.RT,GIG RT,2019-11-25,14:26:33,,T1,News pending,"GigCapital, Inc. Rights, each exchangeable into one-tenth of one share of Common Stock",NYSE,,,,,,,,,nyse,2026-08-07T22:29:30
GIG.U,GIG U,2019-11-25,14:26:33,,T1,News pending,"GigCapital, Inc.",NYSE,,,,,,,,,nyse,2026-08-07T22:29:30
GIG.WS,GIG WS,2019-11-25,14:26:33,,T1,News pending,"GigCapital, Inc. Warrants, each whole Warrant exercisable for one share of Common Stock at an exerci",NYSE,2019-12-02,,04:05:24,,,,,,nyse,2026-08-07T22:29:30
GBT,GBT,2019-11-25,15:15:05,,T1,News pending,"Global Blood Therapeutics, Inc.",Nasdaq,2019-11-25,,18:30:00,,,,,,nyse,2026-08-07T22:29:30
CCXI,CCXI,2019-11-25,16:00:29,,T1,News pending,"ChemoCentryx, Inc.",Nasdaq,2019-11-25,,16:36:00,,,,,,nyse,2026-08-07T22:29:30
CCCL,CCCL,2019-11-26,09:34:02,,LUDP,LULD pause,China Ceramics Co. Ltd.,Nasdaq,2019-11-26,,09:39:02,,,,,,nyse,2026-08-07T22:29:30
SNDE,SNDE,2019-11-26,09:42:41,,LUDP,LULD pause,Sundance Energy Inc. Common Stock,Nasdaq,2019-11-26,,09:57:12,,,,,,nyse,2026-08-07T22:29:30
CCCL,CCCL,2019-11-26,09:45:41,,LUDP,LULD pause,China Ceramics Co. Ltd.,Nasdaq,2019-11-26,,09:50:41,,,,,,nyse,2026-08-07T22:29:30
SNDE,SNDE,2019-11-26,10:02:30,,LUDP,LULD pause,Sundance Energy Inc. Common Stock,Nasdaq,2019-11-26,,10:12:30,,,,,,nyse,2026-08-07T22:29:30
NLTX,NLTX,2019-11-26,10:11:17,,LUDP,LULD pause,"Neoleukin Therapeutics, Inc. Common Stock",Nasdaq,2019-11-26,,10:16:17,,,,,,nyse,2026-08-07T22:29:30
SNDE,SNDE,2019-11-26,10:14:26,,LUDP,LULD pause,Sundance Energy Inc. Common Stock,Nasdaq,2019-11-26,,10:34:27,,,,,,nyse,2026-08-07T22:29:30
GYB,GYB,2019-11-26,10:15:03,,UNKNOWN,News dissemination,"Corporate Asset Backed Corp., CABCO Trust 2004-101 Goldman Sachs Float",NYSE,2019-11-27,,07:11:38,,,,,,nyse,2026-08-07T22:29:30
SNDE,SNDE,2019-11-26,10:44:28,,LUDP,LULD pause,Sundance Energy Inc. Common Stock,Nasdaq,2019-11-26,,10:49:28,,,,,,nyse,2026-08-07T22:29:30
SNDE,SNDE,2019-11-26,11:03:33,,LUDP,LULD pause,Sundance Energy Inc. Common Stock,Nasdaq,2019-11-26,,11:08:33,,,,,,nyse,2026-08-07T22:29:30
KERN,KERN,2019-11-26,11:22:22,,LUDP,LULD pause,Akerna Corp. Common Stock,Nasdaq,2019-11-26,,11:27:22,,,,,,nyse,2026-08-07T22:29:30
BCDA,BCDA,2019-11-26,11:39:22,,LUDP,LULD pause,"BioCardia, Inc. Common Stock",Nasdaq,2019-11-26,,11:49:23,,,,,,nyse,2026-08-07T22:29:30
TKKSU,TKKSU,2019-11-26,15:49:04,,LUDP,LULD pause,TKK Symphony Acquisition Corporation Unit,Nasdaq,2019-11-27,,11:12:35,,,,,,nyse,2026-08-07T22:29:30
IPDN,IPDN,2019-11-26,16:51:27,,T1,News pending,"Professional Diversity Network, Inc.",Nasdaq,2020-06-24,,07:00:00,,,,,,nyse,2026-08-07T22:29:30
EVH,EVH,2019-11-27,09:43:31,,LUDP,LULD pause,"Evolent Health, Inc Class A Common Stock",NYSE,2019-11-27,,09:49:01,,,,,,nyse,2026-08-07T22:29:30
PNRL,PNRL,2019-11-27,09:45:19,,LUDP,LULD pause,Paringa Resources Limited American Depositary Shares,Nasdaq,2019-11-27,,09:55:19,,,,,,nyse,2026-08-07T22:29:30
EVH,EVH,2019-11-27,09:53:16,,LUDP,LULD pause,"Evolent Health, Inc Class A Common Stock",NYSE,2019-11-27,,09:58:54,,,,,,nyse,2026-08-07T22:29:30
PNRL,PNRL,2019-11-27,09:55:59,,LUDP,LULD pause,Paringa Resources Limited American Depositary Shares,Nasdaq,2019-11-27,,10:05:59,,,,,,nyse,2026-08-07T22:29:30
PNRL,PNRL,2019-11-27,10:06:27,,LUDP,LULD pause,Paringa Resources Limited American Depositary Shares,Nasdaq,2019-11-27,,10:11:27,,,,,,nyse,2026-08-07T22:29:30
MYSZ,MYSZ,2019-11-27,10:09:14,,LUDP,LULD pause,"My Size, Inc",Nasdaq,2019-11-27,,10:19:14,,,,,,nyse,2026-08-07T22:29:30
PNRL,PNRL,2019-11-27,10:16:34,,LUDP,LULD pause,Paringa Resources Limited American Depositary Shares,Nasdaq,2019-11-27,,10:21:34,,,,,,nyse,2026-08-07T22:29:30
MYSZ,MYSZ,2019-11-27,10:20:28,,LUDP,LULD pause,"My Size, Inc",Nasdaq,2019-11-27,,10:25:28,,,,,,nyse,2026-08-07T22:29:30
PNRL,PNRL,2019-11-27,10:22:15,,LUDP,LULD pause,Paringa Resources Limited American Depositary Shares,Nasdaq,2019-11-27,,10:37:15,,,,,,nyse,2026-08-07T22:29:30
ASLN,ASLN,2019-11-27,10:36:51,,LUDP,LULD pause,ASLAN Pharmaceuticals Limited American Depositary Shares,Nasdaq,2019-11-27,,10:41:51,,,,,,nyse,2026-08-07T22:29:30
HEPA,HEPA,2019-11-27,11:08:23,,LUDP,LULD pause,"Hepion Pharmaceuticals, Inc. Common Stock",Nasdaq,2019-11-27,,11:13:23,,,,,,nyse,2026-08-07T22:29:30
TKKSU,TKKSU,2019-11-27,11:39:36,,LUDP,LULD pause,TKK Symphony Acquisition Corporation Unit,Nasdaq,2019-11-27,,11:44:36,,,,,,nyse,2026-08-07T22:29:30
IGLD,IGLD,2019-11-27,12:42:33,,LUDP,LULD pause,Internet Gold-Golden Lines Ltd,Nasdaq,2019-11-27,,12:47:33,,,,,,nyse,2026-08-07T22:29:30
IGLD,IGLD,2019-11-27,12:48:02,,LUDP,LULD pause,Internet Gold-Golden Lines Ltd,Nasdaq,2019-11-27,,13:03:03,,,,,,nyse,2026-08-07T22:29:30
IGLD,IGLD,2019-11-27,13:06:49,,LUDP,LULD pause,Internet Gold-Golden Lines Ltd,Nasdaq,2019-11-27,,13:16:50,,,,,,nyse,2026-08-07T22:29:30
IGLD,IGLD,2019-11-27,13:19:06,,LUDP,LULD pause,Internet Gold-Golden Lines Ltd,Nasdaq,2019-11-27,,13:24:06,,,,,,nyse,2026-08-07T22:29:30
IGLD,IGLD,2019-11-27,13:36:23,,LUDP,LULD pause,Internet Gold-Golden Lines Ltd,Nasdaq,2019-11-27,,13:46:23,,,,,,nyse,2026-08-07T22:29:30
IGLD,IGLD,2019-11-27,13:47:38,,LUDP,LULD pause,Internet Gold-Golden Lines Ltd,Nasdaq,2019-11-27,,13:52:38,,,,,,nyse,2026-08-07T22:29:30
INMB,INMB,2019-11-27,13:50:22,,LUDP,LULD pause,INmune Bio Inc. Common stock,Nasdaq,2019-11-27,,13:55:22,,,,,,nyse,2026-08-07T22:29:30
HEPA,HEPA,2019-11-27,14:08:30,,LUDP,LULD pause,"Hepion Pharmaceuticals, Inc. Common Stock",Nasdaq,2019-11-27,,14:13:30,,,,,,nyse,2026-08-07T22:29:30
HEPA,HEPA,2019-11-27,14:53:34,,LUDP,LULD pause,"Hepion Pharmaceuticals, Inc. Common Stock",Nasdaq,2019-11-27,,14:58:34,,,,,,nyse,2026-08-07T22:29:30
SPEX,SPEX,2019-11-27,15:00:34,,LUDP,LULD pause,Spherix Inc New,Nasdaq,2019-11-27,,15:05:34,,,,,,nyse,2026-08-07T22:29:30
DKT,DKT,2019-11-27,15:20:09,,UNKNOWN,News dissemination,Deutsche Bank Contingent Capital Trust V 8.05% Trust Pfd.,NYSE,2019-11-29,,07:23:42,,,,,,nyse,2026-08-07T22:29:30
KEG,KEG,2019-11-27,16:04:01,,T1,News pending,"Key Energy Services, Inc. Common Stock",NYSE,,,,,,,,,nyse,2026-08-07T22:29:30
GJV,GJV,2019-11-29,08:59:24,,UNKNOWN,News dissemination,"Synthetic Fixed-Income Securities, Inc. 7.00% Fixed Rate Structured Repackaged Asset-Backed Trust Se",NYSE,2019-12-02,,07:09:58,,,,,,nyse,2026-08-07T22:29:30
FTEO,FTEO,2019-11-29,09:45:15,,LUDP,LULD pause,"FRONTEO, Inc. American Depositary Shares",Nasdaq,2019-11-29,,09:50:15,,,,,,nyse,2026-08-07T22:29:30
NSEC,NSEC,2019-11-29,09:50:37,,LUDP,LULD pause,National Security Group Inc,Nasdaq,2019-11-29,,09:55:37,,,,,,nyse,2026-08-07T22:29:30
PT,PT,2019-11-29,10:12:07,,LUDP,LULD pause,Pintec Technology Holdings Limited American Depositary Shares,Nasdaq,2019-11-29,,10:22:07,,,,,,nyse,2026-08-07T22:29:30
KIM.PRJ,KIM PRJ,2019-11-29,11:47:27,,T1,News pending,"KIMCO REALTY CORPORATION Class J Depositary Shares, each of which represents a one-one thousandth fr",NYSE,2019-12-02,,07:10:23,,,,,,nyse,2026-08-07T22:29:30
DRIO,DRIO,2019-11-29,11:54:50,,LUDP,LULD pause,DarioHealth Corp. Common Stock,Nasdaq,2019-11-29,,11:59:50,,,,,,nyse,2026-08-07T22:29:30
BWAY,BWAY,2019-12-02,06:59:27,,T1,News pending,Brainsway Ltd. American Depositary Shares,Nasdaq,2019-12-02,,07:30:00,,,,,,nyse,2026-08-07T22:29:30
KOD,KOD,2019-12-02,09:32:49,,LUDP,LULD pause,Kodiak Sciences Inc Common Stock,Nasdaq,2019-12-02,,09:37:49,,,,,,nyse,2026-08-07T22:29:30
ASLN,ASLN,2019-12-02,09:36:02,,LUDP,LULD pause,ASLAN Pharmaceuticals Limited American Depositary Shares,Nasdaq,2019-12-02,,09:41:02,,,,,,nyse,2026-08-07T22:29:30
KOD,KOD,2019-12-02,09:39:38,,LUDP,LULD pause,Kodiak Sciences Inc Common Stock,Nasdaq,2019-12-02,,09:44:38,,,,,,nyse,2026-08-07T22:29:30
ASLN,ASLN,2019-12-02,09:42:00,,LUDP,LULD pause,ASLAN Pharmaceuticals Limited American Depositary Shares,Nasdaq,2019-12-02,,09:47:00,,,,,,nyse,2026-08-07T22:29:30
HIBL,HIBL,2019-12-02,09:45:15,,LUDP,LULD pause,Direxion Daily S&P 500 High Beta Bull 3X Shares,NYSE Arca,2019-12-02,,09:50:15,,,,,,nyse,2026-08-07T22:29:30
IKNX,IKNX,2019-12-02,09:50:45,,LUDP,LULD pause,Ikonics Corp,Nasdaq,2019-12-02,,09:55:45,,,,,,nyse,2026-08-07T22:29:30
KOD,KOD,2019-12-02,09:53:13,,LUDP,LULD pause,Kodiak Sciences Inc Common Stock,Nasdaq,2019-12-02,,09:58:13,,,,,,nyse,2026-08-07T22:29:30
AKER,AKER,2019-12-02,09:56:44,,LUDP,LULD pause,Akers Biosciences Inc,Nasdaq,2019-12-02,,10:01:44,,,,,,nyse,2026-08-07T22:29:30
EVLO,EVLO,2019-12-02,10:03:27,,LUDP,LULD pause,"Evelo Biosciences, Inc. Common Stock",Nasdaq,2019-12-02,,10:18:28,,,,,,nyse,2026-08-07T22:29:30
KOD,KOD,2019-12-02,10:12:23,,LUDP,LULD pause,Kodiak Sciences Inc Common Stock,Nasdaq,2019-12-02,,10:17:23,,,,,,nyse,2026-08-07T22:29:30
FTEO,FTEO,2019-12-02,10:52:45,,LUDP,LULD pause,"FRONTEO, Inc. American Depositary Shares",Nasdaq,2019-12-02,,11:02:45,,,,,,nyse,2026-08-07T22:29:30
NAVB,NAVB,2019-12-02,11:14:28,,T1,News pending,Navidea Biopharmaceuticals Inc.,NYSE American,2019-12-02,,14:30:00,,,,,,nyse,2026-08-07T22:29:30
VALE,VALE,2019-12-02,12:30:57,,T1,News pending,VALE S.A.,NYSE,2019-12-02,,13:43:14,,,,,,nyse,2026-08-07T22:29:30
TKKS,TKKS,2019-12-02,13:55:35,,LUDP,LULD pause,TKK Symphony Acquisition Corporation Ordinary Share,Nasdaq,2019-12-02,,14:15:36,,,,,,nyse,2026-08-07T22:29:30
TKKSU,TKKSU,2019-12-02,14:12:43,,LUDP,LULD pause,TKK Symphony Acquisition Corporation Unit,Nasdaq,2019-12-02,,14:17:43,,,,,,nyse,2026-08-07T22:29:30
VRAY,VRAY,2019-12-02,16:01:25,,T1,News pending,"ViewRay, Inc.",Nasdaq,2019-12-02,,16:30:00,,,,,,nyse,2026-08-07T22:29:30
BAS,BAS,2019-12-02,16:04:46,,T1,News pending,"Basis Energy Services, Inc.",NYSE,,,,,,,,,nyse,2026-08-07T22:29:30
BOLD,BOLD,2019-12-02,17:59:30,,T1,News pending,"Audentes Therapeutics, Inc",Nasdaq,2019-12-02,,18:30:00,,,,,,nyse,2026-08-07T22:29:30
CARA,CARA,2019-12-03,07:00:06,,T1,News pending,"Cara Therapeutics, Inc.",Nasdaq,2019-12-03,,07:30:00,,,,,,nyse,2026-08-07T22:29:30
ARDX,ARDX,2019-12-03,07:22:17,,T1,News pending,"Ardelyx, Inc.",Nasdaq,2019-12-03,,07:55:00,,,,,,nyse,2026-08-07T22:29:30
BOCH,BOCH,2019-12-03,09:51:27,,LUDP,LULD pause,Bank of Commerce Holdings (CA),Nasdaq,2019-12-03,,09:56:27,,,,,,nyse,2026-08-07T22:29:30
FRG,FRG,2019-12-03,09:58:50,,LUDP,LULD pause,"Franchise Group, Inc.",Nasdaq,2019-12-03,,10:03:50,,,,,,nyse,2026-08-07T22:29:30
BCDA,BCDA,2019-12-03,10:00:22,,LUDP,LULD pause,"BioCardia, Inc. Common Stock",Nasdaq,2019-12-03,,10:05:22,,,,,,nyse,2026-08-07T22:29:30
CLXT,CLXT,2019-12-03,10:01:26,,LUDP,LULD pause,"Calyxt, Inc. Common Stock",Nasdaq,2019-12-03,,10:06:26,,,,,,nyse,2026-08-07T22:29:30
YCBD,YCBD,2019-12-03,10:50:26,,T1,News pending,"cbdMD, Inc. Common Stock",NYSE American,2019-12-03,,11:20:00,,,,,,nyse,2026-08-07T22:29:30
YCBD.PRA,YCBD PRA,2019-12-03,10:50:53,,T1,News pending,"cbdMD, Inc. 8.0% Series A Cumulative Convertible Preferred Stock",NYSE American,2019-12-03,,11:15:00,,,,,,nyse,2026-08-07T22:29:30
IBIO,IBIO,2019-12-03,12:29:28,,T1,News pending,"iBio, Inc.",NYSE American,2019-12-03,,12:45:00,,,,,,nyse,2026-08-07T22:29:30
EQ,EQ,2019-12-03,14:58:11,,LUDP,LULD pause,"Equillium, Inc. Common Stock",Nasdaq,2019-12-03,,15:08:11,,,,,,nyse,2026-08-07T22:29:30
INST,INST,2019-12-04,08:23:58,,T1,News pending,"Instructure, Inc.",NYSE,2019-12-04,,08:41:47,,,,,,nyse,2026-08-07T22:29:30
CBM,CBM,2019-12-04,08:24:52,,UNKNOWN,News dissemination,Cambrex Corporation,NYSE,,,,,,,,,nyse,2026-08-07T22:29:30
AMBO,AMBO,2019-12-04,09:45:15,,LUDP,LULD pause,"Ambow Education Holding Ltd. American Depository Shares, each representing two Class A ordinary shar",NYSE American,2019-12-04,,09:50:15,,,,,,nyse,2026-08-07T22:29:30
PTGX,PTGX,2019-12-04,09:47:00,,LUDP,LULD pause,"Protagonist Therapeutics, Inc",Nasdaq,2019-12-04,,09:52:00,,,,,,nyse,2026-08-07T22:29:30
UROV,UROV,2019-12-04,09:51:11,,LUDP,LULD pause,Urovant Sciences Ltd.,Nasdaq,2019-12-04,,09:56:11,,,,,,nyse,2026-08-07T22:29:30
OBAS,OBAS,2019-12-04,10:15:56,,LUDP,LULD pause,Optibase Ltd,Nasdaq,2019-12-04,,10:20:56,,,,,,nyse,2026-08-07T22:29:30
ARDS,ARDS,2019-12-04,11:54:52,,LUDP,LULD pause,Aridis Pharmaceuticals Inc. Common Stock,Nasdaq,2019-12-04,,11:59:52,,,,,,nyse,2026-08-07T22:29:30
ALLK,ALLK,2019-12-04,14:27:02,,LUDP,LULD pause,Allakos Inc.,Nasdaq,2019-12-04,,14:37:03,,,,,,nyse,2026-08-07T22:29:30
RESI,RESI,2019-12-04,15:18:35,,LUDP,LULD pause,Front Yard Residential Corporation Common Stock,NYSE,2019-12-04,,15:23:41,,,,,,nyse,2026-08-07T22:29:30
AUPH,AUPH,2019-12-04,16:00:23,,T1,News pending,Aurinia Pharmaceuticals Inc,Nasdaq,2019-12-04,,16:35:00,,,,,,nyse,2026-08-07T22:29:30
VRNT,VRNT,2019-12-04,16:01:02,,T1,News pending,Verint Systems Inc,Nasdaq,2019-12-04,,16:35:00,,,,,,nyse,2026-08-07T22:29:30
DHXM,DHXM,2019-12-05,06:55:42,,T1,News pending,DHX Media Ltd. Common Voting and Variable Voting Shares,Nasdaq,2019-12-05,,07:30:00,,,,,,nyse,2026-08-07T22:29:30
SEMG,SEMG,2019-12-05,08:12:45,,UNKNOWN,News dissemination,SEMGROUP CORPORATION,NYSE,,,,,,,,,nyse,2026-08-07T22:29:30
GNMX,GNMX,2019-12-05,08:40:01,,T1,News pending,"Aevi Genomic Medicine, Inc.",Nasdaq,2019-12-05,,09:15:00,,,,,,nyse,2026-08-07T22:29:30
SAGE,SAGE,2019-12-05,09:45:37,,LUDP,LULD pause,"Sage Therapeutics, Inc",Nasdaq,2019-12-05,,09:50:37,,,,,,nyse,2026-08-07T22:29:30
SAGE,SAGE,2019-12-05,09:59:30,,LUDP,LULD pause,"Sage Therapeutics, Inc",Nasdaq,2019-12-05,,10:04:30,,,,,,nyse,2026-08-07T22:29:30
NMRD,NMRD,2019-12-05,10:01:53,,LUDP,LULD pause,"Nemaura Medical, Inc. Common Stock",Nasdaq,2019-12-05,,10:11:53,,,,,,nyse,2026-08-07T22:29:30
BLRX,BLRX,2019-12-05,10:07:41,,LUDP,LULD pause,BioLineRX Ltd,Nasdaq,2019-12-05,,10:12:41,,,,,,nyse,2026-08-07T22:29:30
SAGE,SAGE,2019-12-05,10:08:15,,LUDP,LULD pause,"Sage Therapeutics, Inc",Nasdaq,2019-12-05,,10:13:15,,,,,,nyse,2026-08-07T22:29:30
NMRD,NMRD,2019-12-05,10:14:20,,LUDP,LULD pause,"Nemaura Medical, Inc. Common Stock",Nasdaq,2019-12-05,,10:19:20,,,,,,nyse,2026-08-07T22:29:30
BIIB,BIIB,2019-12-05,10:55:01,,T1,News pending,Biogen Inc. Common Stock,Nasdaq,2019-12-05,,11:35:00,,,,,,nyse,2026-08-07T22:29:30
ICON,ICON,2019-12-05,11:10:09,,T1,News pending,"Iconix Brand Group, Inc.",Nasdaq,2019-12-05,,16:15:00,,,,,,nyse,2026-08-07T22:29:30
NMRD,NMRD,2019-12-05,13:12:19,,LUDP,LULD pause,"Nemaura Medical, Inc. Common Stock",Nasdaq,2019-12-05,,13:17:19,,,,,,nyse,2026-08-07T22:29:30
WHLM,WHLM,2019-12-05,13:47:23,,LUDP,LULD pause,"Wilhelmina International, Inc",Nasdaq,2019-12-05,,13:52:23,,,,,,nyse,2026-08-07T22:29:30
GYB.CL,GYB CL,2019-12-06,04:00:23,,T1,News pending,"Corporate Asset Backed Corp., CABCO Trust 2004-101 Goldman Sachs Float",NYSE,,,,,,,,,nyse,2026-08-07T22:29:30
ALXN,ALXN,2019-12-06,08:26:16,,T1,News pending,Alexion Pharmaceuticals Inc,Nasdaq,2019-12-06,,09:00:00,,,,,,nyse,2026-08-07T22:29:30
ROAN,ROAN,2019-12-06,08:30:01,,UNKNOWN,News dissemination,"Roan Resources, Inc.",NYSE,,,,,,,,,nyse,2026-08-07T22:29:30
SNDE,SNDE,2019-12-06,11:46:12,,LUDP,LULD pause,Sundance Energy Inc. Common Stock,Nasdaq,2019-12-06,,11:51:12,,,,,,nyse,2026-08-07T22:29:30
WHLM,WHLM,2019-12-06,12:06:07,,LUDP,LULD pause,"Wilhelmina International, Inc",Nasdaq,2019-12-06,,12:11:07,,,,,,nyse,2026-08-07T22:29:30
MYSZ,MYSZ,2019-12-06,12:19:03,,LUDP,LULD pause,"My Size, Inc",Nasdaq,2019-12-06,,12:24:03,,,,,,nyse,2026-08-07T22:29:30
WKEY,WKEY,2019-12-06,12:37:37,,LUDP,LULD pause,WISeKey International Holding AG American Depositary Shares,Nasdaq,2019-12-06,,12:42:37,,,,,,nyse,2026-08-07T22:29:30
WKEY,WKEY,2019-12-06,12:54:37,,LUDP,LULD pause,WISeKey International Holding AG American Depositary Shares,Nasdaq,2019-12-06,,12:59:37,,,,,,nyse,2026-08-07T22:29:30
SPRT,SPRT,2019-12-06,17:01:33,,T1,News pending,"support.com, Inc.",Nasdaq,2019-12-06,,17:30:00,,,,,,nyse,2026-08-07T22:29:30
TFC.PRI,TFC PRI,2019-12-09,03:50:24,,T1,News pending,"Truist Financial Corporation Depositary Shares, each representing 1/4,000th interest in a share of S",NYSE,2019-12-09,,09:32:18,,,,,,nyse,2026-08-07T22:29:30
LMLB,LMLB,2019-12-09,09:45:15,,LUDP,LULD pause,"ETRACS Monthly Pay 2xLeveraged Wells Fargo MLP Ex-Energy ETN Series B due October 21, 2049",NYSE Arca,2019-12-09,,09:55:15,,,,,,nyse,2026-08-07T22:29:30
FTSV,FTSV,2019-12-09,09:47:56,,LUDP,LULD pause,"Forty Seven, Inc. Common Stock",Nasdaq,2019-12-09,,09:52:56,,,,,,nyse,2026-08-07T22:29:30
FTSV,FTSV,2019-12-09,09:54:43,,LUDP,LULD pause,"Forty Seven, Inc. Common Stock",Nasdaq,2019-12-09,,09:59:43,,,,,,nyse,2026-08-07T22:29:30
CNST,CNST,2019-12-09,10:04:04,,LUDP,LULD pause,"Constellation Pharmaceuticals, Inc.",Nasdaq,2019-12-09,,10:14:04,,,,,,nyse,2026-08-07T22:29:30
DTIL,DTIL,2019-12-09,10:06:12,,LUDP,LULD pause,"Precision BioSciences, Inc. Common Stock",Nasdaq,2019-12-09,,10:11:12,,,,,,nyse,2026-08-07T22:29:30
DTIL,DTIL,2019-12-09,10:11:56,,LUDP,LULD pause,"Precision BioSciences, Inc. Common Stock",Nasdaq,2019-12-09,,10:16:56,,,,,,nyse,2026-08-07T22:29:30
DTIL,DTIL,2019-12-09,10:17:31,,LUDP,LULD pause,"Precision BioSciences, Inc. Common Stock",Nasdaq,2019-12-09,,10:22:31,,,,,,nyse,2026-08-07T22:29:30
BCDA,BCDA,2019-12-09,10:38:16,,LUDP,LULD pause,"BioCardia, Inc. Common Stock",Nasdaq,2019-12-09,,10:43:16,,,,,,nyse,2026-08-07T22:29:30
NSEC,NSEC,2019-12-09,12:42:31,,LUDP,LULD pause,National Security Group Inc,Nasdaq,2019-12-09,,12:47:31,,,,,,nyse,2026-08-07T22:29:30
CNST,CNST,2019-12-09,13:17:33,,LUDP,LULD pause,"Constellation Pharmaceuticals, Inc.",Nasdaq,2019-12-09,,13:22:33,,,,,,nyse,2026-08-07T22:29:30
HSACU,HSACU,2019-12-09,15:39:22,,LUDP,LULD pause,Health Sciences Acquisitions Corporation Units,Nasdaq,2019-12-09,,15:44:22,,,,,,nyse,2026-08-07T22:29:30
SUPN,SUPN,2019-12-09,16:10:01,,T1,News pending,"Supernus Pharmaceuticals, Inc.",Nasdaq,2019-12-09,,16:45:00,,,,,,nyse,2026-08-07T22:29:30
BANX,BANX,2019-12-09,16:27:47,,T1,News pending,StoneCastle Financial Corporation,Nasdaq,2019-12-09,,17:19:38,,,,,,nyse,2026-08-07T22:29:30
CORV,CORV,2019-12-10,06:55:16,,T1,News pending,Correvio Pharma Corp. Ordinary Shares (Canada),Nasdaq,2019-12-10,,16:50:00,,,,,,nyse,2026-08-07T22:29:30
ITRM,ITRM,2019-12-10,09:47:46,,LUDP,LULD pause,Iterum Therapeutics plc Ordinary Share,Nasdaq,2019-12-10,,09:57:46,,,,,,nyse,2026-08-07T22:29:30
ITRM,ITRM,2019-12-10,09:58:12,,LUDP,LULD pause,Iterum Therapeutics plc Ordinary Share,Nasdaq,2019-12-10,,10:09:53,,,,,,nyse,2026-08-07T22:29:30
ITRM,ITRM,2019-12-10,10:10:22,,LUDP,LULD pause,Iterum Therapeutics plc Ordinary Share,Nasdaq,2019-12-10,,10:20:22,,,,,,nyse,2026-08-07T22:29:30
ITRM,ITRM,2019-12-10,10:20:50,,LUDP,LULD pause,Iterum Therapeutics plc Ordinary Share,Nasdaq,2019-12-10,,10:30:50,,,,,,nyse,2026-08-07T22:29:30
TCCO,TCCO,2019-12-10,10:44:07,,LUDP,LULD pause,Technical Communications Corporation,Nasdaq,2019-12-10,,10:49:07,,,,,,nyse,2026-08-07T22:29:30
TKKSU,TKKSU,2019-12-10,11:42:48,,LUDP,LULD pause,TKK Symphony Acquisition Corporation Unit,Nasdaq,2019-12-10,,11:47:48,,,,,,nyse,2026-08-07T22:29:30
CEI,CEI,2019-12-10,12:24:00,,LUDP,LULD pause,"Camber Energy, Inc",NYSE American,2019-12-10,,12:29:00,,,,,,nyse,2026-08-07T22:29:30
HSACU,HSACU,2019-12-10,15:51:14,,LUDP,LULD pause,Health Sciences Acquisitions Corporation Units,Nasdaq,2019-12-10,,16:08:53,,,,,,nyse,2026-08-07T22:29:30
ITRM,ITRM,2019-12-10,16:06:43,,T1,News pending,Iterum Therapeutics plc Ordinary Share,Nasdaq,2019-12-10,,16:42:00,,,,,,nyse,2026-08-07T22:29:30
HSACU,HSACU,2019-12-11,09:58:00,,LUDP,LULD pause,Health Sciences Acquisitions Corporation Units,Nasdaq,2019-12-11,,10:08:01,,,,,,nyse,2026-08-07T22:29:30
MGNX,MGNX,2019-12-11,10:01:29,,LUDP,LULD pause,"MacroGenics, Inc.",Nasdaq,2019-12-11,,10:06:29,,,,,,nyse,2026-08-07T22:29:30
MGNX,MGNX,2019-12-11,10:06:48,,LUDP,LULD pause,"MacroGenics, Inc.",Nasdaq,2019-12-11,,10:11:48,,,,,,nyse,2026-08-07T22:29:30
MGNX,MGNX,2019-12-11,10:12:38,,LUDP,LULD pause,"MacroGenics, Inc.",Nasdaq,2019-12-11,,10:17:38,,,,,,nyse,2026-08-07T22:29:30
LOGM,LOGM,2019-12-11,10:54:26,,LUDP,LULD pause,"LogMein, Inc.",Nasdaq,2019-12-11,,10:59:26,,,,,,nyse,2026-08-07T22:29:30
CTIB,CTIB,2019-12-11,14:59:07,,LUDP,LULD pause,CTI Industries Corp,Nasdaq,2019-12-11,,15:04:07,,,,,,nyse,2026-08-07T22:29:30
FTNW,FTNW,2019-12-11,15:04:04,,T1,News pending,"FTE Networks, Inc.",NYSE American,,,,,,,,,nyse,2026-08-07T22:29:30
CTIB,CTIB,2019-12-11,15:05:14,,LUDP,LULD pause,CTI Industries Corp,Nasdaq,2019-12-11,,15:10:14,,,,,,nyse,2026-08-07T22:29:30
CTIB,CTIB,2019-12-11,15:12:03,,LUDP,LULD pause,CTI Industries Corp,Nasdaq,2019-12-11,,15:17:03,,,,,,nyse,2026-08-07T22:29:30
FORM,FORM,2019-12-11,16:00:40,,T1,News pending,FormFactor Inc.,Nasdaq,2019-12-11,,16:35:00,,,,,,nyse,2026-08-07T22:29:30
TRVI,TRVI,2019-12-12,09:46:50,,LUDP,LULD pause,"Trevi Therapeutics, Inc. Common Stock",Nasdaq,2019-12-12,,09:56:50,,,,,,nyse,2026-08-07T22:29:30
PTVCA,PTVCA,2019-12-12,10:31:30,,LUDP,LULD pause,Protective Insurance Corporation Class A Common Stock,Nasdaq,2019-12-12,,10:36:30,,,,,,nyse,2026-08-07T22:29:30
LTRPB,LTRPB,2019-12-12,12:36:30,,LUDP,LULD pause,"Liberty TripAdvisor Holdings, Inc. Series B",Nasdaq,2019-12-12,,12:41:30,,,,,,nyse,2026-08-07T22:29:30
SRPT,SRPT,2019-12-12,17:51:35,,T1,News pending,"Sarepta Therapeutics,, Inc. Common Stock",Nasdaq,2019-12-12,,18:40:00,,,,,,nyse,2026-08-07T22:29:30
FCSC,FCSC,2019-12-13,03:58:00,,T1,News pending,Fibrocell Science Inc.,Nasdaq,,,,,,,,,nyse,2026-08-07T22:29:30
HZNP,HZNP,2019-12-13,06:55:07,,T1,News pending,Horizon Therapeutics Public Limited Company Ordinary Shares,Nasdaq,2019-12-13,,16:30:00,,,,,,nyse,2026-08-07T22:29:30
NAK,NAK,2019-12-13,09:29:00,,T1,News pending,"Northern Dynasty Minerals, Ltd.",NYSE American,2019-12-13,,10:00:00,,,,,,nyse,2026-08-07T22:29:30
MCMJ,MCMJ,2019-12-13,09:31:42,,LUDP,LULD pause,Merida Merger Corp. I Common Stock,Nasdaq,2019-12-13,,09:36:42,,,,,,nyse,2026-08-07T22:29:30
MCMJ,MCMJ,2019-12-13,09:37:01,,LUDP,LULD pause,Merida Merger Corp. I Common Stock,Nasdaq,2019-12-13,,09:42:01,,,,,,nyse,2026-08-07T22:29:30
MCMJ,MCMJ,2019-12-13,09:49:19,,LUDP,LULD pause,Merida Merger Corp. I Common Stock,Nasdaq,2019-12-13,,09:59:20,,,,,,nyse,2026-08-07T22:29:30
HSAC,HSAC,2019-12-13,10:06:05,,LUDP,LULD pause,Health Sciences Acquisitions Corporation Common Stock,Nasdaq,2019-12-13,,10:11:05,,,,,,nyse,2026-08-07T22:29:30
LTRPB,LTRPB,2019-12-13,10:06:58,,LUDP,LULD pause,"Liberty TripAdvisor Holdings, Inc. Series B",Nasdaq,2019-12-13,,10:11:58,,,,,,nyse,2026-08-07T22:29:30
LMPX,LMPX,2019-12-13,10:23:03,,LUDP,LULD pause,"LMP Automotive Holdings, Inc. Common Stock",Nasdaq,2019-12-13,,10:28:03,,,,,,nyse,2026-08-07T22:29:30
AGGE,AGGE,2019-12-13,11:32:46,,T1,News pending,IQ Enhanced Core Bond U.S. ETF,NYSE Arca,2019-12-13,,12:15:00,,,,,,nyse,2026-08-07T22:29:30
TNDM,TNDM,2019-12-13,11:33:57,,T1,News pending,"Tandem Diabetes Care, Inc.",Nasdaq,2019-12-13,,14:00:00,,,,,,nyse,2026-08-07T22:29:30
LMPX,LMPX,2019-12-13,12:54:40,,LUDP,LULD pause,"LMP Automotive Holdings, Inc. Common Stock",Nasdaq,2019-12-13,,12:59:40,,,,,,nyse,2026-08-07T22:29:30
AMRN,AMRN,2019-12-13,13:06:25,,T1,News pending,Amarin Corp Plc,Nasdaq,2019-12-13,,17:30:00,,,,,,nyse,2026-08-07T22:29:30
BGNE,BGNE,2019-12-16,06:57:14,,T1,News pending,"BeiGene, Ltd. American Depositary Shares",Nasdaq,2019-12-16,,07:30:00,,,,,,nyse,2026-08-07T22:29:30
ONVO,ONVO,2019-12-16,06:57:14,,T1,News pending,Organovo Holdings Inc.,Nasdaq,2019-12-16,,07:30:00,,,,,,nyse,2026-08-07T22:29:30
WBK,WBK,2019-12-16,07:00:03,,T1,News pending,Westpac Banking Corporation,NYSE,2019-12-17,,07:00:01,,,,,,nyse,2026-08-07T22:29:30
ELLO,ELLO,2019-12-16,07:37:48,,T1,News pending,Ellomay Capital LTD,NYSE American,2019-12-16,,08:05:00,,,,,,nyse,2026-08-07T22:29:30
LMPX,LMPX,2019-12-16,09:45:16,,LUDP,LULD pause,"LMP Automotive Holdings, Inc. Common Stock",Nasdaq,2019-12-16,,09:55:16,,,,,,nyse,2026-08-07T22:29:30
MIRM,MIRM,2019-12-16,09:45:44,,LUDP,LULD pause,"Mirum Pharmaceuticals, Inc. Common Stock",Nasdaq,2019-12-16,,09:50:44,,,,,,nyse,2026-08-07T22:29:30
PACQU,PACQU,2019-12-16,09:52:11,,LUDP,LULD pause,Pure Acquisition Corp. Unit,Nasdaq,2019-12-16,,09:57:11,,,,,,nyse,2026-08-07T22:29:30
MIRM,MIRM,2019-12-16,09:59:07,,LUDP,LULD pause,"Mirum Pharmaceuticals, Inc. Common Stock",Nasdaq,2019-12-16,,10:04:07,,,,,,nyse,2026-08-07T22:29:30
MEET,MEET,2019-12-16,11:44:59,,LUDP,LULD pause,"The Meet Group, Inc. Common Stock",Nasdaq,2019-12-16,,11:49:59,,,,,,nyse,2026-08-07T22:29:30
TLC,TLC,2019-12-16,12:29:14,,LUDP,LULD pause,"Taiwan Liposome Company, Ltd. American Depository Shares",Nasdaq,2019-12-16,,12:39:15,,,,,,nyse,2026-08-07T22:29:30
TLC,TLC,2019-12-16,12:49:25,,LUDP,LULD pause,"Taiwan Liposome Company, Ltd. American Depository Shares",Nasdaq,2019-12-16,,12:54:25,,,,,,nyse,2026-08-07T22:29:30
TLC,TLC,2019-12-16,12:55:32,,LUDP,LULD pause,"Taiwan Liposome Company, Ltd. American Depository Shares",Nasdaq,2019-12-16,,13:00:32,,,,,,nyse,2026-08-07T22:29:30
PUYI,PUYI,2019-12-16,13:42:02,,LUDP,LULD pause,Puyi Inc. American Depository Shares,Nasdaq,2019-12-16,,13:47:02,,,,,,nyse,2026-08-07T22:29:30
PBA,PBA,2019-12-16,14:08:21,,T1,News pending,PEMBINA PIPELINE CORPORATION,NYSE,2019-12-16,,14:40:04,,,,,,nyse,2026-08-07T22:29:30
ONCE,ONCE,2019-12-17,07:31:13,,T1,News pending,"Spark Therapeutics, Inc. Common Stock",Nasdaq,,,,,,,,,nyse,2026-08-07T22:29:30
ADMS,ADMS,2019-12-17,08:55:02,,T1,News pending,"Adamas Pharmaceuticals, Inc.",Nasdaq,2019-12-17,,09:50:00,,,,,,nyse,2026-08-07T22:29:30
LOGM,LOGM,2019-12-17,09:20:20,,T1,News pending,"LogMein, Inc.",Nasdaq,2019-12-17,,09:50:00,,,,,,nyse,2026-08-07T22:29:30
CETXP,CETXP,2019-12-17,09:46:57,,LUDP,LULD pause,Cemtrex Inc. Series 1 Preferred Stock,Nasdaq,2019-12-17,,09:51:57,,,,,,nyse,2026-08-07T22:29:30
ADMS,ADMS,2019-12-17,09:50:28,,LUDP,LULD pause,"Adamas Pharmaceuticals, Inc.",Nasdaq,2019-12-17,,10:05:29,,,,,,nyse,2026-08-07T22:29:30
ROSEU,ROSEU,2019-12-17,10:17:09,,LUDP,LULD pause,Rosehill Resources Inc. Unit,Nasdaq,2019-12-17,,10:22:09,,,,,,nyse,2026-08-07T22:29:30
XXII,XXII,2019-12-17,10:26:44,,LUDP,LULD pause,22nd Century Group Inc.,NYSE American,2019-12-17,,10:31:44,,,,,,nyse,2026-08-07T22:29:30
ROSEU,ROSEU,2019-12-17,10:37:27,,LUDP,LULD pause,Rosehill Resources Inc. Unit,Nasdaq,2019-12-17,,10:42:27,,,,,,nyse,2026-08-07T22:29:30
SBFGP,SBFGP,2019-12-17,12:54:42,,LUDP,LULD pause,"SB Financial Group, Inc.",Nasdaq,2019-12-17,,12:59:42,,,,,,nyse,2026-08-07T22:29:30
NAOV,NAOV,2019-12-17,12:58:58,,LUDP,LULD pause,"NanoVibronix, Inc. Common Stock",Nasdaq,2019-12-17,,13:03:58,,,,,,nyse,2026-08-07T22:29:30
SBFGP,SBFGP,2019-12-17,12:59:57,,LUDP,LULD pause,"SB Financial Group, Inc.",Nasdaq,2019-12-17,,13:04:57,,,,,,nyse,2026-08-07T22:29:30
SBFGP,SBFGP,2019-12-17,13:05:12,,LUDP,LULD pause,"SB Financial Group, Inc.",Nasdaq,2019-12-17,,13:10:12,,,,,,nyse,2026-08-07T22:29:30
ACHV,ACHV,2019-12-17,13:07:09,,LUDP,LULD pause,"Achieve Life Sciences, Inc.",Nasdaq,2019-12-17,,13:17:09,,,,,,nyse,2026-08-07T22:29:30
SBFGP,SBFGP,2019-12-17,13:10:27,,LUDP,LULD pause,"SB Financial Group, Inc.",Nasdaq,2019-12-17,,13:15:27,,,,,,nyse,2026-08-07T22:29:30
SBFGP,SBFGP,2019-12-17,13:15:42,,LUDP,LULD pause,"SB Financial Group, Inc.",Nasdaq,2019-12-17,,13:20:42,,,,,,nyse,2026-08-07T22:29:30
SBFGP,SBFGP,2019-12-17,13:20:57,,LUDP,LULD pause,"SB Financial Group, Inc.",Nasdaq,2019-12-17,,13:25:57,,,,,,nyse,2026-08-07T22:29:30
SBFGP,SBFGP,2019-12-17,13:26:12,,LUDP,LULD pause,"SB Financial Group, Inc.",Nasdaq,2019-12-17,,13:31:12,,,,,,nyse,2026-08-07T22:29:30
SBFGP,SBFGP,2019-12-17,13:33:48,,LUDP,LULD pause,"SB Financial Group, Inc.",Nasdaq,2019-12-17,,13:38:48,,,,,,nyse,2026-08-07T22:29:30
SBFGP,SBFGP,2019-12-17,13:39:03,,LUDP,LULD pause,"SB Financial Group, Inc.",Nasdaq,2019-12-17,,13:44:03,,,,,,nyse,2026-08-07T22:29:30
SBFGP,SBFGP,2019-12-17,13:44:18,,LUDP,LULD pause,"SB Financial Group, Inc.",Nasdaq,2019-12-17,,13:49:18,,,,,,nyse,2026-08-07T22:29:30
SBFGP,SBFGP,2019-12-17,13:49:33,,LUDP,LULD pause,"SB Financial Group, Inc.",Nasdaq,2019-12-17,,13:54:33,,,,,,nyse,2026-08-07T22:29:30
SBFGP,SBFGP,2019-12-17,13:54:48,,LUDP,LULD pause,"SB Financial Group, Inc.",Nasdaq,2019-12-17,,13:59:48,,,,,,nyse,2026-08-07T22:29:30
AXS.PRD,AXS PRD,2019-12-17,14:58:28,,T1,News pending,AXIS CAPITAL HOLDINGS LIMITED 5.50%  SERIES D,NYSE,2019-12-18,,07:10:00,,,,,,nyse,2026-08-07T22:29:30
MSM,MSM,2019-12-17,15:00:30,,T1,News pending,"MSC Industrial Direct Co., Inc. Class A",NYSE,2019-12-17,,15:42:56,,,,,,nyse,2026-08-07T22:29:30
HCCH,HCCH,2019-12-17,16:00:12,,T1,News pending,HL Acquisitions Corp. Ordinary Shares,Nasdaq,2019-12-17,,16:30:00,,,,,,nyse,2026-08-07T22:29:30
HCCHR,HCCHR,2019-12-17,16:00:12,,T1,News pending,HL Acquisitions Corp. Right,Nasdaq,2019-12-17,,16:32:36,,,,,,nyse,2026-08-07T22:29:30
HCCHU,HCCHU,2019-12-17,16:00:12,,T1,News pending,HL Acquisitions Corp. Unit,Nasdaq,2019-12-17,,20:00:00,,,,,,nyse,2026-08-07T22:29:30
HCCHW,HCCHW,2019-12-17,16:00:12,,T1,News pending,HL Acquisitions Corp. Warrant,Nasdaq,2019-12-17,,16:30:00,,,,,,nyse,2026-08-07T22:29:30
HCCHU,HCCHU,2019-12-18,00:23:48,,T1,News pending,HL Acquisitions Corp. Unit,Nasdaq,2019-12-18,,13:05:39,,,,,,nyse,2026-08-07T22:29:30
OHAI,OHAI,2019-12-18,03:58:00,,T1,News pending,OHA Investment Corporation,Nasdaq,2019-12-18,,08:40:00,,,,,,nyse,2026-08-07T22:29:30
EPZM,EPZM,2019-12-18,06:55:04,,T1,News pending,"Epizyme, Inc",Nasdaq,2019-12-18,,14:30:00,,,,,,nyse,2026-08-07T22:29:30
SYRS,SYRS,2019-12-18,06:55:22,,T1,News pending,"Syros Pharmaceuticals, Inc. Common Stock",Nasdaq,2019-12-18,,07:30:00,,,,,,nyse,2026-08-07T22:29:30
RARE,RARE,2019-12-18,08:26:52,,T1,News pending,Ultragenyx Pharmaceutical Inc.,Nasdaq,2019-12-18,,09:00:00,,,,,,nyse,2026-08-07T22:29:30
TWMC,TWMC,2019-12-18,09:30:25,,LUDP,LULD pause,Trans World Entertainment,Nasdaq,2019-12-18,,09:45:33,,,,,,nyse,2026-08-07T22:29:30
DJCI,DJCI,2019-12-18,09:45:15,,LUDP,LULD pause,"ETRACS Linked to the Bloomberg Commodity Index Total Return due October 31, 2039",NYSE Arca,2019-12-18,,09:50:15,,,,,,nyse,2026-08-07T22:29:30
TWMC,TWMC,2019-12-18,09:48:01,,LUDP,LULD pause,Trans World Entertainment,Nasdaq,2019-12-18,,09:53:01,,,,,,nyse,2026-08-07T22:29:30
WKEY,WKEY,2019-12-18,09:48:42,,LUDP,LULD pause,WISeKey International Holding AG American Depositary Shares,Nasdaq,2019-12-18,,09:53:42,,,,,,nyse,2026-08-07T22:29:30
TKKSU,TKKSU,2019-12-18,09:52:05,,LUDP,LULD pause,TKK Symphony Acquisition Corporation Unit,Nasdaq,2019-12-18,,09:57:05,,,,,,nyse,2026-08-07T22:29:30
FTEO,FTEO,2019-12-18,09:59:56,,LUDP,LULD pause,"FRONTEO, Inc. American Depositary Shares",Nasdaq,2019-12-18,,10:04:56,,,,,,nyse,2026-08-07T22:29:30
KERN,KERN,2019-12-18,11:40:02,,T1,News pending,Akerna Corp. Common Stock,Nasdaq,2019-12-18,,12:15:00,,,,,,nyse,2026-08-07T22:29:30
KERNW,KERNW,2019-12-18,11:46:31,,T1,News pending,Akerna Corp Warrant,Nasdaq,2019-12-18,,12:46:57,,,,,,nyse,2026-08-07T22:29:30
LTRPB,LTRPB,2019-12-18,12:32:48,,LUDP,LULD pause,"Liberty TripAdvisor Holdings, Inc. Series B",Nasdaq,2019-12-18,,12:37:48,,,,,,nyse,2026-08-07T22:29:30
CIVBP,CIVBP,2019-12-18,14:27:02,,LUDP,LULD pause,"Civista Bancshares, Inc",Nasdaq,2019-12-18,,14:32:02,,,,,,nyse,2026-08-07T22:29:30
CIVBP,CIVBP,2019-12-18,14:56:13,,LUDP,LULD pause,"Civista Bancshares, Inc",Nasdaq,2019-12-18,,15:06:13,,,,,,nyse,2026-08-07T22:29:30
NERV,NERV,2019-12-18,16:00:36,,T1,News pending,"Minerva Neurosciences, Inc",Nasdaq,2019-12-18,,16:35:00,,,,,,nyse,2026-08-07T22:29:30
PVT,PVT,2019-12-18,16:06:32,,T1,News pending,Pivotal Acquisition Corp.,NYSE,,,,,,,,,nyse,2026-08-07T22:29:30
PVT.U,PVT U,2019-12-18,16:06:32,,T1,News pending,Pivotal Acquisition Corp.,NYSE,,,,,,,,,nyse,2026-08-07T22:29:30
PVT.WS,PVT WS,2019-12-18,16:06:32,,T1,News pending,"Pivotal Acquisition Corp. Redeemable Warrants, exercisable for shares of Class A Common Stock at an",NYSE,,,,,,,,,nyse,2026-08-07T22:29:30
PRTK,PRTK,2019-12-18,17:00:06,,T1,News pending,"Paratek Pharmaceuticals, Inc.",Nasdaq,2019-12-18,,17:40:00,,,,,,nyse,2026-08-07T22:29:30
MSBF,MSBF,2019-12-18,17:25:14,,T1,News pending,MSB Financial Corp.,Nasdaq,2019-12-18,,18:00:00,,,,,,nyse,2026-08-07T22:29:30
ARTX,ARTX,2019-12-19,03:58:00,,T1,News pending,Arotech Corporation,Nasdaq,,,,,,,,,nyse,2026-08-07T22:29:30
PSDO,PSDO,2019-12-19,03:58:00,,T1,News pending,"Presidio, Inc. Common Stock",Nasdaq,,,,,,,,,nyse,2026-08-07T22:29:30
TIVO,TIVO,2019-12-19,06:58:06,,T1,News pending,Tivo Inc,Nasdaq,2019-12-19,,07:30:00,,,,,,nyse,2026-08-07T22:29:30
XPER,XPER,2019-12-19,06:58:06,,T1,News pending,Xperi Corporation Common Stock,Nasdaq,2019-12-19,,07:30:00,,,,,,nyse,2026-08-07T22:29:30
CTXR,CTXR,2019-12-19,07:55:13,,T1,News pending,Citius Pharmaceuticals Inc. Common,Nasdaq,2019-12-19,,08:30:00,,,,,,nyse,2026-08-07T22:29:30
WKEY,WKEY,2019-12-19,09:45:35,,LUDP,LULD pause,WISeKey International Holding AG American Depositary Shares,Nasdaq,2019-12-19,,09:50:35,,,,,,nyse,2026-08-07T22:29:30
EDSA,EDSA,2019-12-19,10:06:27,,LUDP,LULD pause,"Edesa Biotech, Inc. Common Shares",Nasdaq,2019-12-19,,10:11:27,,,,,,nyse,2026-08-07T22:29:30
IMVT,IMVT,2019-12-19,10:18:25,,LUDP,LULD pause,"Immunovant, Inc. Common Stock",Nasdaq,2019-12-19,,10:23:25,,,,,,nyse,2026-08-07T22:29:30
CIVBP,CIVBP,2019-12-19,10:28:24,,LUDP,LULD pause,"Civista Bancshares, Inc",Nasdaq,2019-12-19,,10:38:24,,,,,,nyse,2026-08-07T22:29:30
BNTC,BNTC,2019-12-19,10:40:22,,LUDP,LULD pause,Benitec Biopharma Limited,Nasdaq,2019-12-19,,10:45:22,,,,,,nyse,2026-08-07T22:29:30
IOR,IOR,2019-12-19,10:49:51,,LUDP,LULD pause,"Income Opportunity Realty Investors, Inc.",NYSE American,2019-12-19,,10:54:51,,,,,,nyse,2026-08-07T22:29:30
MNPR,MNPR,2019-12-19,11:37:01,,LUDP,LULD pause,Monopar Therapeutics Inc. Common Stock,Nasdaq,2019-12-19,,11:47:01,,,,,,nyse,2026-08-07T22:29:30
BROGU,BROGU,2019-12-19,12:37:04,,LUDP,LULD pause,Twelve Seas Investment Company Units,Nasdaq,2019-12-19,,12:42:04,,,,,,nyse,2026-08-07T22:29:30
BROGU,BROGU,2019-12-19,12:42:19,,LUDP,LULD pause,Twelve Seas Investment Company Units,Nasdaq,2019-12-19,,12:47:19,,,,,,nyse,2026-08-07T22:29:30
MNPR,MNPR,2019-12-19,15:35:02,,LUDP,LULD pause,Monopar Therapeutics Inc. Common Stock,Nasdaq,2019-12-19,,15:40:02,,,,,,nyse,2026-08-07T22:29:30
ACTT,ACTT,2019-12-19,18:57:22,,T1,News pending,Act II Global Acquisition Corp. Class A Ordinary Shares,Nasdaq,2019-12-19,,19:30:00,,,,,,nyse,2026-08-07T22:29:30
ACTTU,ACTTU,2019-12-19,18:57:22,,T1,News pending,Act II Global Acquisition Corp. Unit,Nasdaq,2019-12-19,,20:00:00,,,,,,nyse,2026-08-07T22:29:30
ACTTW,ACTTW,2019-12-19,18:57:22,,T1,News pending,Act II Global Acquisition Corp. Warrant,Nasdaq,2019-12-19,,20:00:00,,,,,,nyse,2026-08-07T22:29:30
ACTT,ACTT,2019-12-20,00:24:16,,T1,News pending,Act II Global Acquisition Corp. Class A Ordinary Shares,Nasdaq,2019-12-20,,03:06:29,,,,,,nyse,2026-08-07T22:29:30
ACTTU,ACTTU,2019-12-20,00:24:16,,T1,News pending,Act II Global Acquisition Corp. Unit,Nasdaq,2019-12-20,,03:06:40,,,,,,nyse,2026-08-07T22:29:30
ACTTW,ACTTW,2019-12-20,00:24:16,,T1,News pending,Act II Global Acquisition Corp. Warrant,Nasdaq,2019-12-20,,03:06:55,,,,,,nyse,2026-08-07T22:29:30
JIH,JIH,2019-12-20,03:50:48,,T1,News pending,"Juniper Industrial Holdings, Inc.",NYSE,2019-12-20,,09:35:39,,,,,,nyse,2026-08-07T22:29:30
JIH.WS,JIH WS,2019-12-20,03:51:37,,T1,News pending,"Juniper Industrial Holdings, Inc. Redeemable warrants included as part of the units",NYSE,2019-12-20,,09:34:39,,,,,,nyse,2026-08-07T22:29:30
SFTW,SFTW,2019-12-20,03:52:17,,T1,News pending,Osprey Technology Acquisition Corp.,NYSE,2019-12-20,,09:39:17,,,,,,nyse,2026-08-07T22:29:30
SFTW.WS,SFTW WS,2019-12-20,03:53:08,,T1,News pending,"Osprey Technology Acquisition Corp. Redeemable Warrants, each whole Warrant exercisable for one shar",NYSE,2019-12-20,,09:40:54,,,,,,nyse,2026-08-07T22:29:30
MITO,MITO,2019-12-20,07:55:02,,T1,News pending,Stealth BioTherapeutics Corp. ADS,Nasdaq,2019-12-20,,08:30:00,,,,,,nyse,2026-08-07T22:29:30
DCAR,DCAR,2019-12-20,08:55:01,,T1,News pending,"DropCar, Inc. Common Stock",Nasdaq,2019-12-20,,09:50:00,,,,,,nyse,2026-08-07T22:29:30
MNPR,MNPR,2019-12-20,09:31:03,,LUDP,LULD pause,Monopar Therapeutics Inc. Common Stock,Nasdaq,2019-12-20,,09:41:45,,,,,,nyse,2026-08-07T22:29:30
WKEY,WKEY,2019-12-20,09:41:03,,LUDP,LULD pause,WISeKey International Holding AG American Depositary Shares,Nasdaq,2019-12-20,,09:46:03,,,,,,nyse,2026-08-07T22:29:30
WKEY,WKEY,2019-12-20,09:48:08,,LUDP,LULD pause,WISeKey International Holding AG American Depositary Shares,Nasdaq,2019-12-20,,09:53:08,,,,,,nyse,2026-08-07T22:29:30
TRMD,TRMD,2019-12-20,09:49:38,,LUDP,LULD pause,TORM plc Class A Common Stock,Nasdaq,2019-12-20,,09:54:38,,,,,,nyse,2026-08-07T22:29:30
DCAR,DCAR,2019-12-20,09:50:28,,LUDP,LULD pause,"DropCar, Inc. Common Stock",Nasdaq,2019-12-20,,09:55:28,,,,,,nyse,2026-08-07T22:29:30
MNPR,MNPR,2019-12-20,09:54:15,,LUDP,LULD pause,Monopar Therapeutics Inc. Common Stock,Nasdaq,2019-12-20,,09:59:15,,,,,,nyse,2026-08-07T22:29:30
DCAR,DCAR,2019-12-20,09:56:41,,LUDP,LULD pause,"DropCar, Inc. Common Stock",Nasdaq,2019-12-20,,10:01:41,,,,,,nyse,2026-08-07T22:29:30
DCAR,DCAR,2019-12-20,10:02:21,,LUDP,LULD pause,"DropCar, Inc. Common Stock",Nasdaq,2019-12-20,,10:07:21,,,,,,nyse,2026-08-07T22:29:30
DCAR,DCAR,2019-12-20,10:08:07,,LUDP,LULD pause,"DropCar, Inc. Common Stock",Nasdaq,2019-12-20,,10:13:07,,,,,,nyse,2026-08-07T22:29:30
NAOV,NAOV,2019-12-20,10:28:24,,LUDP,LULD pause,"NanoVibronix, Inc. Common Stock",Nasdaq,2019-12-20,,10:33:24,,,,,,nyse,2026-08-07T22:29:30
MNPR,MNPR,2019-12-20,10:54:37,,LUDP,LULD pause,Monopar Therapeutics Inc. Common Stock,Nasdaq,2019-12-20,,10:59:37,,,,,,nyse,2026-08-07T22:29:30
CETXP,CETXP,2019-12-20,11:06:25,,LUDP,LULD pause,Cemtrex Inc. Series 1 Preferred Stock,Nasdaq,2019-12-20,,11:16:25,,,,,,nyse,2026-08-07T22:29:30
CETXP,CETXP,2019-12-20,11:16:55,,LUDP,LULD pause,Cemtrex Inc. Series 1 Preferred Stock,Nasdaq,2019-12-20,,11:21:55,,,,,,nyse,2026-08-07T22:29:30
CETXP,CETXP,2019-12-20,11:22:14,,LUDP,LULD pause,Cemtrex Inc. Series 1 Preferred Stock,Nasdaq,2019-12-20,,11:27:14,,,,,,nyse,2026-08-07T22:29:30
CETXP,CETXP,2019-12-20,11:28:43,,LUDP,LULD pause,Cemtrex Inc. Series 1 Preferred Stock,Nasdaq,2019-12-20,,11:38:44,,,,,,nyse,2026-08-07T22:29:30
ROSEU,ROSEU,2019-12-20,11:35:38,,LUDP,LULD pause,Rosehill Resources Inc. Unit,Nasdaq,2019-12-20,,11:40:38,,,,,,nyse,2026-08-07T22:29:30
CRR,CRR,2019-12-20,16:08:21,,T1,News pending,Carbo Ceramics Inc.,NYSE,,,,,,,,,nyse,2026-08-07T22:29:30
HOS,HOS,2019-12-20,16:08:21,,T1,News pending,"Hornbeck Offshore Services, Inc.",NYSE,,,,,,,,,nyse,2026-08-07T22:29:30
PNRL,PNRL,2019-12-23,04:00:14,,T1,News pending,Paringa Resources Limited American Depositary Shares,Nasdaq,,,,,,,,,nyse,2026-08-07T22:29:30
PGNX,PGNX,2019-12-23,06:55:00,,T1,News pending,Progenics Pharmaceuticals Inc,Nasdaq,2019-12-23,,07:30:00,,,,,,nyse,2026-08-07T22:29:30
BA,BA,2019-12-23,08:55:06,,T1,News pending,Boeing Company,NYSE,2019-12-23,,09:15:04,,,,,,nyse,2026-08-07T22:29:30
CETXP,CETXP,2019-12-23,09:46:56,,LUDP,LULD pause,Cemtrex Inc. Series 1 Preferred Stock,Nasdaq,2019-12-23,,09:51:56,,,,,,nyse,2026-08-07T22:29:30
BASI,BASI,2019-12-23,09:50:48,,LUDP,LULD pause,Bioanalytical Systems Inc,Nasdaq,2019-12-23,,09:55:48,,,,,,nyse,2026-08-07T22:29:30
BASI,BASI,2019-12-23,10:14:20,,LUDP,LULD pause,Bioanalytical Systems Inc,Nasdaq,2019-12-23,,10:19:20,,,,,,nyse,2026-08-07T22:29:30
NEWA,NEWA,2019-12-23,10:20:49,,LUDP,LULD pause,"Newater Technology, Inc. Ordinary Shares",Nasdaq,2019-12-23,,10:25:49,,,,,,nyse,2026-08-07T22:29:30
OCC,OCC,2019-12-23,10:22:10,,LUDP,LULD pause,Optical Cable Corp.,Nasdaq,2019-12-23,,10:27:10,,,,,,nyse,2026-08-07T22:29:30
WKEY,WKEY,2019-12-23,10:24:28,,LUDP,LULD pause,WISeKey International Holding AG American Depositary Shares,Nasdaq,2019-12-23,,10:29:28,,,,,,nyse,2026-08-07T22:29:30
WKEY,WKEY,2019-12-23,10:53:45,,LUDP,LULD pause,WISeKey International Holding AG American Depositary Shares,Nasdaq,2019-12-23,,10:58:45,,,,,,nyse,2026-08-07T22:29:30
ITCI,ITCI,2019-12-23,11:28:48,,LUDP,LULD pause,Intra-Cellular Therapies Inc.,Nasdaq,2019-12-23,,11:33:48,,,,,,nyse,2026-08-07T22:29:30
MDJH,MDJH,2019-12-23,11:31:15,,LUDP,LULD pause,MDJM LTD Ordinary Share,Nasdaq,2019-12-23,,11:36:15,,,,,,nyse,2026-08-07T22:29:30
LMNL,LMNL,2019-12-23,12:06:53,,LUDP,LULD pause,Liminal BioSciences Inc. Common Shares,Nasdaq,2019-12-23,,12:16:53,,,,,,nyse,2026-08-07T22:29:30
TSRI,TSRI,2019-12-23,12:10:13,,LUDP,LULD pause,TSR Inc. New,Nasdaq,2019-12-23,,12:15:13,,,,,,nyse,2026-08-07T22:29:30
ACST,ACST,2019-12-23,13:03:43,,LUDP,LULD pause,"Acasti Pharma, Inc.",Nasdaq,2019-12-23,,13:08:43,,,,,,nyse,2026-08-07T22:29:30
ACST,ACST,2019-12-23,13:09:46,,LUDP,LULD pause,"Acasti Pharma, Inc.",Nasdaq,2019-12-23,,13:14:46,,,,,,nyse,2026-08-07T22:29:30
ACST,ACST,2019-12-23,13:16:10,,LUDP,LULD pause,"Acasti Pharma, Inc.",Nasdaq,2019-12-23,,13:21:10,,,,,,nyse,2026-08-07T22:29:30
ACST,ACST,2019-12-23,13:25:55,,T1,News pending,"Acasti Pharma, Inc.",Nasdaq,2019-12-24,,09:15:00,,,,,,nyse,2026-08-07T22:29:30
SCWX,SCWX,2019-12-23,13:26:15,,LUDP,LULD pause,SecureWorks Corp  Class A Common Stock,Nasdaq,2019-12-23,,13:31:15,,,,,,nyse,2026-08-07T22:29:30
LMNL,LMNL,2019-12-23,13:42:33,,LUDP,LULD pause,Liminal BioSciences Inc. Common Shares,Nasdaq,2019-12-23,,13:52:33,,,,,,nyse,2026-08-07T22:29:30
LMNL,LMNL,2019-12-23,13:55:39,,LUDP,LULD pause,Liminal BioSciences Inc. Common Shares,Nasdaq,2019-12-23,,14:00:39,,,,,,nyse,2026-08-07T22:29:30
LMNL,LMNL,2019-12-23,14:24:04,,LUDP,LULD pause,Liminal BioSciences Inc. Common Shares,Nasdaq,2019-12-23,,14:38:18,,,,,,nyse,2026-08-07T22:29:30
LMNL,LMNL,2019-12-23,14:39:45,,LUDP,LULD pause,Liminal BioSciences Inc. Common Shares,Nasdaq,2019-12-23,,14:44:45,,,,,,nyse,2026-08-07T22:29:30
XXII,XXII,2019-12-23,15:37:14,,T1,News pending,22nd Century Group Inc.,NYSE American,2019-12-23,,15:49:00,,,,,,nyse,2026-08-07T22:29:30
CARB,CARB,2019-12-24,01:37:19,,T1,News pending,Carbonite Inc,Nasdaq,,,,,,,,,nyse,2026-08-07T22:29:30
FTEO,FTEO,2019-12-24,09:45:15,,LUDP,LULD pause,"FRONTEO, Inc. American Depositary Shares",Nasdaq,2019-12-24,,09:50:15,,,,,,nyse,2026-08-07T22:29:30
LBTYB,LBTYB,2019-12-24,09:45:25,,LUDP,LULD pause,Liberty Global plc Class B,Nasdaq,2019-12-24,,09:50:25,,,,,,nyse,2026-08-07T22:29:30
MBOT,MBOT,2019-12-24,09:59:19,,LUDP,LULD pause,"Microbot Medical, Inc. Common Stock",Nasdaq,2019-12-24,,10:04:19,,,,,,nyse,2026-08-07T22:29:30
CLPS,CLPS,2019-12-24,10:02:16,,LUDP,LULD pause,CLPS Incorporation Common Stock,Nasdaq,2019-12-24,,10:07:16,,,,,,nyse,2026-08-07T22:29:30
RYCE,RYCE,2019-12-24,10:03:49,,LUDP,LULD pause,Amira Nature Foods Ltd,NYSE,2019-12-24,,10:10:36,,,,,,nyse,2026-08-07T22:29:30
MBOT,MBOT,2019-12-24,10:16:28,,LUDP,LULD pause,"Microbot Medical, Inc. Common Stock",Nasdaq,2019-12-24,,10:21:28,,,,,,nyse,2026-08-07T22:29:30
CLPS,CLPS,2019-12-24,10:20:43,,LUDP,LULD pause,CLPS Incorporation Common Stock,Nasdaq,2019-12-24,,10:25:43,,,,,,nyse,2026-08-07T22:29:30
HSDT,HSDT,2019-12-24,12:02:29,,LUDP,LULD pause,"Helius Medical Technologies, Inc. Class A Common Stock (DE)",Nasdaq,2019-12-24,,12:07:29,,,,,,nyse,2026-08-07T22:29:30
WKEY,WKEY,2019-12-26,09:36:53,,LUDP,LULD pause,WISeKey International Holding AG American Depositary Shares,Nasdaq,2019-12-26,,09:41:53,,,,,,nyse,2026-08-07T22:29:30
LBTYB,LBTYB,2019-12-26,09:45:15,,LUDP,LULD pause,Liberty Global plc Class B,Nasdaq,2019-12-26,,09:50:15,,,,,,nyse,2026-08-07T22:29:30
TLEH,TLEH,2019-12-26,09:45:15,,LUDP,LULD pause,FlexShares Currency Hedged Morningstar EM Factor Tilt Index Fund,NYSE Arca,2019-12-26,,09:50:15,,,,,,nyse,2026-08-07T22:29:30
LQDA,LQDA,2019-12-26,09:49:10,,LUDP,LULD pause,"Liquidia Technologies, Inc.",Nasdaq,2019-12-26,,10:03:37,,,,,,nyse,2026-08-07T22:29:30
BCDA,BCDA,2019-12-26,09:49:16,,LUDP,LULD pause,"BioCardia, Inc. Common Stock",Nasdaq,2019-12-26,,09:54:16,,,,,,nyse,2026-08-07T22:29:30
LQDA,LQDA,2019-12-26,10:04:11,,LUDP,LULD pause,"Liquidia Technologies, Inc.",Nasdaq,2019-12-26,,10:14:11,,,,,,nyse,2026-08-07T22:29:30
LQDA,LQDA,2019-12-26,10:15:55,,LUDP,LULD pause,"Liquidia Technologies, Inc.",Nasdaq,2019-12-26,,10:25:55,,,,,,nyse,2026-08-07T22:29:30
VRNA,VRNA,2019-12-26,15:11:13,,LUDP,LULD pause,Verona Pharma plc,Nasdaq,2019-12-26,,15:16:13,,,,,,nyse,2026-08-07T22:29:30
MLNT,MLNT,2019-12-27,08:43:35,,T1,News pending,"Melinta Therapeutics, Inc. Common Stock",Nasdaq,2019-12-27,,09:50:00,,,,,,nyse,2026-08-07T22:29:30
ACTTU,ACTTU,2019-12-27,09:31:44,,LUDP,LULD pause,Act II Global Acquisition Corp. Unit,Nasdaq,2019-12-27,,09:36:44,,,,,,nyse,2026-08-07T22:29:30
DWAW,DWAW,2019-12-27,09:45:15,,LUDP,LULD pause,AdvisorShares Dorsey Wright FSM All Cap World ETF,Nasdaq,2019-12-27,,09:50:15,,,,,,nyse,2026-08-07T22:29:30
LBTYB,LBTYB,2019-12-27,09:45:15,,LUDP,LULD pause,Liberty Global plc Class B,Nasdaq,2019-12-27,,09:50:15,,,,,,nyse,2026-08-07T22:29:30
ACTTU,ACTTU,2019-12-27,09:45:42,,LUDP,LULD pause,Act II Global Acquisition Corp. Unit,Nasdaq,2019-12-27,,09:50:42,,,,,,nyse,2026-08-07T22:29:30
TTPH,TTPH,2019-12-27,09:45:49,,LUDP,LULD pause,"Tetraphase Pharmaceuticals, Inc.",Nasdaq,2019-12-27,,09:50:49,,,,,,nyse,2026-08-07T22:29:30
AQMS,AQMS,2019-12-27,09:47:15,,LUDP,LULD pause,"Aqua Metals, Inc. Common Stock",Nasdaq,2019-12-27,,09:52:15,,,,,,nyse,2026-08-07T22:29:30
FVEVV,FVEVV,2019-12-27,09:49:14,,LUDP,LULD pause,Five Star Senior Living Inc. Common Stock When Issued,Nasdaq,2019-12-27,,09:54:14,,,,,,nyse,2026-08-07T22:29:30
MLNT,MLNT,2019-12-27,09:51:48,,LUDP,LULD pause,"Melinta Therapeutics, Inc. Common Stock",Nasdaq,2019-12-27,,09:56:48,,,,,,nyse,2026-08-07T22:29:30
ACTTU,ACTTU,2019-12-27,09:51:53,,LUDP,LULD pause,Act II Global Acquisition Corp. Unit,Nasdaq,2019-12-27,,09:56:53,,,,,,nyse,2026-08-07T22:29:30
ITRM,ITRM,2019-12-27,09:53:18,,LUDP,LULD pause,Iterum Therapeutics plc Ordinary Share,Nasdaq,2019-12-27,,09:58:18,,,,,,nyse,2026-08-07T22:29:30
FVEVV,FVEVV,2019-12-27,09:55:02,,LUDP,LULD pause,Five Star Senior Living Inc. Common Stock When Issued,Nasdaq,2019-12-27,,10:00:02,,,,,,nyse,2026-08-07T22:29:30
ITRM,ITRM,2019-12-27,09:58:47,,LUDP,LULD pause,Iterum Therapeutics plc Ordinary Share,Nasdaq,2019-12-27,,10:03:47,,,,,,nyse,2026-08-07T22:29:30
MLNT,MLNT,2019-12-27,09:59:52,,LUDP,LULD pause,"Melinta Therapeutics, Inc. Common Stock",Nasdaq,2019-12-27,,10:04:52,,,,,,nyse,2026-08-07T22:29:30
FVEVV,FVEVV,2019-12-27,10:03:28,,LUDP,LULD pause,Five Star Senior Living Inc. Common Stock When Issued,Nasdaq,2019-12-27,,10:08:28,,,,,,nyse,2026-08-07T22:29:30
MREO,MREO,2019-12-27,10:11:38,,LUDP,LULD pause,Mereo BioPharma Group plc American Depositary Shares,Nasdaq,2019-12-27,,10:16:38,,,,,,nyse,2026-08-07T22:29:30
FVEVV,FVEVV,2019-12-27,10:14:40,,LUDP,LULD pause,Five Star Senior Living Inc. Common Stock When Issued,Nasdaq,2019-12-27,,10:19:40,,,,,,nyse,2026-08-07T22:29:30
FVEVV,FVEVV,2019-12-27,10:23:02,,LUDP,LULD pause,Five Star Senior Living Inc. Common Stock When Issued,Nasdaq,2019-12-27,,11:03:03,,,,,,nyse,2026-08-07T22:29:30
TSRI,TSRI,2019-12-27,10:25:46,,LUDP,LULD pause,TSR Inc. New,Nasdaq,2019-12-27,,11:05:22,,,,,,nyse,2026-08-07T22:29:30
TSRI,TSRI,2019-12-27,11:05:37,,LUDP,LULD pause,TSR Inc. New,Nasdaq,2019-12-27,,11:15:37,,,,,,nyse,2026-08-07T22:29:30
FVEVV,FVEVV,2019-12-27,11:05:41,,LUDP,LULD pause,Five Star Senior Living Inc. Common Stock When Issued,Nasdaq,2019-12-27,,11:10:41,,,,,,nyse,2026-08-07T22:29:30
TSRI,TSRI,2019-12-27,11:16:18,,LUDP,LULD pause,TSR Inc. New,Nasdaq,2019-12-27,,11:21:18,,,,,,nyse,2026-08-07T22:29:30
FVEVV,FVEVV,2019-12-27,11:25:21,,LUDP,LULD pause,Five Star Senior Living Inc. Common Stock When Issued,Nasdaq,2019-12-27,,11:30:21,,,,,,nyse,2026-08-07T22:29:30
NMRD,NMRD,2019-12-27,12:00:57,,LUDP,LULD pause,"Nemaura Medical, Inc. Common Stock",Nasdaq,2019-12-27,,12:05:57,,,,,,nyse,2026-08-07T22:29:30
CETXP,CETXP,2019-12-27,15:25:33,,LUDP,LULD pause,Cemtrex Inc. Series 1 Preferred Stock,Nasdaq,2019-12-27,,15:30:33,,,,,,nyse,2026-08-07T22:29:30
LKSD,LKSD,2019-12-27,16:04:34,,T1,News pending,"LSC Communications, Inc.",NYSE,,,,,,,,,nyse,2026-08-07T22:29:30
LACQ,LACQ,2019-12-27,18:40:07,,T1,News pending,Leisure Acquisition Corp.,Nasdaq,2019-12-27,,19:25:00,,,,,,nyse,2026-08-07T22:29:30
LACQU,LACQU,2019-12-27,18:40:07,,T1,News pending,Leisure Acquisition Corp. Unit,Nasdaq,2019-12-27,,20:00:00,,,,,,nyse,2026-08-07T22:29:30
LACQW,LACQW,2019-12-27,18:40:07,,T1,News pending,Leisure Acquisition Corp. Warrant,Nasdaq,2019-12-27,,19:27:16,,,,,,nyse,2026-08-07T22:29:30
LACQ,LACQ,2019-12-30,00:24:07,,T1,News pending,Leisure Acquisition Corp.,Nasdaq,2019-12-30,,03:17:42,,,,,,nyse,2026-08-07T22:29:30
LACQU,LACQU,2019-12-30,00:24:07,,T1,News pending,Leisure Acquisition Corp. Unit,Nasdaq,2019-12-30,,03:17:53,,,,,,nyse,2026-08-07T22:29:30
LACQW,LACQW,2019-12-30,00:24:07,,T1,News pending,Leisure Acquisition Corp. Warrant,Nasdaq,2019-12-30,,03:18:06,,,,,,nyse,2026-08-07T22:29:30
DPW,DPW,2019-12-30,07:01:38,,T1,News pending,"DPW Holdings, Inc.",NYSE American,2020-01-02,,15:45:00,,,,,,nyse,2026-08-07T22:29:30
GWR,GWR,2019-12-30,08:35:16,,UNKNOWN,News dissemination,Genesee & Wyoming Inc.,NYSE,,,,,,,,,nyse,2026-08-07T22:29:30
PVTL,PVTL,2019-12-30,08:35:16,,UNKNOWN,News dissemination,"Pivotal Software, Inc.",NYSE,,,,,,,,,nyse,2026-08-07T22:29:30
PYX,PYX,2019-12-30,09:50:39,,LUDP,LULD pause,"Pyxus International, Inc.",NYSE,2019-12-30,,09:55:46,,,,,,nyse,2026-08-07T22:29:30
WKEY,WKEY,2019-12-30,09:51:59,,LUDP,LULD pause,WISeKey International Holding AG American Depositary Shares,Nasdaq,2019-12-30,,10:07:00,,,,,,nyse,2026-08-07T22:29:30
CETXP,CETXP,2019-12-30,09:59:47,,LUDP,LULD pause,Cemtrex Inc. Series 1 Preferred Stock,Nasdaq,2019-12-30,,10:04:47,,,,,,nyse,2026-08-07T22:29:30
FVEVV,FVEVV,2019-12-30,10:05:32,,LUDP,LULD pause,Five Star Senior Living Inc. Common Stock When Issued,Nasdaq,2019-12-30,,10:10:32,,,,,,nyse,2026-08-07T22:29:30
SLGL,SLGL,2019-12-30,10:05:57,,LUDP,LULD pause,Sol-Gel Technologies Ltd. Ordinary Shares,Nasdaq,2019-12-30,,10:10:57,,,,,,nyse,2026-08-07T22:29:30
FVEVV,FVEVV,2019-12-30,10:13:35,,LUDP,LULD pause,Five Star Senior Living Inc. Common Stock When Issued,Nasdaq,2019-12-30,,10:23:36,,,,,,nyse,2026-08-07T22:29:30
QUIK,QUIK,2019-12-30,10:20:39,,LUDP,LULD pause,QuickLogic Corp,Nasdaq,2019-12-30,,10:25:39,,,,,,nyse,2026-08-07T22:29:30
WKEY,WKEY,2019-12-30,10:20:41,,LUDP,LULD pause,WISeKey International Holding AG American Depositary Shares,Nasdaq,2019-12-30,,10:25:41,,,,,,nyse,2026-08-07T22:29:30
WKEY,WKEY,2019-12-30,10:27:24,,LUDP,LULD pause,WISeKey International Holding AG American Depositary Shares,Nasdaq,2019-12-30,,10:32:24,,,,,,nyse,2026-08-07T22:29:30
WKEY,WKEY,2019-12-30,10:35:27,,LUDP,LULD pause,WISeKey International Holding AG American Depositary Shares,Nasdaq,2019-12-30,,10:40:27,,,,,,nyse,2026-08-07T22:29:30
WKEY,WKEY,2019-12-30,10:48:51,,LUDP,LULD pause,WISeKey International Holding AG American Depositary Shares,Nasdaq,2019-12-30,,10:53:51,,,,,,nyse,2026-08-07T22:29:30
MKD,MKD,2019-12-30,10:49:21,,LUDP,LULD pause,Molecular Data Inc. American Depositary Shares,Nasdaq,2019-12-30,,10:54:21,,,,,,nyse,2026-08-07T22:29:30
MKD,MKD,2019-12-30,10:54:48,,LUDP,LULD pause,Molecular Data Inc. American Depositary Shares,Nasdaq,2019-12-30,,10:59:48,,,,,,nyse,2026-08-07T22:29:30
MKD,MKD,2019-12-30,11:04:00,,LUDP,LULD pause,Molecular Data Inc. American Depositary Shares,Nasdaq,2019-12-30,,11:09:00,,,,,,nyse,2026-08-07T22:29:30
MKD,MKD,2019-12-30,11:11:52,,LUDP,LULD pause,Molecular Data Inc. American Depositary Shares,Nasdaq,2019-12-30,,11:21:52,,,,,,nyse,2026-08-07T22:29:30
MKD,MKD,2019-12-30,11:22:29,,LUDP,LULD pause,Molecular Data Inc. American Depositary Shares,Nasdaq,2019-12-30,,11:47:19,,,,,,nyse,2026-08-07T22:29:30
MKD,MKD,2019-12-30,11:51:40,,LUDP,LULD pause,Molecular Data Inc. American Depositary Shares,Nasdaq,2019-12-30,,11:56:40,,,,,,nyse,2026-08-07T22:29:30
WRLS,WRLS,2019-12-30,12:57:01,,LUDP,LULD pause,Pensare Acquisition Corp. Common Stock,Nasdaq,2019-12-30,,13:02:01,,,,,,nyse,2026-08-07T22:29:30
MBOT,MBOT,2019-12-30,14:15:41,,LUDP,LULD pause,"Microbot Medical, Inc. Common Stock",Nasdaq,2019-12-30,,14:20:41,,,,,,nyse,2026-08-07T22:29:30
YI,YI,2019-12-30,14:21:47,,LUDP,LULD pause,"111, Inc. American Depositary Shares",Nasdaq,2019-12-30,,14:26:47,,,,,,nyse,2026-08-07T22:29:30
ARDS,ARDS,2019-12-30,14:54:05,,LUDP,LULD pause,Aridis Pharmaceuticals Inc. Common Stock,Nasdaq,2019-12-30,,15:04:06,,,,,,nyse,2026-08-07T22:29:30
ARDS,ARDS,2019-12-30,15:04:34,,LUDP,LULD pause,Aridis Pharmaceuticals Inc. Common Stock,Nasdaq,2019-12-30,,15:09:34,,,,,,nyse,2026-08-07T22:29:30
MDR,MDR,2019-12-30,15:05:33,,LUDP,LULD pause,McDermott International,NYSE,2019-12-30,,15:10:51,,,,,,nyse,2026-08-07T22:29:30
MDR,MDR,2019-12-30,15:11:57,,LUDP,LULD pause,McDermott International,NYSE,2019-12-30,,15:17:28,,,,,,nyse,2026-08-07T22:29:30
ARDS,ARDS,2019-12-30,15:14:23,,LUDP,LULD pause,Aridis Pharmaceuticals Inc. Common Stock,Nasdaq,2019-12-30,,15:19:23,,,,,,nyse,2026-08-07T22:29:30
HKIB,HKIB,2019-12-30,15:15:52,,LUDP,LULD pause,AMTD International Inc.,NYSE,2019-12-30,,15:20:55,,,,,,nyse,2026-08-07T22:29:30
MDR,MDR,2019-12-30,15:21:48,,LUDP,LULD pause,McDermott International,NYSE,2019-12-30,,15:27:31,,,,,,nyse,2026-08-07T22:29:30
MDR,MDR,2019-12-30,15:29:02,,LUDP,LULD pause,McDermott International,NYSE,2019-12-30,,15:34:11,,,,,,nyse,2026-08-07T22:29:30
EEI,EEI,2019-12-31,03:17:17,,T1,News pending,Ecology and Environment,Nasdaq,,,,,,,,,nyse,2026-08-07T22:29:30
OGCP,OGCP,2019-12-31,09:45:15,,LUDP,LULD pause,"Empire State Realty OP, L.P. Series 60",NYSE Arca,2019-12-31,,09:50:15,,,,,,nyse,2026-08-07T22:29:30
NVCN,NVCN,2019-12-31,09:46:31,,LUDP,LULD pause,Neovasc Inc.,Nasdaq,2019-12-31,,09:51:31,,,,,,nyse,2026-08-07T22:29:30
EVSI,EVSI,2019-12-31,09:47:26,,LUDP,LULD pause,"Envision Solar International, Inc. Common Stock",Nasdaq,2019-12-31,,09:57:26,,,,,,nyse,2026-08-07T22:29:30
MLPC,MLPC,2019-12-31,11:26:08,,LUDP,LULD pause,C-Tracks ETNs based on Performance of the Miller/Howard MLP Fundamental Index,NYSE Arca,2019-12-31,,11:31:08,,,,,,nyse,2026-08-07T22:29:30
NRBO,NRBO,2019-12-31,12:14:41,,LUDP,LULD pause,"NeuroBo Pharmaceuticals, Inc. Common Stock",Nasdaq,2019-12-31,,12:19:41,,,,,,nyse,2026-08-07T22:29:30
NRBO,NRBO,2019-12-31,12:32:38,,LUDP,LULD pause,"NeuroBo Pharmaceuticals, Inc. Common Stock",Nasdaq,2019-12-31,,12:37:38,,,,,,nyse,2026-08-07T22:29:30
NRBO,NRBO,2019-12-31,12:47:15,,LUDP,LULD pause,"NeuroBo Pharmaceuticals, Inc. Common Stock",Nasdaq,2019-12-31,,12:52:15,,,,,,nyse,2026-08-07T22:29:30
ELLO,ELLO,2019-12-31,12:53:13,,T1,News pending,Ellomay Capital LTD,NYSE American,2019-12-31,,13:20:00,,,,,,nyse,2026-08-07T22:29:30
