symbol,symbol_raw,halt_date,halt_time,halt_ms,reason_code,reason_raw,name,listing_market,resume_date,resume_quote_time,resume_trade_time,duracion_seg,pause_threshold_px,px_antes,px_resume,gap_pct,fuentes,ingested_at,resolucion,resume_dia_estimado,resume_hora_estimada
BMY.RT,BMY RT,2021-01-04,03:58:26,,UNKNOWN,News dissemination,Bristol-Myers Squibb Company Contingent Value Rights,NYSE,,,,,,,,,nyse,2026-08-08T04:28:25,no_reanudo,,
SMTX,SMTX,2021-01-04,08:30:07,,T1,News pending,SMTC Corporation,Nasdaq,2021-01-04,,09:00:00,,,,,,nyse,2026-08-08T04:28:25,,,
NCTY,NCTY,2021-01-04,09:33:05,,LUDP,LULD pause,The9 Limited American Depository Shares representing three class A ordinary shares,Nasdaq,2021-01-04,,09:38:05,,,,,,nyse,2026-08-08T04:28:25,,,
VCAR,VCAR,2021-01-04,09:33:43,,LUDP,LULD pause,Simplify Volt RoboCar Disruption and Tech ETF,NYSE Arca,2021-01-04,,09:38:43,,,,,,nyse,2026-08-08T04:28:25,,,
CALA,CALA,2021-01-04,09:37:18,,LUDP,LULD pause,"Calithera Biosciences, Inc",Nasdaq,2021-01-04,,09:42:18,,,,,,nyse,2026-08-08T04:28:25,,,
ISIG,ISIG,2021-01-04,09:41:04,,LUDP,LULD pause,Insignia Systems Inc,Nasdaq,2021-01-04,,09:51:04,,,,,,nyse,2026-08-08T04:28:25,,,
PFX,PFX,2021-01-04,09:48:49,,LUDP,LULD pause,PhenixFIN Corporation Common Stock,Nasdaq,2021-01-04,,09:53:49,,,,,,nyse,2026-08-08T04:28:25,,,
ISIG,ISIG,2021-01-04,09:52:10,,LUDP,LULD pause,Insignia Systems Inc,Nasdaq,2021-01-04,,09:57:10,,,,,,nyse,2026-08-08T04:28:25,,,
ISIG,ISIG,2021-01-04,09:57:43,,LUDP,LULD pause,Insignia Systems Inc,Nasdaq,2021-01-04,,10:02:43,,,,,,nyse,2026-08-08T04:28:25,,,
NCTY,NCTY,2021-01-04,10:06:58,,LUDP,LULD pause,The9 Limited American Depository Shares representing three class A ordinary shares,Nasdaq,2021-01-04,,10:11:58,,,,,,nyse,2026-08-08T04:28:25,,,
ISIG,ISIG,2021-01-04,10:09:06,,LUDP,LULD pause,Insignia Systems Inc,Nasdaq,2021-01-04,,10:14:06,,,,,,nyse,2026-08-08T04:28:25,,,
PFX,PFX,2021-01-04,10:10:14,,LUDP,LULD pause,PhenixFIN Corporation Common Stock,Nasdaq,2021-01-04,,10:15:14,,,,,,nyse,2026-08-08T04:28:25,,,
ISIG,ISIG,2021-01-04,10:14:29,,LUDP,LULD pause,Insignia Systems Inc,Nasdaq,2021-01-04,,10:19:29,,,,,,nyse,2026-08-08T04:28:25,,,
BRPAU,BRPAU,2021-01-04,10:14:59,,LUDP,LULD pause,Big Rock Partners Acquisition Corp. Unit,Nasdaq,2021-01-04,,10:26:01,,,,,,nyse,2026-08-08T04:28:25,,,
ISIG,ISIG,2021-01-04,10:19:55,,LUDP,LULD pause,Insignia Systems Inc,Nasdaq,2021-01-04,,10:24:55,,,,,,nyse,2026-08-08T04:28:25,,,
ISIG,ISIG,2021-01-04,10:28:25,,LUDP,LULD pause,Insignia Systems Inc,Nasdaq,2021-01-04,,10:33:25,,,,,,nyse,2026-08-08T04:28:25,,,
ISIG,ISIG,2021-01-04,10:37:05,,LUDP,LULD pause,Insignia Systems Inc,Nasdaq,2021-01-04,,10:42:05,,,,,,nyse,2026-08-08T04:28:25,,,
ISIG,ISIG,2021-01-04,10:43:08,,LUDP,LULD pause,Insignia Systems Inc,Nasdaq,2021-01-04,,10:48:08,,,,,,nyse,2026-08-08T04:28:25,,,
ISIG,ISIG,2021-01-04,10:49:01,,LUDP,LULD pause,Insignia Systems Inc,Nasdaq,2021-01-04,,10:54:01,,,,,,nyse,2026-08-08T04:28:25,,,
CHEK,CHEK,2021-01-04,10:51:54,,LUDP,LULD pause,Check-Cap Ltd.,Nasdaq,2021-01-04,,10:56:54,,,,,,nyse,2026-08-08T04:28:25,,,
CHEK,CHEK,2021-01-04,10:57:23,,LUDP,LULD pause,Check-Cap Ltd.,Nasdaq,2021-01-04,,11:02:23,,,,,,nyse,2026-08-08T04:28:25,,,
ROCHU,ROCHU,2021-01-04,11:22:08,,LUDP,LULD pause,Roth CH Acquisition I Co. Unit,Nasdaq,2021-01-04,,11:27:08,,,,,,nyse,2026-08-08T04:28:25,,,
MSC,MSC,2021-01-04,11:29:57,,LUDP,LULD pause,"Studio City International Holdings Limited American depositary shares, each representing four Class",NYSE,2021-01-04,,11:34:57,,,,,,nyse,2026-08-08T04:28:25,,,
NCTY,NCTY,2021-01-04,11:32:14,,LUDP,LULD pause,The9 Limited American Depository Shares representing three class A ordinary shares,Nasdaq,2021-01-04,,11:37:14,,,,,,nyse,2026-08-08T04:28:25,,,
MSC,MSC,2021-01-04,11:37:21,,LUDP,LULD pause,"Studio City International Holdings Limited American depositary shares, each representing four Class",NYSE,2021-01-04,,11:42:44,,,,,,nyse,2026-08-08T04:28:25,,,
MSC,MSC,2021-01-04,11:43:06,,LUDP,LULD pause,"Studio City International Holdings Limited American depositary shares, each representing four Class",NYSE,2021-01-04,,11:48:06,,,,,,nyse,2026-08-08T04:28:25,,,
MSC,MSC,2021-01-04,11:51:15,,LUDP,LULD pause,"Studio City International Holdings Limited American depositary shares, each representing four Class",NYSE,2021-01-04,,11:56:32,,,,,,nyse,2026-08-08T04:28:25,,,
MSC,MSC,2021-01-04,11:57:12,,LUDP,LULD pause,"Studio City International Holdings Limited American depositary shares, each representing four Class",NYSE,2021-01-04,,12:02:12,,,,,,nyse,2026-08-08T04:28:25,,,
PW,PW,2021-01-04,11:59:20,,T1,News pending,Power REIT,NYSE American,2021-01-04,,12:35:00,,,,,,nyse,2026-08-08T04:28:25,,,
PW.PRA,PW PRA,2021-01-04,11:59:20,,T1,News pending,"Power REIT  7.75% Series A Cumulative Redeemable Perpetual Preferred Stock, Liquidation Preference $",NYSE American,2021-01-04,,12:35:00,,,,,,nyse,2026-08-08T04:28:25,,,
MSC,MSC,2021-01-04,12:05:55,,LUDP,LULD pause,"Studio City International Holdings Limited American depositary shares, each representing four Class",NYSE,2021-01-04,,12:10:55,,,,,,nyse,2026-08-08T04:28:25,,,
ACY,ACY,2021-01-04,13:04:54,,LUDP,LULD pause,AeroCentury Corporation,NYSE American,2021-01-04,,13:09:54,,,,,,nyse,2026-08-08T04:28:25,,,
AIRT,AIRT,2021-01-04,13:14:59,,LUDP,LULD pause,Air T Inc,Nasdaq,2021-01-04,,13:19:59,,,,,,nyse,2026-08-08T04:28:25,,,
FTFT,FTFT,2021-01-04,14:00:37,,LUDP,LULD pause,Future FinTech Group Inc.,Nasdaq,2021-01-04,,14:05:37,,,,,,nyse,2026-08-08T04:28:25,,,
LACQU,LACQU,2021-01-04,14:50:41,,LUDP,LULD pause,Leisure Acquisition Corp. Unit,Nasdaq,2021-01-04,,14:55:41,,,,,,nyse,2026-08-08T04:28:25,,,
INDT,INDT,2021-01-04,15:59:55,,LUDP,LULD pause,"INDUS Realty Trust, Inc. (MD) Common Stock",Nasdaq,2021-01-04,,16:00:00,,,,,,nyse,2026-08-08T04:28:25,,,
LIFE,LIFE,2021-01-04,16:11:27,,T1,News pending,"aTyr Pharma, Inc. Common Stock",Nasdaq,2021-01-04,,16:45:00,,,,,,nyse,2026-08-08T04:28:25,,,
BPFH,BPFH,2021-01-04,16:25:03,,T1,News pending,"Boston Private Financial Holdings, Inc.",Nasdaq,2021-01-04,,17:00:00,,,,,,nyse,2026-08-08T04:28:25,,,
MRKR,MRKR,2021-01-05,06:55:02,,T1,News pending,"Marker Therapeutics, Inc. Common Stock",Nasdaq,2021-01-05,,07:30:00,,,,,,nyse,2026-08-08T04:28:25,,,
TATT,TATT,2021-01-05,09:34:20,,LUDP,LULD pause,TAT Technologies Ltd,Nasdaq,2021-01-05,,09:39:20,,,,,,nyse,2026-08-08T04:28:25,,,
BNGO,BNGO,2021-01-05,09:36:39,,LUDP,LULD pause,"Bionano Genomics, Inc. Common Stock",Nasdaq,2021-01-05,,09:41:39,,,,,,nyse,2026-08-08T04:28:25,,,
LACQU,LACQU,2021-01-05,09:39:20,,LUDP,LULD pause,Leisure Acquisition Corp. Unit,Nasdaq,2021-01-05,,09:44:20,,,,,,nyse,2026-08-08T04:28:25,,,
BNGO,BNGO,2021-01-05,09:45:10,,LUDP,LULD pause,"Bionano Genomics, Inc. Common Stock",Nasdaq,2021-01-05,,09:50:10,,,,,,nyse,2026-08-08T04:28:25,,,
HSDT,HSDT,2021-01-05,09:45:43,,LUDP,LULD pause,"Helius Medical Technologies, Inc. Class A Common Stock (DE)",Nasdaq,2021-01-05,,10:47:31,,,,,,nyse,2026-08-08T04:28:25,,,
ISIG,ISIG,2021-01-05,09:50:55,,LUDP,LULD pause,Insignia Systems Inc,Nasdaq,2021-01-05,,10:00:55,,,,,,nyse,2026-08-08T04:28:25,,,
SYN,SYN,2021-01-05,09:51:09,,LUDP,LULD pause,"Synthetic Biologics, Inc.",NYSE American,2021-01-05,,09:56:09,,,,,,nyse,2026-08-08T04:28:25,,,
PFX,PFX,2021-01-05,09:52:17,,LUDP,LULD pause,PhenixFIN Corporation Common Stock,Nasdaq,2021-01-05,,09:57:17,,,,,,nyse,2026-08-08T04:28:25,,,
PECK,PECK,2021-01-05,10:01:15,,LUDP,LULD pause,"The Peck Company Holdings, Inc. Common Stock",Nasdaq,2021-01-05,,10:11:15,,,,,,nyse,2026-08-08T04:28:25,,,
BIVI,BIVI,2021-01-05,10:37:55,,LUDP,LULD pause,"BioVie, Inc. Common Stock",Nasdaq,2021-01-05,,10:42:55,,,,,,nyse,2026-08-08T04:28:25,,,
HSDT,HSDT,2021-01-05,10:48:05,,LUDP,LULD pause,"Helius Medical Technologies, Inc. Class A Common Stock (DE)",Nasdaq,2021-01-05,,10:53:05,,,,,,nyse,2026-08-08T04:28:25,,,
ISIG,ISIG,2021-01-05,10:49:09,,LUDP,LULD pause,Insignia Systems Inc,Nasdaq,2021-01-05,,10:54:09,,,,,,nyse,2026-08-08T04:28:25,,,
HSDT,HSDT,2021-01-05,10:57:40,,LUDP,LULD pause,"Helius Medical Technologies, Inc. Class A Common Stock (DE)",Nasdaq,2021-01-05,,11:07:40,,,,,,nyse,2026-08-08T04:28:25,,,
HSDT,HSDT,2021-01-05,11:08:08,,LUDP,LULD pause,"Helius Medical Technologies, Inc. Class A Common Stock (DE)",Nasdaq,2021-01-05,,11:23:09,,,,,,nyse,2026-08-08T04:28:25,,,
HSDT,HSDT,2021-01-05,11:23:51,,LUDP,LULD pause,"Helius Medical Technologies, Inc. Class A Common Stock (DE)",Nasdaq,2021-01-05,,11:28:51,,,,,,nyse,2026-08-08T04:28:25,,,
HSDT,HSDT,2021-01-05,11:29:13,,LUDP,LULD pause,"Helius Medical Technologies, Inc. Class A Common Stock (DE)",Nasdaq,2021-01-05,,11:39:13,,,,,,nyse,2026-08-08T04:28:25,,,
CYCCP,CYCCP,2021-01-05,11:35:26,,LUDP,LULD pause,"Cyclacel Pharmaceuticals, Inc. 6% Cnvrtbl. Prfrd. Stock",Nasdaq,2021-01-05,,11:40:26,,,,,,nyse,2026-08-08T04:28:25,,,
HSDT,HSDT,2021-01-05,11:40:39,,LUDP,LULD pause,"Helius Medical Technologies, Inc. Class A Common Stock (DE)",Nasdaq,2021-01-05,,11:50:39,,,,,,nyse,2026-08-08T04:28:25,,,
SYN,SYN,2021-01-05,11:46:16,,LUDP,LULD pause,"Synthetic Biologics, Inc.",NYSE American,2021-01-05,,11:51:16,,,,,,nyse,2026-08-08T04:28:25,,,
HSDT,HSDT,2021-01-05,11:51:06,,LUDP,LULD pause,"Helius Medical Technologies, Inc. Class A Common Stock (DE)",Nasdaq,2021-01-05,,11:56:06,,,,,,nyse,2026-08-08T04:28:25,,,
SYN,SYN,2021-01-05,11:56:13,,LUDP,LULD pause,"Synthetic Biologics, Inc.",NYSE American,2021-01-05,,12:01:13,,,,,,nyse,2026-08-08T04:28:25,,,
HSDT,HSDT,2021-01-05,11:57:22,,LUDP,LULD pause,"Helius Medical Technologies, Inc. Class A Common Stock (DE)",Nasdaq,2021-01-05,,12:07:22,,,,,,nyse,2026-08-08T04:28:25,,,
KSPN,KSPN,2021-01-05,12:04:07,,LUDP,LULD pause,Kaspien Holdings Inc. Common Stock,Nasdaq,2021-01-05,,12:09:07,,,,,,nyse,2026-08-08T04:28:25,,,
HSDT,HSDT,2021-01-05,12:08:20,,LUDP,LULD pause,"Helius Medical Technologies, Inc. Class A Common Stock (DE)",Nasdaq,2021-01-05,,12:13:20,,,,,,nyse,2026-08-08T04:28:25,,,
ALACU,ALACU,2021-01-05,12:09:36,,LUDP,LULD pause,Alberton Acquisition Corporation Unit,Nasdaq,2021-01-05,,12:14:36,,,,,,nyse,2026-08-08T04:28:25,,,
PROG,PROG,2021-01-05,12:17:22,,LUDP,LULD pause,"Progenity, Inc. Common Stock",Nasdaq,2021-01-05,,12:22:22,,,,,,nyse,2026-08-08T04:28:25,,,
KSPN,KSPN,2021-01-05,12:17:24,,LUDP,LULD pause,Kaspien Holdings Inc. Common Stock,Nasdaq,2021-01-05,,12:22:24,,,,,,nyse,2026-08-08T04:28:25,,,
RSVA,RSVA,2021-01-05,12:23:02,,LUDP,LULD pause,Rodgers Silicon Valley Acquisition Corp. Common Stock,Nasdaq,2021-01-05,,12:48:03,,,,,,nyse,2026-08-08T04:28:25,,,
RSVA,RSVA,2021-01-05,12:49:01,,LUDP,LULD pause,Rodgers Silicon Valley Acquisition Corp. Common Stock,Nasdaq,2021-01-05,,12:54:01,,,,,,nyse,2026-08-08T04:28:25,,,
RSVA,RSVA,2021-01-05,12:54:26,,LUDP,LULD pause,Rodgers Silicon Valley Acquisition Corp. Common Stock,Nasdaq,2021-01-05,,12:59:26,,,,,,nyse,2026-08-08T04:28:25,,,
HSDT,HSDT,2021-01-05,12:57:23,,LUDP,LULD pause,"Helius Medical Technologies, Inc. Class A Common Stock (DE)",Nasdaq,2021-01-05,,13:02:23,,,,,,nyse,2026-08-08T04:28:25,,,
RSVA,RSVA,2021-01-05,13:03:42,,LUDP,LULD pause,Rodgers Silicon Valley Acquisition Corp. Common Stock,Nasdaq,2021-01-05,,13:08:42,,,,,,nyse,2026-08-08T04:28:25,,,
HSDT,HSDT,2021-01-05,13:03:45,,LUDP,LULD pause,"Helius Medical Technologies, Inc. Class A Common Stock (DE)",Nasdaq,2021-01-05,,13:13:46,,,,,,nyse,2026-08-08T04:28:25,,,
CEI,CEI,2021-01-05,13:24:18,,LUDP,LULD pause,"Camber Energy, Inc",NYSE American,2021-01-05,,13:29:18,,,,,,nyse,2026-08-08T04:28:25,,,
MXC,MXC,2021-01-05,13:45:49,,LUDP,LULD pause,Mexco Energy Corporation,NYSE American,2021-01-05,,13:50:49,,,,,,nyse,2026-08-08T04:28:25,,,
GRNVU,GRNVU,2021-01-05,15:02:05,,LUDP,LULD pause,GreenVision Acquisition Corp Unit,Nasdaq,2021-01-05,,15:07:05,,,,,,nyse,2026-08-08T04:28:25,,,
MXC,MXC,2021-01-05,15:28:43,,LUDP,LULD pause,Mexco Energy Corporation,NYSE American,2021-01-05,,15:33:43,,,,,,nyse,2026-08-08T04:28:25,,,
MXC,MXC,2021-01-05,15:37:16,,LUDP,LULD pause,Mexco Energy Corporation,NYSE American,2021-01-05,,15:42:16,,,,,,nyse,2026-08-08T04:28:25,,,
MXC,MXC,2021-01-05,15:48:44,,LUDP,LULD pause,Mexco Energy Corporation,NYSE American,2021-01-05,,16:00:00,,,,,,nyse,2026-08-08T04:28:25,,,
ARPO,ARPO,2021-01-05,16:00:11,,T1,News pending,"Aerpio Pharmaceuticals, Inc. Common Stock",Nasdaq,2021-01-05,,16:30:00,,,,,,nyse,2026-08-08T04:28:25,,,
ISR,ISR,2021-01-06,09:31:07,,LUDP,LULD pause,"IsoRay, Inc.",NYSE American,2021-01-06,,09:36:07,,,,,,nyse,2026-08-08T04:28:25,,,
ALACU,ALACU,2021-01-06,09:31:14,,LUDP,LULD pause,Alberton Acquisition Corporation Unit,Nasdaq,2021-01-06,,09:36:14,,,,,,nyse,2026-08-08T04:28:25,,,
BRPAU,BRPAU,2021-01-06,09:33:48,,LUDP,LULD pause,Big Rock Partners Acquisition Corp. Unit,Nasdaq,2021-01-06,,09:38:48,,,,,,nyse,2026-08-08T04:28:25,,,
ENVB,ENVB,2021-01-06,09:34:41,,LUDP,LULD pause,"Enveric Biosciences, Inc. Common Stock",Nasdaq,2021-01-06,,09:39:41,,,,,,nyse,2026-08-08T04:28:25,,,
ISR,ISR,2021-01-06,09:36:37,,LUDP,LULD pause,"IsoRay, Inc.",NYSE American,2021-01-06,,09:41:37,,,,,,nyse,2026-08-08T04:28:25,,,
ENVB,ENVB,2021-01-06,09:45:07,,LUDP,LULD pause,"Enveric Biosciences, Inc. Common Stock",Nasdaq,2021-01-06,,09:50:07,,,,,,nyse,2026-08-08T04:28:25,,,
HSDT,HSDT,2021-01-06,10:11:51,,LUDP,LULD pause,"Helius Medical Technologies, Inc. Class A Common Stock (DE)",Nasdaq,2021-01-06,,10:16:51,,,,,,nyse,2026-08-08T04:28:25,,,
LACQU,LACQU,2021-01-06,10:57:39,,LUDP,LULD pause,Leisure Acquisition Corp. Unit,Nasdaq,2021-01-06,,11:02:39,,,,,,nyse,2026-08-08T04:28:25,,,
GNSS,GNSS,2021-01-06,15:09:10,,LUDP,LULD pause,Genasys Inc. Common Stock,Nasdaq,2021-01-06,,15:14:10,,,,,,nyse,2026-08-08T04:28:25,,,
MAGS,MAGS,2021-01-06,15:10:35,,LUDP,LULD pause,Magal Security Systems Ltd,Nasdaq,2021-01-06,,15:15:35,,,,,,nyse,2026-08-08T04:28:25,,,
GRNVU,GRNVU,2021-01-06,15:15:05,,LUDP,LULD pause,GreenVision Acquisition Corp Unit,Nasdaq,2021-01-06,,15:20:05,,,,,,nyse,2026-08-08T04:28:25,,,
UUU,UUU,2021-01-06,15:15:10,,LUDP,LULD pause,"Universal Security Instruments, Inc.",NYSE American,2021-01-06,,15:20:10,,,,,,nyse,2026-08-08T04:28:25,,,
UUU,UUU,2021-01-06,15:21:52,,LUDP,LULD pause,"Universal Security Instruments, Inc.",NYSE American,2021-01-06,,15:26:52,,,,,,nyse,2026-08-08T04:28:25,,,
UUU,UUU,2021-01-06,15:27:34,,LUDP,LULD pause,"Universal Security Instruments, Inc.",NYSE American,2021-01-06,,15:32:34,,,,,,nyse,2026-08-08T04:28:25,,,
UUU,UUU,2021-01-06,15:33:01,,LUDP,LULD pause,"Universal Security Instruments, Inc.",NYSE American,2021-01-06,,15:38:01,,,,,,nyse,2026-08-08T04:28:25,,,
BRPAU,BRPAU,2021-01-06,15:40:40,,LUDP,LULD pause,Big Rock Partners Acquisition Corp. Unit,Nasdaq,2021-01-06,,15:45:40,,,,,,nyse,2026-08-08T04:28:25,,,
DUOT,DUOT,2021-01-06,15:42:00,,LUDP,LULD pause,"Duos Technologies Group, Inc. Common Stock",Nasdaq,2021-01-06,,15:47:00,,,,,,nyse,2026-08-08T04:28:25,,,
DUOT,DUOT,2021-01-06,15:47:34,,LUDP,LULD pause,"Duos Technologies Group, Inc. Common Stock",Nasdaq,2021-01-06,,16:00:00,,,,,,nyse,2026-08-08T04:28:25,,,
ISNS,ISNS,2021-01-06,15:48:43,,LUDP,LULD pause,Image Sensing Systems Inc,Nasdaq,2021-01-06,,16:00:00,,,,,,nyse,2026-08-08T04:28:25,,,
UONE,UONE,2021-01-06,15:52:48,,LUDP,LULD pause,"Urban One, Inc. Class A Common Stock",Nasdaq,2021-01-06,,16:00:00,,,,,,nyse,2026-08-08T04:28:25,,,
PLUG,PLUG,2021-01-06,17:55:14,,T1,News pending,Plug Power Inc.,Nasdaq,2021-01-06,,18:30:00,,,,,,nyse,2026-08-08T04:28:25,,,
ALNY,ALNY,2021-01-07,06:55:10,,T1,News pending,"Alnylam Pharmaceuticals, Inc.",Nasdaq,2021-01-07,,07:30:00,,,,,,nyse,2026-08-08T04:28:25,,,
OXFD,OXFD,2021-01-07,06:55:10,,T1,News pending,Oxford Immunotec Global PLC Ordinary Shares,Nasdaq,2021-01-07,,07:30:00,,,,,,nyse,2026-08-08T04:28:25,,,
WPX,WPX,2021-01-07,08:04:13,,UNKNOWN,News dissemination,"WPX Energy, Inc.",NYSE,,,,,,,,,nyse,2026-08-08T04:28:25,no_reanudo,,
TIF,TIF,2021-01-07,08:11:41,,UNKNOWN,News dissemination,Tiffany & Co.,NYSE,,,,,,,,,nyse,2026-08-08T04:28:25,no_reanudo,,
YOLO,YOLO,2021-01-07,09:35:20,,LUDP,LULD pause,AdvisorShares Pure Cannabis ETF,NYSE Arca,2021-01-07,,09:40:20,,,,,,nyse,2026-08-08T04:28:25,,,
NCTY,NCTY,2021-01-07,09:38:51,,LUDP,LULD pause,The9 Limited American Depository Shares representing three class A ordinary shares,Nasdaq,2021-01-07,,09:43:51,,,,,,nyse,2026-08-08T04:28:25,,,
MFH,MFH,2021-01-07,10:23:12,,LUDP,LULD pause,Mercurity Fintech Holding Inc. ADS,Nasdaq,2021-01-07,,10:28:12,,,,,,nyse,2026-08-08T04:28:25,,,
IPOE,IPOE,2021-01-07,10:42:53,,LUDP,LULD pause,Social Capital Hedosophia Holdings Corp. V,NYSE,2021-01-07,,10:48:19,,,,,,nyse,2026-08-08T04:28:25,,,
IPOE.U,IPOE U,2021-01-07,10:42:58,,LUDP,LULD pause,"Social Capital Hedosophia Holdings Corp. V Units, each consisting of one Class A ordinary share and",NYSE,2021-01-07,,10:48:33,,,,,,nyse,2026-08-08T04:28:25,,,
IPOE,IPOE,2021-01-07,10:48:36,,LUDP,LULD pause,Social Capital Hedosophia Holdings Corp. V,NYSE,2021-01-07,,10:53:56,,,,,,nyse,2026-08-08T04:28:25,,,
IPOE.U,IPOE U,2021-01-07,10:48:55,,LUDP,LULD pause,"Social Capital Hedosophia Holdings Corp. V Units, each consisting of one Class A ordinary share and",NYSE,2021-01-07,,10:53:55,,,,,,nyse,2026-08-08T04:28:25,,,
PRTC,PRTC,2021-01-07,10:48:57,,LUDP,LULD pause,PureTech Health plc American Depositary Shares,Nasdaq,2021-01-07,,10:53:57,,,,,,nyse,2026-08-08T04:28:25,,,
PRTC,PRTC,2021-01-07,10:54:12,,LUDP,LULD pause,PureTech Health plc American Depositary Shares,Nasdaq,2021-01-07,,10:59:12,,,,,,nyse,2026-08-08T04:28:25,,,
IPOE,IPOE,2021-01-07,11:05:10,,T1,News pending,Social Capital Hedosophia Holdings Corp. V,NYSE,2021-01-07,,12:46:20,,,,,,nyse,2026-08-08T04:28:25,,,
IPOE.U,IPOE U,2021-01-07,11:05:10,,T1,News pending,"Social Capital Hedosophia Holdings Corp. V Units, each consisting of one Class A ordinary share and",NYSE,2021-01-07,,12:45:23,,,,,,nyse,2026-08-08T04:28:25,,,
IPOE.WS,IPOE WS,2021-01-07,11:05:10,,T1,News pending,"Social Capital Hedosophia Holdings Corp. V Redeemable Warrants, each whole warrant exercisable for o",NYSE,2021-01-07,,14:16:03,,,,,,nyse,2026-08-08T04:28:25,,,
PRTC,PRTC,2021-01-07,11:12:50,,LUDP,LULD pause,PureTech Health plc American Depositary Shares,Nasdaq,2021-01-07,,11:22:51,,,,,,nyse,2026-08-08T04:28:25,,,
FTI,FTI,2021-01-07,11:18:57,,T1,News pending,TechnipFMC plc Ordinary Share,NYSE,2021-01-07,,11:55:05,,,,,,nyse,2026-08-08T04:28:25,,,
VJET,VJET,2021-01-07,11:24:59,,LUDP,LULD pause,VOXELJET AG American Depositary Shares (each representing one Ordinary Share),Nasdaq,2021-01-07,,11:29:59,,,,,,nyse,2026-08-08T04:28:25,,,
IPOE.U,IPOE U,2021-01-07,12:55:42,,LUDP,LULD pause,"Social Capital Hedosophia Holdings Corp. V Units, each consisting of one Class A ordinary share and",NYSE,2021-01-07,,13:00:42,,,,,,nyse,2026-08-08T04:28:25,,,
IPOE,IPOE,2021-01-07,12:55:47,,LUDP,LULD pause,Social Capital Hedosophia Holdings Corp. V,NYSE,2021-01-07,,13:00:47,,,,,,nyse,2026-08-08T04:28:25,,,
IMTE,IMTE,2021-01-07,13:13:52,,LUDP,LULD pause,Integrated Media Technology Limited Ordinary Shares,Nasdaq,2021-01-07,,13:18:52,,,,,,nyse,2026-08-08T04:28:25,,,
SOL,SOL,2021-01-07,13:46:03,,LUDP,LULD pause,ReneSola Ltd American Depositary (Each representing ten shares),NYSE,2021-01-07,,13:51:03,,,,,,nyse,2026-08-08T04:28:25,,,
LACQU,LACQU,2021-01-07,13:54:07,,LUDP,LULD pause,Leisure Acquisition Corp. Unit,Nasdaq,2021-01-07,,13:59:07,,,,,,nyse,2026-08-08T04:28:25,,,
QDEL,QDEL,2021-01-07,14:19:35,,LUDP,LULD pause,Quidel Corp,Nasdaq,2021-01-07,,14:24:35,,,,,,nyse,2026-08-08T04:28:25,,,
LTRPB,LTRPB,2021-01-07,14:28:01,,LUDP,LULD pause,"Liberty TripAdvisor Holdings, Inc. Series B",Nasdaq,2021-01-07,,14:38:01,,,,,,nyse,2026-08-08T04:28:25,,,
SRPT,SRPT,2021-01-07,16:00:19,,T1,News pending,"Sarepta Therapeutics,, Inc. Common Stock",Nasdaq,2021-01-07,,17:00:00,,,,,,nyse,2026-08-08T04:28:25,,,
DRTT,DRTT,2021-01-07,16:09:20,,T1,News pending,DIRTT Environmental Solutions Ltd. Common Shares,Nasdaq,2021-01-07,,16:40:00,,,,,,nyse,2026-08-08T04:28:25,,,
ACEV,ACEV,2021-01-07,16:38:56,,T1,News pending,ACE Convergence Acquisition Corp. Class A Ordinary Shares,Nasdaq,2021-01-07,,17:40:00,,,,,,nyse,2026-08-08T04:28:25,,,
ACEVU,ACEVU,2021-01-07,16:38:56,,T1,News pending,ACE Convergence Acquisition Corp. Unit,Nasdaq,2021-01-07,,17:10:00,,,,,,nyse,2026-08-08T04:28:25,,,
ACEVW,ACEVW,2021-01-07,16:38:56,,T1,News pending,ACE Convergence Acquisition Corp. Warrant,Nasdaq,2021-01-07,,17:10:00,,,,,,nyse,2026-08-08T04:28:25,,,
ACIA,ACIA,2021-01-08,08:07:30,,T1,News pending,"Acacia Communications, Inc. Common Stock",Nasdaq,2021-01-08,,08:45:00,,,,,,nyse,2026-08-08T04:28:25,,,
RSVA,RSVA,2021-01-08,09:31:06,,LUDP,LULD pause,Rodgers Silicon Valley Acquisition Corp. Common Stock,Nasdaq,2021-01-08,,09:51:07,,,,,,nyse,2026-08-08T04:28:25,,,
VFIN,VFIN,2021-01-08,09:31:11,,LUDP,LULD pause,Simplify Volt Fintech Disruption ETF,NYSE Arca,2021-01-08,,09:36:11,,,,,,nyse,2026-08-08T04:28:25,,,
BNGO,BNGO,2021-01-08,09:36:03,,LUDP,LULD pause,"Bionano Genomics, Inc. Common Stock",Nasdaq,2021-01-08,,09:41:03,,,,,,nyse,2026-08-08T04:28:25,,,
FTFT,FTFT,2021-01-08,09:36:58,,LUDP,LULD pause,Future FinTech Group Inc.,Nasdaq,2021-01-08,,09:41:58,,,,,,nyse,2026-08-08T04:28:25,,,
ACTC,ACTC,2021-01-08,09:37:17,,LUDP,LULD pause,ArcLight Clean Transition Corp. Class A Ordinary Shares,Nasdaq,2021-01-08,,09:42:17,,,,,,nyse,2026-08-08T04:28:25,,,
FTFT,FTFT,2021-01-08,09:42:54,,LUDP,LULD pause,Future FinTech Group Inc.,Nasdaq,2021-01-08,,09:47:54,,,,,,nyse,2026-08-08T04:28:25,,,
RSVA,RSVA,2021-01-08,09:54:11,,LUDP,LULD pause,Rodgers Silicon Valley Acquisition Corp. Common Stock,Nasdaq,2021-01-08,,09:59:11,,,,,,nyse,2026-08-08T04:28:25,,,
BRPAU,BRPAU,2021-01-08,09:59:23,,LUDP,LULD pause,Big Rock Partners Acquisition Corp. Unit,Nasdaq,2021-01-08,,10:04:23,,,,,,nyse,2026-08-08T04:28:25,,,
MACK,MACK,2021-01-08,10:02:53,,LUDP,LULD pause,"Merrimack Pharmaceuticals, Inc.",Nasdaq,2021-01-08,,10:07:53,,,,,,nyse,2026-08-08T04:28:25,,,
STRRP,STRRP,2021-01-08,10:09:47,,LUDP,LULD pause,"Star Equity Holdings, Inc. Series A Cumulative Perpetual Preferred Stock",Nasdaq,2021-01-08,,10:38:48,,,,,,nyse,2026-08-08T04:28:25,,,
RSVA,RSVA,2021-01-08,10:10:47,,LUDP,LULD pause,Rodgers Silicon Valley Acquisition Corp. Common Stock,Nasdaq,2021-01-08,,10:15:47,,,,,,nyse,2026-08-08T04:28:25,,,
RSVA,RSVA,2021-01-08,10:16:54,,LUDP,LULD pause,Rodgers Silicon Valley Acquisition Corp. Common Stock,Nasdaq,2021-01-08,,10:21:54,,,,,,nyse,2026-08-08T04:28:25,,,
RSVA,RSVA,2021-01-08,10:24:41,,LUDP,LULD pause,Rodgers Silicon Valley Acquisition Corp. Common Stock,Nasdaq,2021-01-08,,10:29:41,,,,,,nyse,2026-08-08T04:28:25,,,
LACQU,LACQU,2021-01-08,10:27:32,,LUDP,LULD pause,Leisure Acquisition Corp. Unit,Nasdaq,2021-01-08,,10:32:32,,,,,,nyse,2026-08-08T04:28:25,,,
RSVA,RSVA,2021-01-08,10:39:02,,LUDP,LULD pause,Rodgers Silicon Valley Acquisition Corp. Common Stock,Nasdaq,2021-01-08,,10:49:02,,,,,,nyse,2026-08-08T04:28:25,,,
MLPO,MLPO,2021-01-08,11:40:25,,LUDP,LULD pause,Credit Suisse S&P MLP Index ETN,NYSE Arca,2021-01-08,,11:50:25,,,,,,nyse,2026-08-08T04:28:25,,,
MLPO,MLPO,2021-01-08,12:07:39,,LUDP,LULD pause,Credit Suisse S&P MLP Index ETN,NYSE Arca,2021-01-08,,12:12:39,,,,,,nyse,2026-08-08T04:28:25,,,
LMFA,LMFA,2021-01-08,12:32:14,,LUDP,LULD pause,"LM Funding America, Inc. Common Stock",Nasdaq,2021-01-08,,12:37:14,,,,,,nyse,2026-08-08T04:28:25,,,
CGA,CGA,2021-01-08,13:01:11,,LUDP,LULD pause,CHINA GREEN AGRICULTURE INC,NYSE,2021-01-08,,13:06:11,,,,,,nyse,2026-08-08T04:28:25,,,
APDN,APDN,2021-01-08,13:43:59,,LUDP,LULD pause,"Applied DNA Sciences, Inc.",Nasdaq,2021-01-08,,13:48:59,,,,,,nyse,2026-08-08T04:28:25,,,
APDN,APDN,2021-01-08,13:49:28,,LUDP,LULD pause,"Applied DNA Sciences, Inc.",Nasdaq,2021-01-08,,13:59:29,,,,,,nyse,2026-08-08T04:28:25,,,
APDN,APDN,2021-01-08,14:00:03,,LUDP,LULD pause,"Applied DNA Sciences, Inc.",Nasdaq,2021-01-08,,14:10:03,,,,,,nyse,2026-08-08T04:28:25,,,
APDN,APDN,2021-01-08,14:10:28,,LUDP,LULD pause,"Applied DNA Sciences, Inc.",Nasdaq,2021-01-08,,14:20:28,,,,,,nyse,2026-08-08T04:28:25,,,
FLNT,FLNT,2021-01-08,14:16:51,,LUDP,LULD pause,"Fluent, Inc. Common Stock",Nasdaq,2021-01-08,,14:21:51,,,,,,nyse,2026-08-08T04:28:25,,,
APDN,APDN,2021-01-08,14:20:55,,LUDP,LULD pause,"Applied DNA Sciences, Inc.",Nasdaq,2021-01-08,,14:30:55,,,,,,nyse,2026-08-08T04:28:25,,,
APDN,APDN,2021-01-08,14:46:38,,LUDP,LULD pause,"Applied DNA Sciences, Inc.",Nasdaq,2021-01-08,,14:51:38,,,,,,nyse,2026-08-08T04:28:25,,,
PACB,PACB,2021-01-08,15:13:00,,LUDP,LULD pause,"Pacific Biosciences of California, Inc.",Nasdaq,2021-01-08,,15:18:00,,,,,,nyse,2026-08-08T04:28:25,,,
NBACU,NBACU,2021-01-08,15:49:37,,LUDP,LULD pause,Newborn Acquisition Corp. Unit,Nasdaq,2021-01-08,,16:00:00,,,,,,nyse,2026-08-08T04:28:25,,,
CHA,CHA,2021-01-11,03:35:11,,UNKNOWN,News dissemination,"China Telecom Corporation, LTD",NYSE,,,,,,,,,nyse,2026-08-08T04:28:25,no_reanudo,,
CHL,CHL,2021-01-11,03:35:32,,UNKNOWN,News dissemination,China Mobile Limited,NYSE,,,,,,,,,nyse,2026-08-08T04:28:25,no_reanudo,,
CHU,CHU,2021-01-11,03:35:51,,UNKNOWN,News dissemination,China Unicom (HONG KONG) Limited,NYSE,,,,,,,,,nyse,2026-08-08T04:28:25,no_reanudo,,
MDGS,MDGS,2021-01-11,04:00:04,,T1,News pending,Medigus Ltd. American Depositary Share,Nasdaq,2021-01-11,,09:15:00,,,,,,nyse,2026-08-08T04:28:25,,,
MDGSW,MDGSW,2021-01-11,04:00:04,,T1,News pending,Medigus Ltd. Series C Warrant,Nasdaq,2021-01-11,,09:15:00,,,,,,nyse,2026-08-08T04:28:25,,,
VIH,VIH,2021-01-11,07:55:45,,T1,News pending,VPC Impact Acquisition Holdings Class A Ordinary Shares,Nasdaq,2021-01-11,,08:25:00,,,,,,nyse,2026-08-08T04:28:25,,,
VIHAU,VIHAU,2021-01-11,07:55:45,,T1,News pending,VPC Impact Acquisition Holdings Unit,Nasdaq,2021-01-11,,08:25:00,,,,,,nyse,2026-08-08T04:28:25,,,
VIHAW,VIHAW,2021-01-11,07:55:45,,T1,News pending,VPC Impact Acquisition Holdings Warrant,Nasdaq,2021-01-11,,08:25:00,,,,,,nyse,2026-08-08T04:28:25,,,
JAGX,JAGX,2021-01-11,09:33:07,,LUDP,LULD pause,"Jaguar Health, Inc.",Nasdaq,2021-01-11,,09:38:07,,,,,,nyse,2026-08-08T04:28:25,,,
ACIU,ACIU,2021-01-11,10:41:17,,LUDP,LULD pause,AC Immune SA,Nasdaq,2021-01-11,,10:51:17,,,,,,nyse,2026-08-08T04:28:25,,,
NOVSU,NOVSU,2021-01-11,10:43:14,,LUDP,LULD pause,Novus Capital Corporation Units,Nasdaq,2021-01-11,,10:48:14,,,,,,nyse,2026-08-08T04:28:25,,,
GOVX,GOVX,2021-01-11,10:53:23,,LUDP,LULD pause,"GeoVax Labs, Inc. New",Nasdaq,2021-01-11,,10:58:23,,,,,,nyse,2026-08-08T04:28:25,,,
CCIV,CCIV,2021-01-11,12:59:37,,LUDP,LULD pause,Churchill Capital Corp IV,NYSE,2021-01-11,,13:04:54,,,,,,nyse,2026-08-08T04:28:25,,,
CCIV.U,CCIV U,2021-01-11,12:59:43,,LUDP,LULD pause,"Churchill Capital Corp IV Units, each consisting of one share of Class A common stock and one-fifth",NYSE,2021-01-11,,13:05:17,,,,,,nyse,2026-08-08T04:28:25,,,
CCIV,CCIV,2021-01-11,13:05:09,,LUDP,LULD pause,Churchill Capital Corp IV,NYSE,2021-01-11,,13:10:09,,,,,,nyse,2026-08-08T04:28:25,,,
CCIV.U,CCIV U,2021-01-11,13:05:33,,LUDP,LULD pause,"Churchill Capital Corp IV Units, each consisting of one share of Class A common stock and one-fifth",NYSE,2021-01-11,,13:10:33,,,,,,nyse,2026-08-08T04:28:25,,,
SLGG,SLGG,2021-01-11,13:44:22,,LUDP,LULD pause,"Super League Gaming, Inc. Common Stock",Nasdaq,2021-01-11,,13:54:22,,,,,,nyse,2026-08-08T04:28:25,,,
PSTI,PSTI,2021-01-11,14:23:29,,LUDP,LULD pause,"Pluristem Therapeutics, Inc.",Nasdaq,2021-01-11,,14:33:29,,,,,,nyse,2026-08-08T04:28:25,,,
KSPN,KSPN,2021-01-11,14:24:03,,LUDP,LULD pause,Kaspien Holdings Inc. Common Stock,Nasdaq,2021-01-11,,14:29:03,,,,,,nyse,2026-08-08T04:28:25,,,
PSTI,PSTI,2021-01-11,14:34:06,,LUDP,LULD pause,"Pluristem Therapeutics, Inc.",Nasdaq,2021-01-11,,14:39:06,,,,,,nyse,2026-08-08T04:28:25,,,
ACTC,ACTC,2021-01-12,07:55:02,,T1,News pending,ArcLight Clean Transition Corp. Class A Ordinary Shares,Nasdaq,2021-01-12,,08:30:00,,,,,,nyse,2026-08-08T04:28:25,,,
ACTCU,ACTCU,2021-01-12,07:55:02,,T1,News pending,ArcLight Clean Transition Corp. Unit,Nasdaq,2021-01-12,,08:30:00,,,,,,nyse,2026-08-08T04:28:25,,,
ACTCW,ACTCW,2021-01-12,07:55:02,,T1,News pending,ArcLight Clean Transition Corp. Warrant,Nasdaq,2021-01-12,,08:30:00,,,,,,nyse,2026-08-08T04:28:25,,,
THRY,THRY,2021-01-12,09:30:34,,LUDP,LULD pause,"Thryv Holdings, Inc. Common Stock",Nasdaq,2021-01-12,,09:45:35,,,,,,nyse,2026-08-08T04:28:25,,,
LACQU,LACQU,2021-01-12,09:32:54,,LUDP,LULD pause,Leisure Acquisition Corp. Unit,Nasdaq,2021-01-12,,09:42:54,,,,,,nyse,2026-08-08T04:28:25,,,
RSVA,RSVA,2021-01-12,09:38:18,,LUDP,LULD pause,Rodgers Silicon Valley Acquisition Corp. Common Stock,Nasdaq,2021-01-12,,09:48:18,,,,,,nyse,2026-08-08T04:28:25,,,
KUKE,KUKE,2021-01-12,09:40:07,,LUDP,LULD pause,"Kuke Music Holding Limited American Depositary Shares, each representing one Ordinary Share",NYSE,2021-01-12,,09:45:07,,,,,,nyse,2026-08-08T04:28:25,,,
DLPN,DLPN,2021-01-12,09:41:25,,LUDP,LULD pause,"Dolphin Entertainment, Inc.",Nasdaq,2021-01-12,,09:51:25,,,,,,nyse,2026-08-08T04:28:25,,,
ACTC,ACTC,2021-01-12,09:43:52,,LUDP,LULD pause,ArcLight Clean Transition Corp. Class A Ordinary Shares,Nasdaq,2021-01-12,,09:48:52,,,,,,nyse,2026-08-08T04:28:25,,,
ACTCU,ACTCU,2021-01-12,09:43:55,,LUDP,LULD pause,ArcLight Clean Transition Corp. Unit,Nasdaq,2021-01-12,,09:53:55,,,,,,nyse,2026-08-08T04:28:25,,,
KUKE,KUKE,2021-01-12,09:47:17,,LUDP,LULD pause,"Kuke Music Holding Limited American Depositary Shares, each representing one Ordinary Share",NYSE,2021-01-12,,09:52:17,,,,,,nyse,2026-08-08T04:28:25,,,
RSVA,RSVA,2021-01-12,09:49:10,,LUDP,LULD pause,Rodgers Silicon Valley Acquisition Corp. Common Stock,Nasdaq,2021-01-12,,09:54:10,,,,,,nyse,2026-08-08T04:28:25,,,
RSVAU,RSVAU,2021-01-12,09:49:13,,LUDP,LULD pause,Rodgers Silicon Valley Acquisition Corp. Unit,Nasdaq,2021-01-12,,09:54:13,,,,,,nyse,2026-08-08T04:28:25,,,
KUKE,KUKE,2021-01-12,09:52:54,,LUDP,LULD pause,"Kuke Music Holding Limited American Depositary Shares, each representing one Ordinary Share",NYSE,2021-01-12,,09:57:54,,,,,,nyse,2026-08-08T04:28:25,,,
RSVAU,RSVAU,2021-01-12,09:59:52,,LUDP,LULD pause,Rodgers Silicon Valley Acquisition Corp. Unit,Nasdaq,2021-01-12,,10:04:52,,,,,,nyse,2026-08-08T04:28:25,,,
QLI,QLI,2021-01-12,10:02:15,,LUDP,LULD pause,Qilian International Holding Group Ltd. Ordinary Shares,Nasdaq,2021-01-12,,10:50:51,,,,,,nyse,2026-08-08T04:28:25,,,
BMRA,BMRA,2021-01-12,10:04:57,,LUDP,LULD pause,BIOMERICA INC,Nasdaq,2021-01-12,,10:09:57,,,,,,nyse,2026-08-08T04:28:25,,,
GSAH,GSAH,2021-01-12,10:07:30,,LUDP,LULD pause,GS Acquisition Holdings Corp II,NYSE,2021-01-12,,10:12:30,,,,,,nyse,2026-08-08T04:28:25,,,
GSAH.U,GSAH U,2021-01-12,10:07:47,,LUDP,LULD pause,"GS Acquisition Holdings Corp II Units, each consisting of one share of Class A Common Stock and one-",NYSE,2021-01-12,,10:12:47,,,,,,nyse,2026-08-08T04:28:25,,,
QLI,QLI,2021-01-12,10:51:29,,LUDP,LULD pause,Qilian International Holding Group Ltd. Ordinary Shares,Nasdaq,2021-01-12,,10:56:29,,,,,,nyse,2026-08-08T04:28:25,,,
QLI,QLI,2021-01-12,10:56:57,,LUDP,LULD pause,Qilian International Holding Group Ltd. Ordinary Shares,Nasdaq,2021-01-12,,11:01:57,,,,,,nyse,2026-08-08T04:28:25,,,
QLI,QLI,2021-01-12,11:02:15,,LUDP,LULD pause,Qilian International Holding Group Ltd. Ordinary Shares,Nasdaq,2021-01-12,,11:22:06,,,,,,nyse,2026-08-08T04:28:25,,,
QLI,QLI,2021-01-12,11:22:59,,LUDP,LULD pause,Qilian International Holding Group Ltd. Ordinary Shares,Nasdaq,2021-01-12,,11:32:59,,,,,,nyse,2026-08-08T04:28:25,,,
QLI,QLI,2021-01-12,11:33:24,,LUDP,LULD pause,Qilian International Holding Group Ltd. Ordinary Shares,Nasdaq,2021-01-12,,11:43:25,,,,,,nyse,2026-08-08T04:28:25,,,
ACRX,ACRX,2021-01-12,11:41:47,,LUDP,LULD pause,"AcelRx Pharmaceuticals, Inc",Nasdaq,2021-01-12,,11:46:47,,,,,,nyse,2026-08-08T04:28:25,,,
QLI,QLI,2021-01-12,11:43:54,,LUDP,LULD pause,Qilian International Holding Group Ltd. Ordinary Shares,Nasdaq,2021-01-12,,11:53:55,,,,,,nyse,2026-08-08T04:28:25,,,
NCNA,NCNA,2021-01-12,11:45:17,,LUDP,LULD pause,NuCana plc American Depositary Share,Nasdaq,2021-01-12,,11:50:17,,,,,,nyse,2026-08-08T04:28:25,,,
QLI,QLI,2021-01-12,11:56:59,,LUDP,LULD pause,Qilian International Holding Group Ltd. Ordinary Shares,Nasdaq,2021-01-12,,12:07:00,,,,,,nyse,2026-08-08T04:28:25,,,
QLI,QLI,2021-01-12,12:07:25,,LUDP,LULD pause,Qilian International Holding Group Ltd. Ordinary Shares,Nasdaq,2021-01-12,,12:12:25,,,,,,nyse,2026-08-08T04:28:25,,,
QLI,QLI,2021-01-12,12:12:44,,LUDP,LULD pause,Qilian International Holding Group Ltd. Ordinary Shares,Nasdaq,2021-01-12,,12:22:44,,,,,,nyse,2026-08-08T04:28:25,,,
CPSH,CPSH,2021-01-12,14:07:30,,LUDP,LULD pause,CPS Technologies Corp. Common Stock,Nasdaq,2021-01-12,,15:47:27,,,,,,nyse,2026-08-08T04:28:25,,,
CPSH,CPSH,2021-01-12,15:47:42,,LUDP,LULD pause,CPS Technologies Corp. Common Stock,Nasdaq,2021-01-12,,16:00:00,,,,,,nyse,2026-08-08T04:28:25,,,
ALACU,ALACU,2021-01-12,15:56:51,,LUDP,LULD pause,Alberton Acquisition Corporation Unit,Nasdaq,2021-01-12,,16:00:00,,,,,,nyse,2026-08-08T04:28:25,,,
LIVE,LIVE,2021-01-13,09:30:36,,LUDP,LULD pause,Live Ventures Inc,Nasdaq,2021-01-13,,09:35:36,,,,,,nyse,2026-08-08T04:28:25,,,
QLI,QLI,2021-01-13,09:33:49,,LUDP,LULD pause,Qilian International Holding Group Ltd. Ordinary Shares,Nasdaq,2021-01-13,,09:38:49,,,,,,nyse,2026-08-08T04:28:25,,,
LIVE,LIVE,2021-01-13,09:35:53,,LUDP,LULD pause,Live Ventures Inc,Nasdaq,2021-01-13,,09:40:53,,,,,,nyse,2026-08-08T04:28:25,,,
QLI,QLI,2021-01-13,09:39:43,,LUDP,LULD pause,Qilian International Holding Group Ltd. Ordinary Shares,Nasdaq,2021-01-13,,09:44:43,,,,,,nyse,2026-08-08T04:28:25,,,
LACQU,LACQU,2021-01-13,09:40:04,,LUDP,LULD pause,Leisure Acquisition Corp. Unit,Nasdaq,2021-01-13,,09:45:04,,,,,,nyse,2026-08-08T04:28:25,,,
LIVE,LIVE,2021-01-13,09:41:19,,LUDP,LULD pause,Live Ventures Inc,Nasdaq,2021-01-13,,09:46:19,,,,,,nyse,2026-08-08T04:28:25,,,
LIVE,LIVE,2021-01-13,10:14:12,,LUDP,LULD pause,Live Ventures Inc,Nasdaq,2021-01-13,,10:19:12,,,,,,nyse,2026-08-08T04:28:25,,,
CPSH,CPSH,2021-01-13,10:17:46,,LUDP,LULD pause,CPS Technologies Corp. Common Stock,Nasdaq,2021-01-13,,10:27:47,,,,,,nyse,2026-08-08T04:28:25,,,
NCNA,NCNA,2021-01-13,10:25:06,,LUDP,LULD pause,NuCana plc American Depositary Share,Nasdaq,2021-01-13,,10:30:06,,,,,,nyse,2026-08-08T04:28:25,,,
CPSH,CPSH,2021-01-13,10:30:19,,LUDP,LULD pause,CPS Technologies Corp. Common Stock,Nasdaq,2021-01-13,,10:35:19,,,,,,nyse,2026-08-08T04:28:25,,,
MSGM,MSGM,2021-01-13,11:08:54,,LUDP,LULD pause,Motorsport Games Inc. Class A Common Stock,Nasdaq,2021-01-13,,11:13:54,,,,,,nyse,2026-08-08T04:28:25,,,
ONDS,ONDS,2021-01-13,11:32:01,,LUDP,LULD pause,Ondas Holdings Inc. Common Stock,Nasdaq,2021-01-13,,11:42:01,,,,,,nyse,2026-08-08T04:28:25,,,
JVA,JVA,2021-01-13,15:58:30,,LUDP,LULD pause,"Coffee Holding Co., Inc.",Nasdaq,2021-01-13,,16:00:00,,,,,,nyse,2026-08-08T04:28:25,,,
CRSA,CRSA,2021-01-14,07:20:20,,T1,News pending,Crescent Acquisition Corp Class A Common Stock,Nasdaq,2021-01-14,,08:30:00,,,,,,nyse,2026-08-08T04:28:25,,,
CRSAU,CRSAU,2021-01-14,07:20:20,,T1,News pending,Crescent Acquisition Corp Unit,Nasdaq,2021-01-14,,08:30:00,,,,,,nyse,2026-08-08T04:28:25,,,
CRSAW,CRSAW,2021-01-14,07:20:20,,T1,News pending,Crescent Acquisition Corp Warrant,Nasdaq,2021-01-14,,08:30:00,,,,,,nyse,2026-08-08T04:28:25,,,
FIT,FIT,2021-01-14,08:17:06,,UNKNOWN,News dissemination,"Fitbit, Inc. Class A common stock",NYSE,,,,,,,,,nyse,2026-08-08T04:28:25,no_reanudo,,
NPAUU,NPAUU,2021-01-14,09:30:46,,LUDP,LULD pause,New Providence Acquisition Corp. Unit,Nasdaq,2021-01-14,,09:35:46,,,,,,nyse,2026-08-08T04:28:25,,,
CXDO,CXDO,2021-01-14,11:19:09,,LUDP,LULD pause,CREXENDO INC,Nasdaq,2021-01-14,,11:24:09,,,,,,nyse,2026-08-08T04:28:25,,,
LTBR,LTBR,2021-01-14,11:48:52,,LUDP,LULD pause,Lightbridge Corp.,Nasdaq,2021-01-14,,11:53:52,,,,,,nyse,2026-08-08T04:28:25,,,
JAGX,JAGX,2021-01-14,11:56:05,,LUDP,LULD pause,"Jaguar Health, Inc.",Nasdaq,2021-01-14,,12:01:05,,,,,,nyse,2026-08-08T04:28:25,,,
JAGX,JAGX,2021-01-14,12:01:46,,LUDP,LULD pause,"Jaguar Health, Inc.",Nasdaq,2021-01-14,,12:06:46,,,,,,nyse,2026-08-08T04:28:25,,,
JAGX,JAGX,2021-01-14,12:07:09,,LUDP,LULD pause,"Jaguar Health, Inc.",Nasdaq,2021-01-14,,12:17:10,,,,,,nyse,2026-08-08T04:28:25,,,
RBAC,RBAC,2021-01-14,13:27:12,,LUDP,LULD pause,RedBall Acquisition Corp.,NYSE,2021-01-14,,13:32:12,,,,,,nyse,2026-08-08T04:28:25,,,
RBAC.U,RBAC U,2021-01-14,13:27:53,,LUDP,LULD pause,"RedBall Acquisition Corp. Units, each consisting of one Class A ordinary share and one-third of one",NYSE,2021-01-14,,13:33:19,,,,,,nyse,2026-08-08T04:28:25,,,
HVT.A,HVT A,2021-01-14,14:15:42,,LUDP,LULD pause,"Haverty Furniture Companies, Inc. Class A",NYSE,2021-01-14,,14:20:56,,,,,,nyse,2026-08-08T04:28:25,,,
ANDAU,ANDAU,2021-01-14,14:19:36,,LUDP,LULD pause,Andina Acquisition Corp. III Unit,Nasdaq,2021-01-14,,14:24:36,,,,,,nyse,2026-08-08T04:28:25,,,
CFAC,CFAC,2021-01-14,14:33:51,,LUDP,LULD pause,CF Finance Acquisition Corp. III Common Stock,Nasdaq,2021-01-14,,14:43:51,,,,,,nyse,2026-08-08T04:28:25,,,
CFACU,CFACU,2021-01-14,14:33:55,,LUDP,LULD pause,CF Finance Acquisition Corp. III Unit,Nasdaq,2021-01-14,,14:38:55,,,,,,nyse,2026-08-08T04:28:25,,,
FST,FST,2021-01-14,14:52:11,,LUDP,LULD pause,FAST Acquisition Corp.,NYSE,2021-01-14,,14:57:11,,,,,,nyse,2026-08-08T04:28:25,,,
FST.U,FST U,2021-01-14,14:52:16,,LUDP,LULD pause,"FAST Acquisition Corp. Units, each consisting of one share of Class A common stock and one-half of o",NYSE,2021-01-14,,14:57:16,,,,,,nyse,2026-08-08T04:28:25,,,
LACQU,LACQU,2021-01-14,14:58:06,,LUDP,LULD pause,Leisure Acquisition Corp. Unit,Nasdaq,2021-01-14,,15:08:07,,,,,,nyse,2026-08-08T04:28:25,,,
LACQU,LACQU,2021-01-14,15:08:37,,LUDP,LULD pause,Leisure Acquisition Corp. Unit,Nasdaq,2021-01-14,,15:13:37,,,,,,nyse,2026-08-08T04:28:25,,,
PRCH,PRCH,2021-01-14,16:02:54,,T1,News pending,"Porch Group, Inc. Common Stock",Nasdaq,2021-01-14,,16:35:00,,,,,,nyse,2026-08-08T04:28:25,,,
PRCHW,PRCHW,2021-01-14,16:02:54,,T1,News pending,"Porch Group, Inc. Warrant",Nasdaq,2021-01-14,,16:35:00,,,,,,nyse,2026-08-08T04:28:25,,,
GBNY,GBNY,2021-01-14,17:10:16,,T1,News pending,"Generations Bancorp NY, Inc. Common Stock",Nasdaq,2021-01-15,,08:15:00,,,,,,nyse,2026-08-08T04:28:25,,,
VS,VS,2021-01-15,03:58:00,,T1,News pending,Versus Systems Inc. Common Stock,Nasdaq,2021-01-15,,09:45:00,,,,,,nyse,2026-08-08T04:28:25,,,
VSSYW,VSSYW,2021-01-15,03:58:00,,T1,News pending,Versus Systems Inc. Class A Warrants,Nasdaq,2021-01-15,,16:00:00,,,,,,nyse,2026-08-08T04:28:25,,,
CRNT,CRNT,2021-01-15,09:34:42,,LUDP,LULD pause,Ceragon Networks Ltd,Nasdaq,2021-01-15,,10:35:33,,,,,,nyse,2026-08-08T04:28:25,,,
LPTH,LPTH,2021-01-15,09:35:41,,LUDP,LULD pause,Lightpath Technologies Inc,Nasdaq,2021-01-15,,09:40:41,,,,,,nyse,2026-08-08T04:28:25,,,
VS,VS,2021-01-15,09:45:17,,LUDP,LULD pause,Versus Systems Inc. Common Stock,Nasdaq,2021-01-15,,09:50:17,,,,,,nyse,2026-08-08T04:28:25,,,
VS,VS,2021-01-15,09:51:28,,LUDP,LULD pause,Versus Systems Inc. Common Stock,Nasdaq,2021-01-15,,09:56:28,,,,,,nyse,2026-08-08T04:28:25,,,
IKNX,IKNX,2021-01-15,10:05:21,,LUDP,LULD pause,Ikonics Corp,Nasdaq,2021-01-15,,10:15:21,,,,,,nyse,2026-08-08T04:28:25,,,
IKNX,IKNX,2021-01-15,10:26:38,,LUDP,LULD pause,Ikonics Corp,Nasdaq,2021-01-15,,10:31:38,,,,,,nyse,2026-08-08T04:28:25,,,
CRNT,CRNT,2021-01-15,10:36:01,,LUDP,LULD pause,Ceragon Networks Ltd,Nasdaq,2021-01-15,,10:46:01,,,,,,nyse,2026-08-08T04:28:25,,,
CRNT,CRNT,2021-01-15,10:46:21,,LUDP,LULD pause,Ceragon Networks Ltd,Nasdaq,2021-01-15,,10:56:21,,,,,,nyse,2026-08-08T04:28:25,,,
CRNT,CRNT,2021-01-15,11:00:31,,LUDP,LULD pause,Ceragon Networks Ltd,Nasdaq,2021-01-15,,11:05:31,,,,,,nyse,2026-08-08T04:28:25,,,
CCIV.U,CCIV U,2021-01-15,11:11:38,,LUDP,LULD pause,"Churchill Capital Corp IV Units, each consisting of one share of Class A common stock and one-fifth",NYSE,2021-01-15,,11:16:38,,,,,,nyse,2026-08-08T04:28:25,,,
CCIV,CCIV,2021-01-15,11:11:42,,LUDP,LULD pause,Churchill Capital Corp IV,NYSE,2021-01-15,,11:16:43,,,,,,nyse,2026-08-08T04:28:25,,,
VHC,VHC,2021-01-15,11:34:24,,LUDP,LULD pause,VirnetX Holding Corporation,NYSE,2021-01-15,,11:39:24,,,,,,nyse,2026-08-08T04:28:25,,,
ALACU,ALACU,2021-01-15,12:17:36,,LUDP,LULD pause,Alberton Acquisition Corporation Unit,Nasdaq,2021-01-15,,12:31:00,,,,,,nyse,2026-08-08T04:28:25,,,
CCIV,CCIV,2021-01-15,12:47:07,,LUDP,LULD pause,Churchill Capital Corp IV,NYSE,2021-01-15,,12:52:07,,,,,,nyse,2026-08-08T04:28:25,,,
CCIV.U,CCIV U,2021-01-15,12:47:12,,LUDP,LULD pause,"Churchill Capital Corp IV Units, each consisting of one share of Class A common stock and one-fifth",NYSE,2021-01-15,,12:52:12,,,,,,nyse,2026-08-08T04:28:25,,,
GRA,GRA,2021-01-15,13:58:41,,T1,News pending,W.R. Grace & Co.,NYSE,2021-01-15,,14:20:04,,,,,,nyse,2026-08-08T04:28:25,,,
LCY,LCY,2021-01-15,14:53:23,,LUDP,LULD pause,"Landcadia Holdings III, Inc. Class A Common Stock",Nasdaq,2021-01-15,,14:58:23,,,,,,nyse,2026-08-08T04:28:25,,,
LACQU,LACQU,2021-01-15,15:48:51,,LUDP,LULD pause,Leisure Acquisition Corp. Unit,Nasdaq,2021-01-15,,16:20:14,,,,,,nyse,2026-08-08T04:28:25,,,
RIDEW,RIDEW,2021-01-15,16:05:12,,T1,News pending,Lordstown Motors Corp. Warrant,Nasdaq,,,,,,,,,nyse,2026-08-08T04:28:25,no_reanudo,,
AMCIU,AMCIU,2021-01-19,09:33:29,,LUDP,LULD pause,AMCI Acquisition Corp. Unit,Nasdaq,2021-01-19,,09:38:29,,,,,,nyse,2026-08-08T04:28:25,,,
LIXT,LIXT,2021-01-19,09:35:29,,LUDP,LULD pause,"Lixte Biotechnology Holdings, Inc. Common Stock",Nasdaq,2021-01-19,,09:45:29,,,,,,nyse,2026-08-08T04:28:25,,,
LIXT,LIXT,2021-01-19,09:49:08,,LUDP,LULD pause,"Lixte Biotechnology Holdings, Inc. Common Stock",Nasdaq,2021-01-19,,09:54:08,,,,,,nyse,2026-08-08T04:28:25,,,
YTEN,YTEN,2021-01-19,10:05:22,,LUDP,LULD pause,"Yield10 Bioscience, Inc. Common Stock",Nasdaq,2021-01-19,,10:15:22,,,,,,nyse,2026-08-08T04:28:25,,,
GNRSU,GNRSU,2021-01-19,10:33:09,,LUDP,LULD pause,Greenrose Acquisition Corp. Unit,Nasdaq,2021-01-19,,10:38:09,,,,,,nyse,2026-08-08T04:28:25,,,
ACRS,ACRS,2021-01-19,10:35:19,,LUDP,LULD pause,"Aclaris Therapeutics, Inc.",Nasdaq,2021-01-19,,10:40:19,,,,,,nyse,2026-08-08T04:28:25,,,
UONE,UONE,2021-01-19,10:50:53,,LUDP,LULD pause,"Urban One, Inc. Class A Common Stock",Nasdaq,2021-01-19,,11:00:53,,,,,,nyse,2026-08-08T04:28:25,,,
UONEK,UONEK,2021-01-19,10:50:59,,LUDP,LULD pause,"Urban One, Inc. Class D Common Stock",Nasdaq,2021-01-19,,10:55:59,,,,,,nyse,2026-08-08T04:28:25,,,
RDIB,RDIB,2021-01-19,10:52:37,,LUDP,LULD pause,"Reading International, Inc (Class B",Nasdaq,2021-01-19,,10:57:37,,,,,,nyse,2026-08-08T04:28:25,,,
UONE,UONE,2021-01-19,11:01:34,,LUDP,LULD pause,"Urban One, Inc. Class A Common Stock",Nasdaq,2021-01-19,,11:06:34,,,,,,nyse,2026-08-08T04:28:25,,,
EMCF,EMCF,2021-01-19,12:32:32,,LUDP,LULD pause,Emclaire Financial Corp,Nasdaq,2021-01-19,,12:37:32,,,,,,nyse,2026-08-08T04:28:25,,,
BRPAU,BRPAU,2021-01-19,13:56:04,,LUDP,LULD pause,Big Rock Partners Acquisition Corp. Unit,Nasdaq,2021-01-19,,14:01:04,,,,,,nyse,2026-08-08T04:28:25,,,
BVXV,BVXV,2021-01-19,14:17:35,,LUDP,LULD pause,BiondVax Pharmaceuticals Ltd,Nasdaq,2021-01-19,,14:22:35,,,,,,nyse,2026-08-08T04:28:25,,,
PCTI,PCTI,2021-01-19,15:43:46,,LUDP,LULD pause,"PCTEL, Inc. Common Stock",Nasdaq,2021-01-19,,16:00:00,,,,,,nyse,2026-08-08T04:28:25,,,
PERI,PERI,2021-01-19,16:43:16,,T1,News pending,Perion Network Ltd.,Nasdaq,2021-01-20,,09:15:00,,,,,,nyse,2026-08-08T04:28:25,,,
LAC,LAC,2021-01-20,07:50:18,,T1,News pending,Lithium Americas Corp. Common Shares,NYSE,2021-01-20,,08:30:05,,,,,,nyse,2026-08-08T04:28:25,,,
NGA.U,NGA U,2021-01-20,09:30:29,,LUDP,LULD pause,"Northern Genesis Acquisition Corp. Units, each consisting of one share of common stock and one-half",NYSE,2021-01-20,,09:35:29,,,,,,nyse,2026-08-08T04:28:25,,,
GRTS,GRTS,2021-01-20,09:31:28,,LUDP,LULD pause,"Gritstone Oncology, Inc.",Nasdaq,2021-01-20,,09:36:28,,,,,,nyse,2026-08-08T04:28:25,,,
DMYD.U,DMYD U,2021-01-20,09:31:38,,LUDP,LULD pause,"dMY Technology Group, Inc. II Units, each consisting of one share of Class A common stock and one-th",NYSE,2021-01-20,,09:37:02,,,,,,nyse,2026-08-08T04:28:25,,,
NUZE,NUZE,2021-01-20,09:34:40,,LUDP,LULD pause,"NuZee, Inc. Common Stock",Nasdaq,2021-01-20,,09:39:40,,,,,,nyse,2026-08-08T04:28:25,,,
GRTS,GRTS,2021-01-20,09:40:56,,LUDP,LULD pause,"Gritstone Oncology, Inc.",Nasdaq,2021-01-20,,09:45:56,,,,,,nyse,2026-08-08T04:28:25,,,
FDUSL,FDUSL,2021-01-20,09:47:11,,T1,News pending,Fidus Investment Corporation 5.875% Notes due 2023,Nasdaq,,,,,,,,,nyse,2026-08-08T04:28:25,no_reanudo,,
ATNF,ATNF,2021-01-20,09:50:17,,LUDP,LULD pause,180 Life Sciences Corp. Common Stock,Nasdaq,2021-01-20,,09:55:17,,,,,,nyse,2026-08-08T04:28:25,,,
GRTS,GRTS,2021-01-20,09:52:50,,LUDP,LULD pause,"Gritstone Oncology, Inc.",Nasdaq,2021-01-20,,09:57:50,,,,,,nyse,2026-08-08T04:28:25,,,
CXDO,CXDO,2021-01-20,09:57:05,,LUDP,LULD pause,CREXENDO INC,Nasdaq,2021-01-20,,10:02:05,,,,,,nyse,2026-08-08T04:28:25,,,
EDSA,EDSA,2021-01-20,09:57:22,,LUDP,LULD pause,"Edesa Biotech, Inc. Common Shares",Nasdaq,2021-01-20,,10:02:22,,,,,,nyse,2026-08-08T04:28:25,,,
BKYI,BKYI,2021-01-20,09:59:22,,LUDP,LULD pause,"BIO-key International, Inc. Common Stock",Nasdaq,2021-01-20,,10:04:22,,,,,,nyse,2026-08-08T04:28:25,,,
GRTS,GRTS,2021-01-20,09:59:52,,LUDP,LULD pause,"Gritstone Oncology, Inc.",Nasdaq,2021-01-20,,10:04:52,,,,,,nyse,2026-08-08T04:28:25,,,
PCTI,PCTI,2021-01-20,10:02:31,,LUDP,LULD pause,"PCTEL, Inc. Common Stock",Nasdaq,2021-01-20,,10:07:31,,,,,,nyse,2026-08-08T04:28:25,,,
GRTS,GRTS,2021-01-20,10:05:29,,LUDP,LULD pause,"Gritstone Oncology, Inc.",Nasdaq,2021-01-20,,10:10:29,,,,,,nyse,2026-08-08T04:28:25,,,
GRTS,GRTS,2021-01-20,10:10:49,,LUDP,LULD pause,"Gritstone Oncology, Inc.",Nasdaq,2021-01-20,,10:20:49,,,,,,nyse,2026-08-08T04:28:25,,,
EDSA,EDSA,2021-01-20,10:33:22,,LUDP,LULD pause,"Edesa Biotech, Inc. Common Shares",Nasdaq,2021-01-20,,10:38:22,,,,,,nyse,2026-08-08T04:28:25,,,
TLSA,TLSA,2021-01-20,10:36:21,,LUDP,LULD pause,Tiziana Life Sciences plc American Depository Share,Nasdaq,2021-01-20,,10:41:21,,,,,,nyse,2026-08-08T04:28:25,,,
TLSA,TLSA,2021-01-20,10:42:04,,LUDP,LULD pause,Tiziana Life Sciences plc American Depository Share,Nasdaq,2021-01-20,,10:52:04,,,,,,nyse,2026-08-08T04:28:25,,,
WAFU,WAFU,2021-01-20,10:44:09,,LUDP,LULD pause,Wah Fu Education Group Limited Ordinary Shares,Nasdaq,2021-01-20,,10:49:09,,,,,,nyse,2026-08-08T04:28:25,,,
THCAU,THCAU,2021-01-20,13:24:33,,LUDP,LULD pause,Tuscan Holdings Corp. II Unit,Nasdaq,2021-01-20,,13:44:34,,,,,,nyse,2026-08-08T04:28:25,,,
AUVI,AUVI,2021-01-20,14:01:11,,LUDP,LULD pause,"Applied UV, Inc. Common Stock",Nasdaq,2021-01-20,,14:06:11,,,,,,nyse,2026-08-08T04:28:25,,,
AUVI,AUVI,2021-01-20,14:13:23,,LUDP,LULD pause,"Applied UV, Inc. Common Stock",Nasdaq,2021-01-20,,14:18:23,,,,,,nyse,2026-08-08T04:28:25,,,
THCAU,THCAU,2021-01-20,15:03:56,,LUDP,LULD pause,Tuscan Holdings Corp. II Unit,Nasdaq,2021-01-20,,15:08:56,,,,,,nyse,2026-08-08T04:28:25,,,
FTOC,FTOC,2021-01-20,15:11:49,,LUDP,LULD pause,FTAC Olympus Acquisition Corp. Class A Ordinary Shares,Nasdaq,2021-01-20,,15:21:49,,,,,,nyse,2026-08-08T04:28:25,,,
FTOCU,FTOCU,2021-01-20,15:11:54,,LUDP,LULD pause,FTAC Olympus Acquisition Corp. Unit,Nasdaq,2021-01-20,,15:16:54,,,,,,nyse,2026-08-08T04:28:25,,,
BRPAU,BRPAU,2021-01-20,15:46:59,,LUDP,LULD pause,Big Rock Partners Acquisition Corp. Unit,Nasdaq,2021-01-20,,16:05:29,,,,,,nyse,2026-08-08T04:28:25,,,
NAV.PRD,NAV PRD,2021-01-20,15:59:29,,LUDP,LULD pause,"Navistar International Corporation Cumulative Convertible Junior Preference Stock, Series D",NYSE,2021-01-20,,16:05:18,,,,,,nyse,2026-08-08T04:28:25,,,
MCEP,MCEP,2021-01-20,19:51:07,,T1,News pending,"Mid-Con Energy Partners, LP",Nasdaq,,,,,,,,,nyse,2026-08-08T04:28:25,no_reanudo,,
CRTD,CRTD,2021-01-21,09:32:29,,LUDP,LULD pause,Creatd Inc. Common Stock,Nasdaq,2021-01-21,,09:37:29,,,,,,nyse,2026-08-08T04:28:25,,,
XOG,XOG,2021-01-21,09:33:51,,LUDP,LULD pause,"Extraction Oil & Gas, Inc. Common Stock",Nasdaq,2021-01-21,,10:42:36,,,,,,nyse,2026-08-08T04:28:25,,,
ADXN,ADXN,2021-01-21,09:37:16,,LUDP,LULD pause,Addex Therapeutics Ltd American Depositary Shares,Nasdaq,2021-01-21,,09:42:16,,,,,,nyse,2026-08-08T04:28:25,,,
BRPAU,BRPAU,2021-01-21,09:39:38,,LUDP,LULD pause,Big Rock Partners Acquisition Corp. Unit,Nasdaq,2021-01-21,,09:44:38,,,,,,nyse,2026-08-08T04:28:25,,,
CRTD,CRTD,2021-01-21,09:42:14,,LUDP,LULD pause,Creatd Inc. Common Stock,Nasdaq,2021-01-21,,09:47:14,,,,,,nyse,2026-08-08T04:28:25,,,
IPWR,IPWR,2021-01-21,09:51:58,,LUDP,LULD pause,Ideal Power Inc.,Nasdaq,2021-01-21,,09:56:58,,,,,,nyse,2026-08-08T04:28:25,,,
IPWR,IPWR,2021-01-21,10:09:41,,LUDP,LULD pause,Ideal Power Inc.,Nasdaq,2021-01-21,,10:14:41,,,,,,nyse,2026-08-08T04:28:25,,,
BRPAU,BRPAU,2021-01-21,10:23:28,,LUDP,LULD pause,Big Rock Partners Acquisition Corp. Unit,Nasdaq,2021-01-21,,10:28:28,,,,,,nyse,2026-08-08T04:28:25,,,
RHE,RHE,2021-01-21,10:34:51,,LUDP,LULD pause,"Regional Health Properties, Inc.",NYSE American,2021-01-21,,10:44:51,,,,,,nyse,2026-08-08T04:28:25,,,
PRQR,PRQR,2021-01-21,10:38:02,,LUDP,LULD pause,ProQR Therapeutics N.V. Ordinary Shares,Nasdaq,2021-01-21,,10:43:02,,,,,,nyse,2026-08-08T04:28:25,,,
RHE,RHE,2021-01-21,10:45:24,,LUDP,LULD pause,"Regional Health Properties, Inc.",NYSE American,2021-01-21,,10:55:24,,,,,,nyse,2026-08-08T04:28:25,,,
XOG,XOG,2021-01-21,10:45:25,,LUDP,LULD pause,"Extraction Oil & Gas, Inc. Common Stock",Nasdaq,2021-01-21,,10:55:25,,,,,,nyse,2026-08-08T04:28:25,,,
RHE,RHE,2021-01-21,10:57:35,,LUDP,LULD pause,"Regional Health Properties, Inc.",NYSE American,2021-01-21,,11:07:35,,,,,,nyse,2026-08-08T04:28:25,,,
XOG,XOG,2021-01-21,11:00:35,,LUDP,LULD pause,"Extraction Oil & Gas, Inc. Common Stock",Nasdaq,2021-01-21,,11:05:35,,,,,,nyse,2026-08-08T04:28:25,,,
XOG,XOG,2021-01-21,11:10:48,,LUDP,LULD pause,"Extraction Oil & Gas, Inc. Common Stock",Nasdaq,2021-01-21,,11:15:48,,,,,,nyse,2026-08-08T04:28:25,,,
XOG,XOG,2021-01-21,11:21:11,,LUDP,LULD pause,"Extraction Oil & Gas, Inc. Common Stock",Nasdaq,2021-01-21,,11:26:11,,,,,,nyse,2026-08-08T04:28:25,,,
DUNEU,DUNEU,2021-01-21,12:17:51,,LUDP,LULD pause,Dune Acquisition Corporation Unit,Nasdaq,2021-01-21,,12:22:51,,,,,,nyse,2026-08-08T04:28:25,,,
AHPI,AHPI,2021-01-21,14:02:10,,LUDP,LULD pause,Allied Healthcare Products,Nasdaq,2021-01-21,,14:07:10,,,,,,nyse,2026-08-08T04:28:25,,,
NCMI,NCMI,2021-01-21,15:36:12,,LUDP,LULD pause,"National CineMedia, Inc.",Nasdaq,2021-01-21,,15:41:12,,,,,,nyse,2026-08-08T04:28:25,,,
PRVL,PRVL,2021-01-21,19:45:17,,T1,News pending,Prevail Therapeutics Inc. Common Stock,Nasdaq,,,,,,,,,nyse,2026-08-08T04:28:25,no_reanudo,,
NBACU,NBACU,2021-01-22,09:30:15,,LUDP,LULD pause,Newborn Acquisition Corp. Unit,Nasdaq,2021-01-22,,09:35:15,,,,,,nyse,2026-08-08T04:28:25,,,
CLII.U,CLII U,2021-01-22,09:30:26,,LUDP,LULD pause,"Climate Change Crisis Real Impact I Acquisition Corporation Units, each consisting of one share of C",NYSE,2021-01-22,,09:35:43,,,,,,nyse,2026-08-08T04:28:25,,,
CLPS,CLPS,2021-01-22,09:34:47,,LUDP,LULD pause,CLPS Incorporation Common Stock,Nasdaq,2021-01-22,,09:39:47,,,,,,nyse,2026-08-08T04:28:25,,,
CLII.U,CLII U,2021-01-22,09:35:58,,LUDP,LULD pause,"Climate Change Crisis Real Impact I Acquisition Corporation Units, each consisting of one share of C",NYSE,2021-01-22,,09:41:15,,,,,,nyse,2026-08-08T04:28:25,,,
BBIG,BBIG,2021-01-22,09:37:11,,LUDP,LULD pause,"Vinco Ventures, Inc. Common Stock",Nasdaq,2021-01-22,,09:42:11,,,,,,nyse,2026-08-08T04:28:25,,,
CLII.U,CLII U,2021-01-22,09:41:30,,LUDP,LULD pause,"Climate Change Crisis Real Impact I Acquisition Corporation Units, each consisting of one share of C",NYSE,2021-01-22,,09:46:30,,,,,,nyse,2026-08-08T04:28:25,,,
GBGR,GBGR,2021-01-22,09:53:08,,LUDP,LULD pause,Global Beta Rising Stars ETF,NYSE Arca,2021-01-22,,09:58:08,,,,,,nyse,2026-08-08T04:28:25,,,
APWC,APWC,2021-01-22,10:14:56,,LUDP,LULD pause,Asia Pacific Wire & Cable Corp,Nasdaq,2021-01-22,,10:19:56,,,,,,nyse,2026-08-08T04:28:25,,,
MGI,MGI,2021-01-22,10:16:32,,LUDP,LULD pause,"MoneyGram International, Inc. New",Nasdaq,2021-01-22,,10:21:32,,,,,,nyse,2026-08-08T04:28:25,,,
APWC,APWC,2021-01-22,10:33:35,,LUDP,LULD pause,Asia Pacific Wire & Cable Corp,Nasdaq,2021-01-22,,10:38:35,,,,,,nyse,2026-08-08T04:28:25,,,
HWCC,HWCC,2021-01-22,10:38:26,,LUDP,LULD pause,Houston Wire & Cable Company,Nasdaq,2021-01-22,,10:43:26,,,,,,nyse,2026-08-08T04:28:25,,,
APWC,APWC,2021-01-22,10:38:50,,LUDP,LULD pause,Asia Pacific Wire & Cable Corp,Nasdaq,2021-01-22,,10:48:50,,,,,,nyse,2026-08-08T04:28:25,,,
OCC,OCC,2021-01-22,10:40:25,,LUDP,LULD pause,Optical Cable Corp.,Nasdaq,2021-01-22,,10:45:25,,,,,,nyse,2026-08-08T04:28:25,,,
HWCC,HWCC,2021-01-22,10:45:27,,LUDP,LULD pause,Houston Wire & Cable Company,Nasdaq,2021-01-22,,10:50:27,,,,,,nyse,2026-08-08T04:28:25,,,
OCC,OCC,2021-01-22,10:46:17,,LUDP,LULD pause,Optical Cable Corp.,Nasdaq,2021-01-22,,10:51:17,,,,,,nyse,2026-08-08T04:28:25,,,
TCCO,TCCO,2021-01-22,10:48:45,,LUDP,LULD pause,Technical Communications Corporation,Nasdaq,2021-01-22,,10:58:45,,,,,,nyse,2026-08-08T04:28:25,,,
OCC,OCC,2021-01-22,10:53:19,,LUDP,LULD pause,Optical Cable Corp.,Nasdaq,2021-01-22,,10:58:19,,,,,,nyse,2026-08-08T04:28:25,,,
HWCC,HWCC,2021-01-22,10:57:17,,LUDP,LULD pause,Houston Wire & Cable Company,Nasdaq,2021-01-22,,11:07:17,,,,,,nyse,2026-08-08T04:28:25,,,
RLX,RLX,2021-01-22,11:04:40,,LUDP,LULD pause,"RLX Technology Inc. American Depositary Shares, each representing the right to receive one (1) Class",NYSE,2021-01-22,,11:09:57,,,,,,nyse,2026-08-08T04:28:25,,,
HUDI,HUDI,2021-01-22,11:37:52,,LUDP,LULD pause,"Huadi International Group Co., Ltd. Ordinary Shares",Nasdaq,2021-01-22,,11:42:52,,,,,,nyse,2026-08-08T04:28:25,,,
GME,GME,2021-01-22,12:41:02,,LUDP,LULD pause,GameStop Corp. Class A,NYSE,2021-01-22,,12:46:03,,,,,,nyse,2026-08-08T04:28:25,,,
VUZI,VUZI,2021-01-22,12:48:28,,LUDP,LULD pause,Vuzix Corporation,Nasdaq,2021-01-22,,12:53:28,,,,,,nyse,2026-08-08T04:28:25,,,
GME,GME,2021-01-22,12:50:01,,LUDP,LULD pause,GameStop Corp. Class A,NYSE,2021-01-22,,12:55:01,,,,,,nyse,2026-08-08T04:28:25,,,
GME,GME,2021-01-22,13:01:37,,LUDP,LULD pause,GameStop Corp. Class A,NYSE,2021-01-22,,13:06:37,,,,,,nyse,2026-08-08T04:28:25,,,
MAYS,MAYS,2021-01-22,13:28:53,,LUDP,LULD pause,Mays (J.W.) Inc,Nasdaq,2021-01-22,,13:33:53,,,,,,nyse,2026-08-08T04:28:25,,,
APRN,APRN,2021-01-22,13:52:06,,LUDP,LULD pause,"Blue Apron Holdings, Inc. Class A Common Stock",NYSE,2021-01-22,,13:57:06,,,,,,nyse,2026-08-08T04:28:25,,,
MAYS,MAYS,2021-01-22,15:25:41,,LUDP,LULD pause,Mays (J.W.) Inc,Nasdaq,2021-01-22,,15:30:41,,,,,,nyse,2026-08-08T04:28:25,,,
PT,PT,2021-01-22,15:33:40,,LUDP,LULD pause,Pintec Technology Holdings Limited American Depositary Shares,Nasdaq,2021-01-22,,15:38:40,,,,,,nyse,2026-08-08T04:28:25,,,
CVLB,CVLB,2021-01-22,15:43:35,,LUDP,LULD pause,"Conversion Labs, Inc. Common",Nasdaq,2021-01-22,,15:48:35,,,,,,nyse,2026-08-08T04:28:25,,,
MAYS,MAYS,2021-01-22,15:50:56,,LUDP,LULD pause,Mays (J.W.) Inc,Nasdaq,2021-01-22,,16:00:00,,,,,,nyse,2026-08-08T04:28:25,,,
CVLB,CVLB,2021-01-22,15:57:32,,LUDP,LULD pause,"Conversion Labs, Inc. Common",Nasdaq,2021-01-22,,16:00:00,,,,,,nyse,2026-08-08T04:28:25,,,
AUPH,AUPH,2021-01-22,18:23:41,,T1,News pending,Aurinia Pharmaceuticals Inc,Nasdaq,2021-01-25,,07:10:00,,,,,,nyse,2026-08-08T04:28:25,,,
FRG,FRG,2021-01-25,07:26:47,,T1,News pending,"Franchise Group, Inc.",Nasdaq,2021-01-25,,08:00:00,,,,,,nyse,2026-08-08T04:28:25,,,
FRGAP,FRGAP,2021-01-25,07:26:47,,T1,News pending,"Franchise Group, Inc. 7.50% Series A Cumulative Perpetual Preferred Stock",Nasdaq,2021-01-25,,08:00:00,,,,,,nyse,2026-08-08T04:28:25,,,
TFII,TFII,2021-01-25,08:13:05,,T1,News pending,TFI International Inc.,NYSE,2021-01-25,,08:50:05,,,,,,nyse,2026-08-08T04:28:25,,,
CATM,CATM,2021-01-25,08:21:27,,T1,News pending,Cardtronics plc Class A Ordinary Shares (UK),Nasdaq,2021-01-25,,08:45:00,,,,,,nyse,2026-08-08T04:28:25,,,
RCKY,RCKY,2021-01-25,08:25:50,,T1,News pending,"Rocky Brands, Inc.",Nasdaq,2021-01-25,,09:00:00,,,,,,nyse,2026-08-08T04:28:25,,,
LMACU,LMACU,2021-01-25,09:30:17,,LUDP,LULD pause,Liberty Media Acquisition Corporation Unit,Nasdaq,2021-01-25,,09:35:17,,,,,,nyse,2026-08-08T04:28:25,,,
PHGE.U,PHGE U,2021-01-25,09:30:20,,LUDP,LULD pause,BiomX Inc. Units each consisting of one share of common stock and one Warrant entitling the holder t,NYSE American,2021-01-25,,12:02:58,,,,,,nyse,2026-08-08T04:28:25,,,
JILL,JILL,2021-01-25,09:31:06,,LUDP,LULD pause,"J.Jill, Inc. Common Stock",NYSE,2021-01-25,,09:36:26,,,,,,nyse,2026-08-08T04:28:25,,,
GME,GME,2021-01-25,09:34:20,,LUDP,LULD pause,GameStop Corp. Class A,NYSE,2021-01-25,,09:42:00,,,,,,nyse,2026-08-08T04:28:25,,,
KOSS,KOSS,2021-01-25,10:01:12,,LUDP,LULD pause,Koss Corp,Nasdaq,2021-01-25,,10:06:12,,,,,,nyse,2026-08-08T04:28:25,,,
TRIT,TRIT,2021-01-25,10:08:19,,LUDP,LULD pause,"Triterras, Inc. Class A Ordinary Shares",Nasdaq,2021-01-25,,10:13:19,,,,,,nyse,2026-08-08T04:28:25,,,
CCIV,CCIV,2021-01-25,10:47:47,,LUDP,LULD pause,Churchill Capital Corp IV,NYSE,2021-01-25,,10:52:53,,,,,,nyse,2026-08-08T04:28:25,,,
GME,GME,2021-01-25,10:47:48,,LUDP,LULD pause,GameStop Corp. Class A,NYSE,2021-01-25,,10:53:34,,,,,,nyse,2026-08-08T04:28:25,,,
GME,GME,2021-01-25,10:58:15,,LUDP,LULD pause,GameStop Corp. Class A,NYSE,2021-01-25,,11:03:20,,,,,,nyse,2026-08-08T04:28:25,,,
GME,GME,2021-01-25,11:04:33,,LUDP,LULD pause,GameStop Corp. Class A,NYSE,2021-01-25,,11:09:38,,,,,,nyse,2026-08-08T04:28:25,,,
CCIV,CCIV,2021-01-25,11:04:39,,LUDP,LULD pause,Churchill Capital Corp IV,NYSE,2021-01-25,,11:09:50,,,,,,nyse,2026-08-08T04:28:25,,,
CCIV.U,CCIV U,2021-01-25,11:05:12,,LUDP,LULD pause,"Churchill Capital Corp IV Units, each consisting of one share of Class A common stock and one-fifth",NYSE,2021-01-25,,11:10:20,,,,,,nyse,2026-08-08T04:28:25,,,
SUNW,SUNW,2021-01-25,11:05:24,,LUDP,LULD pause,"Sunworks, Inc.",Nasdaq,2021-01-25,,11:10:24,,,,,,nyse,2026-08-08T04:28:25,,,
ISUN,ISUN,2021-01-25,11:07:50,,LUDP,LULD pause,"iSun, Inc. Common Stock",Nasdaq,2021-01-25,,11:17:50,,,,,,nyse,2026-08-08T04:28:25,,,
BNGO,BNGO,2021-01-25,11:09:15,,LUDP,LULD pause,"Bionano Genomics, Inc. Common Stock",Nasdaq,2021-01-25,,11:14:15,,,,,,nyse,2026-08-08T04:28:25,,,
BQ,BQ,2021-01-25,11:09:25,,LUDP,LULD pause,"Boqii Holding Limited American Depositary Shares (ADSs),representing Class A Ordinary Shares",NYSE,2021-01-25,,11:16:09,,,,,,nyse,2026-08-08T04:28:25,,,
OPTT,OPTT,2021-01-25,11:10:10,,LUDP,LULD pause,"Ocean Power Technologies, Inc.",Nasdaq,2021-01-25,,11:15:10,,,,,,nyse,2026-08-08T04:28:25,,,
CCIV,CCIV,2021-01-25,11:10:20,,LUDP,LULD pause,Churchill Capital Corp IV,NYSE,2021-01-25,,11:15:38,,,,,,nyse,2026-08-08T04:28:25,,,
POLA,POLA,2021-01-25,11:10:25,,LUDP,LULD pause,"Polar Power, Inc. Common Stock",Nasdaq,2021-01-25,,11:15:25,,,,,,nyse,2026-08-08T04:28:25,,,
SUNW,SUNW,2021-01-25,11:11:06,,LUDP,LULD pause,"Sunworks, Inc.",Nasdaq,2021-01-25,,11:16:06,,,,,,nyse,2026-08-08T04:28:25,,,
GME,GME,2021-01-25,11:11:44,,LUDP,LULD pause,GameStop Corp. Class A,NYSE,2021-01-25,,11:17:30,,,,,,nyse,2026-08-08T04:28:25,,,
NNDM,NNDM,2021-01-25,11:13:36,,LUDP,LULD pause,Nano Dimension Ltd. American Depositary Shares,Nasdaq,2021-01-25,,11:18:36,,,,,,nyse,2026-08-08T04:28:25,,,
SPCE,SPCE,2021-01-25,11:14:20,,LUDP,LULD pause,"Virgin Galactic Holdings, Inc.",NYSE,2021-01-25,,11:19:20,,,,,,nyse,2026-08-08T04:28:25,,,
PPSI,PPSI,2021-01-25,11:14:28,,LUDP,LULD pause,"Pioneer Power Solutions, Inc.",Nasdaq,2021-01-25,,11:24:28,,,,,,nyse,2026-08-08T04:28:25,,,
CCIV.U,CCIV U,2021-01-25,11:16:12,,LUDP,LULD pause,"Churchill Capital Corp IV Units, each consisting of one share of Class A common stock and one-fifth",NYSE,2021-01-25,,11:21:12,,,,,,nyse,2026-08-08T04:28:25,,,
CCIV,CCIV,2021-01-25,11:16:22,,LUDP,LULD pause,Churchill Capital Corp IV,NYSE,2021-01-25,,11:21:25,,,,,,nyse,2026-08-08T04:28:25,,,
SUNW,SUNW,2021-01-25,11:16:31,,LUDP,LULD pause,"Sunworks, Inc.",Nasdaq,2021-01-25,,11:26:31,,,,,,nyse,2026-08-08T04:28:25,,,
ISUN,ISUN,2021-01-25,11:22:43,,LUDP,LULD pause,"iSun, Inc. Common Stock",Nasdaq,2021-01-25,,11:27:43,,,,,,nyse,2026-08-08T04:28:25,,,
GME,GME,2021-01-25,11:27:10,,LUDP,LULD pause,GameStop Corp. Class A,NYSE,2021-01-25,,11:32:23,,,,,,nyse,2026-08-08T04:28:25,,,
ERYP,ERYP,2021-01-25,11:27:29,,LUDP,LULD pause,Erytech Pharma S.A. American Depositary Shares,Nasdaq,2021-01-25,,11:32:29,,,,,,nyse,2026-08-08T04:28:25,,,
GME,GME,2021-01-25,12:12:37,,LUDP,LULD pause,GameStop Corp. Class A,NYSE,2021-01-25,,12:17:45,,,,,,nyse,2026-08-08T04:28:25,,,
GME,GME,2021-01-25,12:19:00,,LUDP,LULD pause,GameStop Corp. Class A,NYSE,2021-01-25,,12:24:07,,,,,,nyse,2026-08-08T04:28:25,,,
GME,GME,2021-01-25,12:25:58,,LUDP,LULD pause,GameStop Corp. Class A,NYSE,2021-01-25,,12:31:11,,,,,,nyse,2026-08-08T04:28:25,,,
AUVI,AUVI,2021-01-25,12:31:52,,LUDP,LULD pause,"Applied UV, Inc. Common Stock",Nasdaq,2021-01-25,,12:36:52,,,,,,nyse,2026-08-08T04:28:25,,,
KOSS,KOSS,2021-01-25,15:14:16,,LUDP,LULD pause,Koss Corp,Nasdaq,2021-01-25,,15:19:16,,,,,,nyse,2026-08-08T04:28:25,,,
KOSS,KOSS,2021-01-25,15:40:23,,LUDP,LULD pause,Koss Corp,Nasdaq,2021-01-25,,15:45:23,,,,,,nyse,2026-08-08T04:28:25,,,
KOSS,KOSS,2021-01-25,15:45:43,,LUDP,LULD pause,Koss Corp,Nasdaq,2021-01-25,,16:00:00,,,,,,nyse,2026-08-08T04:28:25,,,
EIDX,EIDX,2021-01-25,19:50:04,,T1,News pending,"Eidos Therapeutics, Inc. Common Stock",Nasdaq,,,,,,,,,nyse,2026-08-08T04:28:25,no_reanudo,,
OGCP,OGCP,2021-01-26,09:30:57,,LUDP,LULD pause,"Empire State Realty OP, L.P. Series 60",NYSE Arca,2021-01-26,,09:40:57,,,,,,nyse,2026-08-08T04:28:25,,,
KOSS,KOSS,2021-01-26,09:35:14,,LUDP,LULD pause,Koss Corp,Nasdaq,2021-01-26,,09:40:14,,,,,,nyse,2026-08-08T04:28:25,,,
GME,GME,2021-01-26,09:40:11,,LUDP,LULD pause,GameStop Corp. Class A,NYSE,2021-01-26,,09:45:21,,,,,,nyse,2026-08-08T04:28:25,,,
KOSS,KOSS,2021-01-26,09:40:52,,LUDP,LULD pause,Koss Corp,Nasdaq,2021-01-26,,09:45:52,,,,,,nyse,2026-08-08T04:28:25,,,
CRKN,CRKN,2021-01-26,09:45:22,,LUDP,LULD pause,Crown Electrokinetics Corp. Common Stock,Nasdaq,2021-01-26,,09:50:22,,,,,,nyse,2026-08-08T04:28:25,,,
FORD,FORD,2021-01-26,09:53:29,,LUDP,LULD pause,Forward Industries Inc-N Y,Nasdaq,2021-01-26,,09:58:29,,,,,,nyse,2026-08-08T04:28:25,,,
GME,GME,2021-01-26,10:34:02,,LUDP,LULD pause,GameStop Corp. Class A,NYSE,2021-01-26,,10:39:39,,,,,,nyse,2026-08-08T04:28:25,,,
JCS,JCS,2021-01-26,11:04:54,,LUDP,LULD pause,"Communications Systems, Inc.",Nasdaq,2021-01-26,,11:09:54,,,,,,nyse,2026-08-08T04:28:25,,,
BNTC,BNTC,2021-01-26,11:31:43,,LUDP,LULD pause,Benitec Biopharma Inc. Common Stock,Nasdaq,2021-01-26,,11:36:43,,,,,,nyse,2026-08-08T04:28:25,,,
EZGO,EZGO,2021-01-26,11:35:46,,LUDP,LULD pause,EZGO Technologies Ltd. Ordinary Shares,Nasdaq,2021-01-26,,11:45:46,,,,,,nyse,2026-08-08T04:28:25,,,
CLWT,CLWT,2021-01-26,11:40:12,,LUDP,LULD pause,Euro Tech Holdings Co Ltd. New,Nasdaq,2021-01-26,,11:45:12,,,,,,nyse,2026-08-08T04:28:25,,,
EZGO,EZGO,2021-01-26,11:46:28,,LUDP,LULD pause,EZGO Technologies Ltd. Ordinary Shares,Nasdaq,2021-01-26,,11:56:28,,,,,,nyse,2026-08-08T04:28:25,,,
EZGO,EZGO,2021-01-26,11:57:12,,LUDP,LULD pause,EZGO Technologies Ltd. Ordinary Shares,Nasdaq,2021-01-26,,12:02:12,,,,,,nyse,2026-08-08T04:28:25,,,
EZGO,EZGO,2021-01-26,12:02:42,,LUDP,LULD pause,EZGO Technologies Ltd. Ordinary Shares,Nasdaq,2021-01-26,,12:07:42,,,,,,nyse,2026-08-08T04:28:25,,,
EZGO,EZGO,2021-01-26,12:07:57,,LUDP,LULD pause,EZGO Technologies Ltd. Ordinary Shares,Nasdaq,2021-01-26,,12:17:58,,,,,,nyse,2026-08-08T04:28:25,,,
ALNA,ALNA,2021-01-26,12:32:32,,LUDP,LULD pause,"Allena Pharmaceuticals, Inc. Common Stock",Nasdaq,2021-01-26,,12:42:33,,,,,,nyse,2026-08-08T04:28:25,,,
GME,GME,2021-01-26,12:50:45,,LUDP,LULD pause,GameStop Corp. Class A,NYSE,2021-01-26,,12:56:07,,,,,,nyse,2026-08-08T04:28:25,,,
MAYS,MAYS,2021-01-26,12:59:54,,LUDP,LULD pause,Mays (J.W.) Inc,Nasdaq,2021-01-26,,13:04:54,,,,,,nyse,2026-08-08T04:28:25,,,
LIVE,LIVE,2021-01-26,13:25:45,,LUDP,LULD pause,Live Ventures Inc,Nasdaq,2021-01-26,,13:30:45,,,,,,nyse,2026-08-08T04:28:25,,,
LIVE,LIVE,2021-01-26,13:31:33,,LUDP,LULD pause,Live Ventures Inc,Nasdaq,2021-01-26,,13:36:33,,,,,,nyse,2026-08-08T04:28:25,,,
EZGO,EZGO,2021-01-26,13:42:19,,LUDP,LULD pause,EZGO Technologies Ltd. Ordinary Shares,Nasdaq,2021-01-26,,13:47:19,,,,,,nyse,2026-08-08T04:28:25,,,
LIVE,LIVE,2021-01-26,14:34:18,,LUDP,LULD pause,Live Ventures Inc,Nasdaq,2021-01-26,,14:39:18,,,,,,nyse,2026-08-08T04:28:25,,,
LIVE,LIVE,2021-01-26,14:43:05,,LUDP,LULD pause,Live Ventures Inc,Nasdaq,2021-01-26,,14:48:05,,,,,,nyse,2026-08-08T04:28:25,,,
GME,GME,2021-01-26,14:52:01,,LUDP,LULD pause,GameStop Corp. Class A,NYSE,2021-01-26,,14:57:04,,,,,,nyse,2026-08-08T04:28:25,,,
LUMN,LUMN,2021-01-26,15:04:54,,LUDP,LULD pause,"Lumen Technologies, Inc.",NYSE,2021-01-26,,15:10:07,,,,,,nyse,2026-08-08T04:28:25,,,
LIVE,LIVE,2021-01-26,15:06:13,,LUDP,LULD pause,Live Ventures Inc,Nasdaq,2021-01-26,,15:11:13,,,,,,nyse,2026-08-08T04:28:25,,,
CEMI,CEMI,2021-01-26,15:12:33,,LUDP,LULD pause,"Chembio diagnostics, Inc.",Nasdaq,2021-01-26,,15:27:34,,,,,,nyse,2026-08-08T04:28:25,,,
LUMN,LUMN,2021-01-26,15:16:52,,LUDP,LULD pause,"Lumen Technologies, Inc.",NYSE,2021-01-26,,15:21:57,,,,,,nyse,2026-08-08T04:28:25,,,
LUMN,LUMN,2021-01-26,15:29:17,,LUDP,LULD pause,"Lumen Technologies, Inc.",NYSE,2021-01-26,,15:35:02,,,,,,nyse,2026-08-08T04:28:25,,,
LACQU,LACQU,2021-01-26,15:39:19,,LUDP,LULD pause,Leisure Acquisition Corp. Unit,Nasdaq,2021-01-26,,15:44:19,,,,,,nyse,2026-08-08T04:28:25,,,
GME,GME,2021-01-26,15:39:21,,LUDP,LULD pause,GameStop Corp. Class A,NYSE,2021-01-26,,15:44:34,,,,,,nyse,2026-08-08T04:28:25,,,
PRSP,PRSP,2021-01-27,08:23:53,,T1,News pending,Perspecta Inc. Common Stock,NYSE,2021-01-27,,08:42:18,,,,,,nyse,2026-08-08T04:28:25,,,
EXPR,EXPR,2021-01-27,09:31:36,,LUDP,LULD pause,"Express, Inc.",NYSE,2021-01-27,,09:38:32,,,,,,nyse,2026-08-08T04:28:25,,,
KSPN,KSPN,2021-01-27,09:34:59,,LUDP,LULD pause,Kaspien Holdings Inc. Common Stock,Nasdaq,2021-01-27,,09:44:59,,,,,,nyse,2026-08-08T04:28:25,,,
IZEA,IZEA,2021-01-27,09:35:04,,LUDP,LULD pause,"IZEA Worldwide, Inc. Common Stock",Nasdaq,2021-01-27,,09:40:04,,,,,,nyse,2026-08-08T04:28:25,,,
BBBY,BBBY,2021-01-27,09:36:40,,LUDP,LULD pause,Bed Bath & Beyond Inc,Nasdaq,2021-01-27,,09:41:40,,,,,,nyse,2026-08-08T04:28:25,,,
FIZZ,FIZZ,2021-01-27,09:36:46,,LUDP,LULD pause,National Beverage Corp.,Nasdaq,2021-01-27,,09:41:46,,,,,,nyse,2026-08-08T04:28:25,,,
CACC,CACC,2021-01-27,09:37:01,,LUDP,LULD pause,Credit Acceptance Corp,Nasdaq,2021-01-27,,09:42:01,,,,,,nyse,2026-08-08T04:28:25,,,
KOSS,KOSS,2021-01-27,09:38:20,,LUDP,LULD pause,Koss Corp,Nasdaq,2021-01-27,,09:43:20,,,,,,nyse,2026-08-08T04:28:25,,,
VIACA,VIACA,2021-01-27,09:39:41,,LUDP,LULD pause,ViacomCBS Inc. Class A Common Stock,Nasdaq,2021-01-27,,09:44:41,,,,,,nyse,2026-08-08T04:28:25,,,
RHE,RHE,2021-01-27,09:39:42,,LUDP,LULD pause,"Regional Health Properties, Inc.",NYSE American,2021-01-27,,09:44:42,,,,,,nyse,2026-08-08T04:28:25,,,
DDS,DDS,2021-01-27,09:40:28,,LUDP,LULD pause,Dillards Inc.,NYSE,2021-01-27,,09:47:41,,,,,,nyse,2026-08-08T04:28:25,,,
TR,TR,2021-01-27,09:41:04,,LUDP,LULD pause,"Tootsie Roll Industries, Inc.",NYSE,2021-01-27,,09:46:09,,,,,,nyse,2026-08-08T04:28:25,,,
VIAC,VIAC,2021-01-27,09:41:14,,LUDP,LULD pause,ViacomCBS Inc. Class B Common Stock,Nasdaq,2021-01-27,,09:46:14,,,,,,nyse,2026-08-08T04:28:25,,,
AMC,AMC,2021-01-27,09:41:30,,LUDP,LULD pause,"AMC ENTERTAINMENT HOLDINGS, INC.",NYSE,2021-01-27,,09:47:26,,,,,,nyse,2026-08-08T04:28:25,,,
EXPR,EXPR,2021-01-27,09:43:41,,LUDP,LULD pause,"Express, Inc.",NYSE,2021-01-27,,09:48:52,,,,,,nyse,2026-08-08T04:28:25,,,
DISCB,DISCB,2021-01-27,09:43:51,,LUDP,LULD pause,"Discovery, Inc. Series B Common Stock",Nasdaq,2021-01-27,,09:48:51,,,,,,nyse,2026-08-08T04:28:25,,,
KOSS,KOSS,2021-01-27,09:44:31,,LUDP,LULD pause,Koss Corp,Nasdaq,2021-01-27,,09:49:31,,,,,,nyse,2026-08-08T04:28:25,,,
SIRI,SIRI,2021-01-27,09:45:56,,LUDP,LULD pause,"Sirius XM Holdings,  Inc",Nasdaq,2021-01-27,,09:50:56,,,,,,nyse,2026-08-08T04:28:25,,,
VIAC,VIAC,2021-01-27,09:46:55,,LUDP,LULD pause,ViacomCBS Inc. Class B Common Stock,Nasdaq,2021-01-27,,09:51:55,,,,,,nyse,2026-08-08T04:28:25,,,
AMC,AMC,2021-01-27,09:50:17,,LUDP,LULD pause,"AMC ENTERTAINMENT HOLDINGS, INC.",NYSE,2021-01-27,,09:55:22,,,,,,nyse,2026-08-08T04:28:25,,,
IRM,IRM,2021-01-27,09:50:38,,LUDP,LULD pause,Iron Mountain Inc.,NYSE,2021-01-27,,09:57:03,,,,,,nyse,2026-08-08T04:28:25,,,
GME,GME,2021-01-27,09:51:39,,LUDP,LULD pause,GameStop Corp. Class A,NYSE,2021-01-27,,09:56:43,,,,,,nyse,2026-08-08T04:28:25,,,
VIAC,VIAC,2021-01-27,09:52:10,,LUDP,LULD pause,ViacomCBS Inc. Class B Common Stock,Nasdaq,2021-01-27,,09:57:10,,,,,,nyse,2026-08-08T04:28:25,,,
KOSS,KOSS,2021-01-27,09:52:11,,LUDP,LULD pause,Koss Corp,Nasdaq,2021-01-27,,09:57:11,,,,,,nyse,2026-08-08T04:28:25,,,
VIACA,VIACA,2021-01-27,09:55:43,,LUDP,LULD pause,ViacomCBS Inc. Class A Common Stock,Nasdaq,2021-01-27,,10:00:43,,,,,,nyse,2026-08-08T04:28:25,,,
AMC,AMC,2021-01-27,09:57:10,,LUDP,LULD pause,"AMC ENTERTAINMENT HOLDINGS, INC.",NYSE,2021-01-27,,10:02:15,,,,,,nyse,2026-08-08T04:28:25,,,
UUU,UUU,2021-01-27,09:57:55,,LUDP,LULD pause,"Universal Security Instruments, Inc.",NYSE American,2021-01-27,,10:07:58,,,,,,nyse,2026-08-08T04:28:25,,,
AMWL,AMWL,2021-01-27,09:59:31,,LUDP,LULD pause,American Well Corporation,NYSE,2021-01-27,,10:04:47,,,,,,nyse,2026-08-08T04:28:25,,,
RHE,RHE,2021-01-27,10:02:59,,LUDP,LULD pause,"Regional Health Properties, Inc.",NYSE American,2021-01-27,,10:12:59,,,,,,nyse,2026-08-08T04:28:25,,,
AMC,AMC,2021-01-27,10:03:23,,LUDP,LULD pause,"AMC ENTERTAINMENT HOLDINGS, INC.",NYSE,2021-01-27,,10:08:25,,,,,,nyse,2026-08-08T04:28:25,,,
SVFA,SVFA,2021-01-27,10:04:47,,LUDP,LULD pause,SVF Investment Corp. Class A Ordinary Shares,Nasdaq,2021-01-27,,10:25:41,,,,,,nyse,2026-08-08T04:28:25,,,
AMWL,AMWL,2021-01-27,10:11:14,,LUDP,LULD pause,American Well Corporation,NYSE,2021-01-27,,10:16:20,,,,,,nyse,2026-08-08T04:28:25,,,
GME,GME,2021-01-27,10:13:47,,LUDP,LULD pause,GameStop Corp. Class A,NYSE,2021-01-27,,10:18:50,,,,,,nyse,2026-08-08T04:28:25,,,
DTSS,DTSS,2021-01-27,10:35:49,,LUDP,LULD pause,Datasea Inc. Common Stock,Nasdaq,2021-01-27,,10:40:49,,,,,,nyse,2026-08-08T04:28:25,,,
EXPR,EXPR,2021-01-27,10:37:48,,LUDP,LULD pause,"Express, Inc.",NYSE,2021-01-27,,10:43:58,,,,,,nyse,2026-08-08T04:28:25,,,
KOSS,KOSS,2021-01-27,10:41:47,,LUDP,LULD pause,Koss Corp,Nasdaq,2021-01-27,,10:46:47,,,,,,nyse,2026-08-08T04:28:25,,,
EXPR,EXPR,2021-01-27,10:44:17,,LUDP,LULD pause,"Express, Inc.",NYSE,2021-01-27,,10:49:27,,,,,,nyse,2026-08-08T04:28:25,,,
KOSS,KOSS,2021-01-27,10:47:43,,LUDP,LULD pause,Koss Corp,Nasdaq,2021-01-27,,10:52:43,,,,,,nyse,2026-08-08T04:28:25,,,
EXPR,EXPR,2021-01-27,10:51:22,,LUDP,LULD pause,"Express, Inc.",NYSE,2021-01-27,,10:56:41,,,,,,nyse,2026-08-08T04:28:25,,,
KOSS,KOSS,2021-01-27,10:57:09,,LUDP,LULD pause,Koss Corp,Nasdaq,2021-01-27,,11:02:09,,,,,,nyse,2026-08-08T04:28:25,,,
EZGO,EZGO,2021-01-27,10:58:50,,LUDP,LULD pause,EZGO Technologies Ltd. Ordinary Shares,Nasdaq,2021-01-27,,11:03:50,,,,,,nyse,2026-08-08T04:28:25,,,
VIR,VIR,2021-01-27,10:59:47,,LUDP,LULD pause,"Vir Biotechnology, Inc. Common Stock",Nasdaq,2021-01-27,,11:04:47,,,,,,nyse,2026-08-08T04:28:25,,,
KOSS,KOSS,2021-01-27,11:02:31,,LUDP,LULD pause,Koss Corp,Nasdaq,2021-01-27,,11:07:31,,,,,,nyse,2026-08-08T04:28:25,,,
VIR,VIR,2021-01-27,11:05:26,,LUDP,LULD pause,"Vir Biotechnology, Inc. Common Stock",Nasdaq,2021-01-27,,11:10:26,,,,,,nyse,2026-08-08T04:28:25,,,
EXPR,EXPR,2021-01-27,11:08:18,,LUDP,LULD pause,"Express, Inc.",NYSE,2021-01-27,,11:13:24,,,,,,nyse,2026-08-08T04:28:25,,,
KOSS,KOSS,2021-01-27,11:08:25,,LUDP,LULD pause,Koss Corp,Nasdaq,2021-01-27,,11:13:25,,,,,,nyse,2026-08-08T04:28:25,,,
NAKD,NAKD,2021-01-27,11:08:43,,LUDP,LULD pause,Naked Brand Group Limited Ordinary Shares,Nasdaq,2021-01-27,,11:13:43,,,,,,nyse,2026-08-08T04:28:25,,,
CVM,CVM,2021-01-27,11:08:59,,LUDP,LULD pause,Cel-Sci Corporation,NYSE American,2021-01-27,,11:13:59,,,,,,nyse,2026-08-08T04:28:25,,,
EZGO,EZGO,2021-01-27,11:11:58,,LUDP,LULD pause,EZGO Technologies Ltd. Ordinary Shares,Nasdaq,2021-01-27,,11:16:58,,,,,,nyse,2026-08-08T04:28:25,,,
CVM,CVM,2021-01-27,11:15:07,,LUDP,LULD pause,Cel-Sci Corporation,NYSE American,2021-01-27,,11:20:07,,,,,,nyse,2026-08-08T04:28:25,,,
EXPR,EXPR,2021-01-27,11:16:29,,LUDP,LULD pause,"Express, Inc.",NYSE,2021-01-27,,11:21:46,,,,,,nyse,2026-08-08T04:28:25,,,
KOSS,KOSS,2021-01-27,11:18:01,,LUDP,LULD pause,Koss Corp,Nasdaq,2021-01-27,,11:23:01,,,,,,nyse,2026-08-08T04:28:25,,,
EXPR,EXPR,2021-01-27,11:22:09,,LUDP,LULD pause,"Express, Inc.",NYSE,2021-01-27,,11:27:16,,,,,,nyse,2026-08-08T04:28:25,,,
CVM,CVM,2021-01-27,11:23:25,,LUDP,LULD pause,Cel-Sci Corporation,NYSE American,2021-01-27,,11:28:25,,,,,,nyse,2026-08-08T04:28:25,,,
KOSS,KOSS,2021-01-27,11:27:38,,LUDP,LULD pause,Koss Corp,Nasdaq,2021-01-27,,11:32:38,,,,,,nyse,2026-08-08T04:28:25,,,
CVM,CVM,2021-01-27,11:30:51,,LUDP,LULD pause,Cel-Sci Corporation,NYSE American,2021-01-27,,11:35:51,,,,,,nyse,2026-08-08T04:28:25,,,
KOSS,KOSS,2021-01-27,11:33:03,,LUDP,LULD pause,Koss Corp,Nasdaq,2021-01-27,,11:38:03,,,,,,nyse,2026-08-08T04:28:25,,,
EXPR,EXPR,2021-01-27,11:33:42,,LUDP,LULD pause,"Express, Inc.",NYSE,2021-01-27,,11:39:09,,,,,,nyse,2026-08-08T04:28:25,,,
VGAC,VGAC,2021-01-27,11:34:15,,LUDP,LULD pause,VG Acquisition Corp.,NYSE,2021-01-27,,11:39:27,,,,,,nyse,2026-08-08T04:28:25,,,
VGAC.U,VGAC U,2021-01-27,11:34:38,,LUDP,LULD pause,"VG Acquisition Corp. Units, each consisting of one Class A ordinary share and one-third of one redee",NYSE,2021-01-27,,11:40:18,,,,,,nyse,2026-08-08T04:28:25,,,
CVM,CVM,2021-01-27,11:36:19,,LUDP,LULD pause,Cel-Sci Corporation,NYSE American,2021-01-27,,11:41:19,,,,,,nyse,2026-08-08T04:28:25,,,
NOK,NOK,2021-01-27,11:37:59,,LUDP,LULD pause,Nokia Corporation,NYSE,2021-01-27,,11:43:37,,,,,,nyse,2026-08-08T04:28:25,,,
CVM,CVM,2021-01-27,11:41:39,,LUDP,LULD pause,Cel-Sci Corporation,NYSE American,2021-01-27,,11:46:39,,,,,,nyse,2026-08-08T04:28:25,,,
KOSS,KOSS,2021-01-27,11:42:40,,LUDP,LULD pause,Koss Corp,Nasdaq,2021-01-27,,11:47:40,,,,,,nyse,2026-08-08T04:28:25,,,
NOK,NOK,2021-01-27,11:43:52,,LUDP,LULD pause,Nokia Corporation,NYSE,2021-01-27,,11:49:05,,,,,,nyse,2026-08-08T04:28:25,,,
ERIC,ERIC,2021-01-27,11:45:58,,LUDP,LULD pause,Ericsson American Depositary Shares,Nasdaq,2021-01-27,,11:50:58,,,,,,nyse,2026-08-08T04:28:25,,,
EXPR,EXPR,2021-01-27,11:47:16,,LUDP,LULD pause,"Express, Inc.",NYSE,2021-01-27,,11:52:29,,,,,,nyse,2026-08-08T04:28:25,,,
CVM,CVM,2021-01-27,11:47:17,,LUDP,LULD pause,Cel-Sci Corporation,NYSE American,2021-01-27,,11:52:17,,,,,,nyse,2026-08-08T04:28:25,,,
AMC,AMC,2021-01-27,11:47:38,,LUDP,LULD pause,"AMC ENTERTAINMENT HOLDINGS, INC.",NYSE,2021-01-27,,11:52:44,,,,,,nyse,2026-08-08T04:28:25,,,
KOSS,KOSS,2021-01-27,11:48:02,,LUDP,LULD pause,Koss Corp,Nasdaq,2021-01-27,,11:53:02,,,,,,nyse,2026-08-08T04:28:25,,,
FOSL,FOSL,2021-01-27,11:48:26,,LUDP,LULD pause,"Fossil Group, Inc.",Nasdaq,2021-01-27,,11:53:26,,,,,,nyse,2026-08-08T04:28:25,,,
NOK,NOK,2021-01-27,11:49:20,,LUDP,LULD pause,Nokia Corporation,NYSE,2021-01-27,,11:54:35,,,,,,nyse,2026-08-08T04:28:25,,,
CVM,CVM,2021-01-27,11:52:55,,LUDP,LULD pause,Cel-Sci Corporation,NYSE American,2021-01-27,,11:57:55,,,,,,nyse,2026-08-08T04:28:25,,,
KOSS,KOSS,2021-01-27,11:54:35,,LUDP,LULD pause,Koss Corp,Nasdaq,2021-01-27,,11:59:35,,,,,,nyse,2026-08-08T04:28:25,,,
EXPR,EXPR,2021-01-27,11:57:55,,LUDP,LULD pause,"Express, Inc.",NYSE,2021-01-27,,12:03:28,,,,,,nyse,2026-08-08T04:28:25,,,
AMC,AMC,2021-01-27,12:00:00,,LUDP,LULD pause,"AMC ENTERTAINMENT HOLDINGS, INC.",NYSE,2021-01-27,,12:05:04,,,,,,nyse,2026-08-08T04:28:25,,,
GME,GME,2021-01-27,12:00:02,,LUDP,LULD pause,GameStop Corp. Class A,NYSE,2021-01-27,,12:05:09,,,,,,nyse,2026-08-08T04:28:25,,,
KOSS,KOSS,2021-01-27,12:00:08,,LUDP,LULD pause,Koss Corp,Nasdaq,2021-01-27,,12:10:08,,,,,,nyse,2026-08-08T04:28:25,,,
DS.PRD,DS PRD,2021-01-27,12:00:59,,LUDP,LULD pause,Drive Shack Inc. 8.375% Series D Cumulative Redeemable Preferred Stock,NYSE,2021-01-27,,12:09:55,,,,,,nyse,2026-08-08T04:28:25,,,
NOK,NOK,2021-01-27,12:01:09,,LUDP,LULD pause,Nokia Corporation,NYSE,2021-01-27,,12:06:16,,,,,,nyse,2026-08-08T04:28:25,,,
EXPR,EXPR,2021-01-27,12:04:06,,LUDP,LULD pause,"Express, Inc.",NYSE,2021-01-27,,12:09:14,,,,,,nyse,2026-08-08T04:28:25,,,
CVM,CVM,2021-01-27,12:04:35,,LUDP,LULD pause,Cel-Sci Corporation,NYSE American,2021-01-27,,12:09:35,,,,,,nyse,2026-08-08T04:28:25,,,
KOSS,KOSS,2021-01-27,12:10:32,,LUDP,LULD pause,Koss Corp,Nasdaq,2021-01-27,,12:15:32,,,,,,nyse,2026-08-08T04:28:25,,,
NOK,NOK,2021-01-27,12:10:56,,LUDP,LULD pause,Nokia Corporation,NYSE,2021-01-27,,12:16:12,,,,,,nyse,2026-08-08T04:28:25,,,
KOSS,KOSS,2021-01-27,12:23:01,,LUDP,LULD pause,Koss Corp,Nasdaq,2021-01-27,,12:28:01,,,,,,nyse,2026-08-08T04:28:25,,,
NOK,NOK,2021-01-27,12:57:24,,T1,News pending,Nokia Corporation,NYSE,2021-01-27,,13:31:38,,,,,,nyse,2026-08-08T04:28:25,,,
UNAM,UNAM,2021-01-27,13:11:30,,LUDP,LULD pause,Unico American Corp,Nasdaq,2021-01-27,,13:16:30,,,,,,nyse,2026-08-08T04:28:25,,,
BBW,BBW,2021-01-27,13:15:59,,LUDP,LULD pause,"Build-A-Bear Workshop, Inc.",NYSE,2021-01-27,,13:22:03,,,,,,nyse,2026-08-08T04:28:25,,,
KOSS,KOSS,2021-01-27,13:53:08,,LUDP,LULD pause,Koss Corp,Nasdaq,2021-01-27,,13:58:08,,,,,,nyse,2026-08-08T04:28:25,,,
AHC,AHC,2021-01-27,14:08:10,,LUDP,LULD pause,A.H. Belo Corporation,NYSE,2021-01-27,,14:13:23,,,,,,nyse,2026-08-08T04:28:25,,,
KOSS,KOSS,2021-01-27,14:42:21,,LUDP,LULD pause,Koss Corp,Nasdaq,2021-01-27,,14:47:21,,,,,,nyse,2026-08-08T04:28:25,,,
KOSS,KOSS,2021-01-27,14:48:09,,LUDP,LULD pause,Koss Corp,Nasdaq,2021-01-27,,14:53:09,,,,,,nyse,2026-08-08T04:28:25,,,
TIRX,TIRX,2021-01-27,15:03:06,,LUDP,LULD pause,TIAN RUIXIANG Holdings Ltd Class A Ordinary Shares,Nasdaq,2021-01-27,,15:13:06,,,,,,nyse,2026-08-08T04:28:25,,,
EXPR,EXPR,2021-01-27,15:03:58,,LUDP,LULD pause,"Express, Inc.",NYSE,2021-01-27,,15:09:16,,,,,,nyse,2026-08-08T04:28:25,,,
NAKD,NAKD,2021-01-27,15:04:58,,LUDP,LULD pause,Naked Brand Group Limited Ordinary Shares,Nasdaq,2021-01-27,,15:09:58,,,,,,nyse,2026-08-08T04:28:25,,,
KOSS,KOSS,2021-01-27,15:07:32,,LUDP,LULD pause,Koss Corp,Nasdaq,2021-01-27,,15:12:32,,,,,,nyse,2026-08-08T04:28:25,,,
NAKD,NAKD,2021-01-27,15:10:15,,LUDP,LULD pause,Naked Brand Group Limited Ordinary Shares,Nasdaq,2021-01-27,,15:15:15,,,,,,nyse,2026-08-08T04:28:25,,,
MDLY,MDLY,2021-01-27,15:12:50,,LUDP,LULD pause,Medley Management Inc,NYSE,2021-01-27,,15:18:14,,,,,,nyse,2026-08-08T04:28:25,,,
KOSS,KOSS,2021-01-27,15:13:04,,LUDP,LULD pause,Koss Corp,Nasdaq,2021-01-27,,15:18:04,,,,,,nyse,2026-08-08T04:28:25,,,
TIRX,TIRX,2021-01-27,15:14:09,,LUDP,LULD pause,TIAN RUIXIANG Holdings Ltd Class A Ordinary Shares,Nasdaq,2021-01-27,,15:29:10,,,,,,nyse,2026-08-08T04:28:25,,,
KOSS,KOSS,2021-01-27,15:18:32,,LUDP,LULD pause,Koss Corp,Nasdaq,2021-01-27,,15:28:32,,,,,,nyse,2026-08-08T04:28:25,,,
MDLY,MDLY,2021-01-27,15:20:09,,LUDP,LULD pause,Medley Management Inc,NYSE,2021-01-27,,15:25:15,,,,,,nyse,2026-08-08T04:28:25,,,
NAKD,NAKD,2021-01-27,15:20:09,,LUDP,LULD pause,Naked Brand Group Limited Ordinary Shares,Nasdaq,2021-01-27,,15:25:09,,,,,,nyse,2026-08-08T04:28:25,,,
JAN,JAN,2021-01-27,15:21:37,,LUDP,LULD pause,JanOne Inc. Common Stock (NV),Nasdaq,2021-01-27,,15:26:37,,,,,,nyse,2026-08-08T04:28:25,,,
JAN,JAN,2021-01-27,15:28:18,,LUDP,LULD pause,JanOne Inc. Common Stock (NV),Nasdaq,2021-01-27,,15:33:18,,,,,,nyse,2026-08-08T04:28:25,,,
KOSS,KOSS,2021-01-27,15:28:52,,LUDP,LULD pause,Koss Corp,Nasdaq,2021-01-27,,15:38:53,,,,,,nyse,2026-08-08T04:28:25,,,
MDLY,MDLY,2021-01-27,15:29:30,,LUDP,LULD pause,Medley Management Inc,NYSE,2021-01-27,,15:34:34,,,,,,nyse,2026-08-08T04:28:25,,,
TIRX,TIRX,2021-01-27,15:30:50,,LUDP,LULD pause,TIAN RUIXIANG Holdings Ltd Class A Ordinary Shares,Nasdaq,2021-01-27,,15:40:50,,,,,,nyse,2026-08-08T04:28:25,,,
FWP,FWP,2021-01-27,15:32:00,,LUDP,LULD pause,Forward Pharma A/S American Depositary Shares,Nasdaq,2021-01-27,,15:37:00,,,,,,nyse,2026-08-08T04:28:25,,,
JAN,JAN,2021-01-27,15:33:41,,LUDP,LULD pause,JanOne Inc. Common Stock (NV),Nasdaq,2021-01-27,,15:38:41,,,,,,nyse,2026-08-08T04:28:25,,,
MDLY,MDLY,2021-01-27,15:38:44,,LUDP,LULD pause,Medley Management Inc,NYSE,2021-01-27,,15:43:48,,,,,,nyse,2026-08-08T04:28:25,,,
JAN,JAN,2021-01-27,15:39:20,,LUDP,LULD pause,JanOne Inc. Common Stock (NV),Nasdaq,2021-01-27,,15:44:20,,,,,,nyse,2026-08-08T04:28:25,,,
KOSS,KOSS,2021-01-27,15:39:27,,LUDP,LULD pause,Koss Corp,Nasdaq,2021-01-27,,15:49:27,,,,,,nyse,2026-08-08T04:28:25,,,
TIRX,TIRX,2021-01-27,15:41:20,,LUDP,LULD pause,TIAN RUIXIANG Holdings Ltd Class A Ordinary Shares,Nasdaq,2021-01-27,,15:46:20,,,,,,nyse,2026-08-08T04:28:25,,,
KBSF,KBSF,2021-01-27,15:46:05,,LUDP,LULD pause,KBS Fashion Group Limited,Nasdaq,2021-01-27,,16:00:00,,,,,,nyse,2026-08-08T04:28:25,,,
NTN,NTN,2021-01-27,15:49:31,,LUDP,LULD pause,"NTN Buzztime, Inc",NYSE American,2021-01-27,,16:00:00,,,,,,nyse,2026-08-08T04:28:25,,,
TIRX,TIRX,2021-01-27,15:50:39,,LUDP,LULD pause,TIAN RUIXIANG Holdings Ltd Class A Ordinary Shares,Nasdaq,2021-01-27,,16:00:00,,,,,,nyse,2026-08-08T04:28:25,,,
KOSS,KOSS,2021-01-27,15:53:17,,LUDP,LULD pause,Koss Corp,Nasdaq,2021-01-27,,16:00:00,,,,,,nyse,2026-08-08T04:28:25,,,
PBLA,PBLA,2021-01-27,15:58:11,,LUDP,LULD pause,"Panbela Therapeutics, Inc. Common Stock",Nasdaq,2021-01-27,,16:00:00,,,,,,nyse,2026-08-08T04:28:25,,,
ANDA,ANDA,2021-01-28,06:55:04,,T1,News pending,Andina Acquisition Corp. III Ordinary Shares,Nasdaq,2021-01-28,,07:30:00,,,,,,nyse,2026-08-08T04:28:25,,,
ANDAR,ANDAR,2021-01-28,06:55:04,,T1,News pending,Andina Acquisition Corp. III Right,Nasdaq,2021-01-28,,07:30:00,,,,,,nyse,2026-08-08T04:28:25,,,
ANDAU,ANDAU,2021-01-28,06:55:04,,T1,News pending,Andina Acquisition Corp. III Unit,Nasdaq,2021-01-28,,07:30:00,,,,,,nyse,2026-08-08T04:28:25,,,
ANDAW,ANDAW,2021-01-28,06:55:04,,T1,News pending,Andina Acquisition Corp. III Warrant,Nasdaq,2021-01-28,,07:30:00,,,,,,nyse,2026-08-08T04:28:25,,,
PWFL,PWFL,2021-01-28,07:48:31,,T1,News pending,"PowerFleet, Inc. Common Stock",Nasdaq,2021-01-28,,09:55:00,,,,,,nyse,2026-08-08T04:28:25,,,
HSDT,HSDT,2021-01-28,08:03:24,,T1,News pending,"Helius Medical Technologies, Inc. Class A Common Stock (DE)",Nasdaq,2021-01-28,,09:00:00,,,,,,nyse,2026-08-08T04:28:25,,,
TIRX,TIRX,2021-01-28,09:30:46,,LUDP,LULD pause,TIAN RUIXIANG Holdings Ltd Class A Ordinary Shares,Nasdaq,2021-01-28,,09:35:46,,,,,,nyse,2026-08-08T04:28:25,,,
KOSS,KOSS,2021-01-28,09:31:23,,LUDP,LULD pause,Koss Corp,Nasdaq,2021-01-28,,09:36:23,,,,,,nyse,2026-08-08T04:28:25,,,
GME,GME,2021-01-28,09:31:29,,LUDP,LULD pause,GameStop Corp. Class A,NYSE,2021-01-28,,09:36:35,,,,,,nyse,2026-08-08T04:28:25,,,
AMC,AMC,2021-01-28,09:31:35,,LUDP,LULD pause,"AMC ENTERTAINMENT HOLDINGS, INC.",NYSE,2021-01-28,,09:36:40,,,,,,nyse,2026-08-08T04:28:25,,,
LLIT,LLIT,2021-01-28,09:32:02,,LUDP,LULD pause,Lianluo Smart Limited Class A Common Stock,Nasdaq,2021-01-28,,09:37:02,,,,,,nyse,2026-08-08T04:28:25,,,
INBX,INBX,2021-01-28,09:32:03,,LUDP,LULD pause,"Inhibrx, Inc. Common Stock",Nasdaq,2021-01-28,,09:37:03,,,,,,nyse,2026-08-08T04:28:25,,,
JAN,JAN,2021-01-28,09:32:05,,LUDP,LULD pause,JanOne Inc. Common Stock (NV),Nasdaq,2021-01-28,,09:37:05,,,,,,nyse,2026-08-08T04:28:25,,,
JAN,JAN,2021-01-28,09:37:44,,LUDP,LULD pause,JanOne Inc. Common Stock (NV),Nasdaq,2021-01-28,,09:42:44,,,,,,nyse,2026-08-08T04:28:25,,,
GNRSU,GNRSU,2021-01-28,09:37:48,,LUDP,LULD pause,Greenrose Acquisition Corp. Unit,Nasdaq,2021-01-28,,09:47:48,,,,,,nyse,2026-08-08T04:28:25,,,
AMAL,AMAL,2021-01-28,09:37:49,,LUDP,LULD pause,Amalgamated Bank Class A Common Stock,Nasdaq,2021-01-28,,09:42:49,,,,,,nyse,2026-08-08T04:28:25,,,
KOSS,KOSS,2021-01-28,09:38:24,,LUDP,LULD pause,Koss Corp,Nasdaq,2021-01-28,,09:43:24,,,,,,nyse,2026-08-08T04:28:25,,,
VACQU,VACQU,2021-01-28,09:38:50,,LUDP,LULD pause,Vector Acquisition Corporation Unit,Nasdaq,2021-01-28,,09:43:50,,,,,,nyse,2026-08-08T04:28:25,,,
GME,GME,2021-01-28,09:39:34,,LUDP,LULD pause,GameStop Corp. Class A,NYSE,2021-01-28,,09:44:36,,,,,,nyse,2026-08-08T04:28:25,,,
AMC,AMC,2021-01-28,09:39:50,,LUDP,LULD pause,"AMC ENTERTAINMENT HOLDINGS, INC.",NYSE,2021-01-28,,09:44:50,,,,,,nyse,2026-08-08T04:28:25,,,
EXPR,EXPR,2021-01-28,09:40:01,,LUDP,LULD pause,"Express, Inc.",NYSE,2021-01-28,,09:45:29,,,,,,nyse,2026-08-08T04:28:25,,,
AG,AG,2021-01-28,09:41:25,,T1,News pending,FIRST MAJESTIC SILVER CORP,NYSE,2021-01-28,,10:06:31,,,,,,nyse,2026-08-08T04:28:25,,,
LLIT,LLIT,2021-01-28,09:42:55,,LUDP,LULD pause,Lianluo Smart Limited Class A Common Stock,Nasdaq,2021-01-28,,09:47:55,,,,,,nyse,2026-08-08T04:28:25,,,
JAN,JAN,2021-01-28,09:43:58,,LUDP,LULD pause,JanOne Inc. Common Stock (NV),Nasdaq,2021-01-28,,09:48:58,,,,,,nyse,2026-08-08T04:28:25,,,
SNDL,SNDL,2021-01-28,09:44:58,,LUDP,LULD pause,Sundial Growers Inc. Common Shares,Nasdaq,2021-01-28,,09:49:58,,,,,,nyse,2026-08-08T04:28:25,,,
KOSS,KOSS,2021-01-28,09:45:33,,LUDP,LULD pause,Koss Corp,Nasdaq,2021-01-28,,09:50:33,,,,,,nyse,2026-08-08T04:28:25,,,
TIRX,TIRX,2021-01-28,09:45:46,,LUDP,LULD pause,TIAN RUIXIANG Holdings Ltd Class A Ordinary Shares,Nasdaq,2021-01-28,,09:55:46,,,,,,nyse,2026-08-08T04:28:25,,,
IDXG,IDXG,2021-01-28,09:46:14,,LUDP,LULD pause,"Interpace Biosciences, Inc. Common Stock",Nasdaq,2021-01-28,,09:51:14,,,,,,nyse,2026-08-08T04:28:25,,,
EXPR,EXPR,2021-01-28,09:46:42,,LUDP,LULD pause,"Express, Inc.",NYSE,2021-01-28,,09:51:42,,,,,,nyse,2026-08-08T04:28:25,,,
LLIT,LLIT,2021-01-28,09:49:55,,LUDP,LULD pause,Lianluo Smart Limited Class A Common Stock,Nasdaq,2021-01-28,,09:54:55,,,,,,nyse,2026-08-08T04:28:25,,,
SNDL,SNDL,2021-01-28,09:52:38,,LUDP,LULD pause,Sundial Growers Inc. Common Shares,Nasdaq,2021-01-28,,09:57:38,,,,,,nyse,2026-08-08T04:28:25,,,
KOSS,KOSS,2021-01-28,09:52:58,,LUDP,LULD pause,Koss Corp,Nasdaq,2021-01-28,,09:57:58,,,,,,nyse,2026-08-08T04:28:25,,,
LLIT,LLIT,2021-01-28,09:55:17,,LUDP,LULD pause,Lianluo Smart Limited Class A Common Stock,Nasdaq,2021-01-28,,10:00:17,,,,,,nyse,2026-08-08T04:28:25,,,
TIRX,TIRX,2021-01-28,09:57:02,,LUDP,LULD pause,TIAN RUIXIANG Holdings Ltd Class A Ordinary Shares,Nasdaq,2021-01-28,,10:02:02,,,,,,nyse,2026-08-08T04:28:25,,,
SNDL,SNDL,2021-01-28,09:58:18,,LUDP,LULD pause,Sundial Growers Inc. Common Shares,Nasdaq,2021-01-28,,10:03:18,,,,,,nyse,2026-08-08T04:28:25,,,
JAN,JAN,2021-01-28,09:59:11,,LUDP,LULD pause,JanOne Inc. Common Stock (NV),Nasdaq,2021-01-28,,10:09:11,,,,,,nyse,2026-08-08T04:28:25,,,
KOSS,KOSS,2021-01-28,10:01:24,,LUDP,LULD pause,Koss Corp,Nasdaq,2021-01-28,,10:06:24,,,,,,nyse,2026-08-08T04:28:25,,,
EXPR,EXPR,2021-01-28,10:01:34,,LUDP,LULD pause,"Express, Inc.",NYSE,2021-01-28,,10:07:00,,,,,,nyse,2026-08-08T04:28:25,,,
IMTE,IMTE,2021-01-28,10:02:56,,LUDP,LULD pause,Integrated Media Technology Limited Ordinary Shares,Nasdaq,2021-01-28,,10:07:56,,,,,,nyse,2026-08-08T04:28:25,,,
GME,GME,2021-01-28,10:03:22,,LUDP,LULD pause,GameStop Corp. Class A,NYSE,2021-01-28,,10:08:26,,,,,,nyse,2026-08-08T04:28:25,,,
NAKD,NAKD,2021-01-28,10:03:33,,LUDP,LULD pause,Naked Brand Group Limited Ordinary Shares,Nasdaq,2021-01-28,,10:08:33,,,,,,nyse,2026-08-08T04:28:25,,,
AMC,AMC,2021-01-28,10:04:52,,LUDP,LULD pause,"AMC ENTERTAINMENT HOLDINGS, INC.",NYSE,2021-01-28,,10:09:52,,,,,,nyse,2026-08-08T04:28:25,,,
KOSS,KOSS,2021-01-28,10:07:03,,LUDP,LULD pause,Koss Corp,Nasdaq,2021-01-28,,10:17:03,,,,,,nyse,2026-08-08T04:28:25,,,
JAN,JAN,2021-01-28,10:10:05,,LUDP,LULD pause,JanOne Inc. Common Stock (NV),Nasdaq,2021-01-28,,10:20:05,,,,,,nyse,2026-08-08T04:28:25,,,
ACY,ACY,2021-01-28,10:10:44,,LUDP,LULD pause,AeroCentury Corporation,NYSE American,2021-01-28,,10:20:44,,,,,,nyse,2026-08-08T04:28:25,,,
LLIT,LLIT,2021-01-28,10:13:39,,LUDP,LULD pause,Lianluo Smart Limited Class A Common Stock,Nasdaq,2021-01-28,,10:18:39,,,,,,nyse,2026-08-08T04:28:25,,,
GME,GME,2021-01-28,10:17:07,,LUDP,LULD pause,GameStop Corp. Class A,NYSE,2021-01-28,,10:22:10,,,,,,nyse,2026-08-08T04:28:25,,,
KOSS,KOSS,2021-01-28,10:17:54,,LUDP,LULD pause,Koss Corp,Nasdaq,2021-01-28,,10:27:54,,,,,,nyse,2026-08-08T04:28:25,,,
EXPR,EXPR,2021-01-28,10:17:55,,LUDP,LULD pause,"Express, Inc.",NYSE,2021-01-28,,10:22:58,,,,,,nyse,2026-08-08T04:28:25,,,
MGYR,MGYR,2021-01-28,10:18:48,,LUDP,LULD pause,"Magyar Bancorp, Inc.",Nasdaq,2021-01-28,,10:23:48,,,,,,nyse,2026-08-08T04:28:25,,,
TIRX,TIRX,2021-01-28,10:18:48,,LUDP,LULD pause,TIAN RUIXIANG Holdings Ltd Class A Ordinary Shares,Nasdaq,2021-01-28,,10:23:48,,,,,,nyse,2026-08-08T04:28:25,,,
LLIT,LLIT,2021-01-28,10:18:57,,LUDP,LULD pause,Lianluo Smart Limited Class A Common Stock,Nasdaq,2021-01-28,,10:23:57,,,,,,nyse,2026-08-08T04:28:25,,,
NEWA,NEWA,2021-01-28,10:19:57,,LUDP,LULD pause,"Newater Technology, Inc. Ordinary Shares",Nasdaq,2021-01-28,,10:29:58,,,,,,nyse,2026-08-08T04:28:25,,,
NCTY,NCTY,2021-01-28,10:21:31,,LUDP,LULD pause,The9 Limited American Depository Shares representing three class A ordinary shares,Nasdaq,2021-01-28,,10:26:31,,,,,,nyse,2026-08-08T04:28:25,,,
ACY,ACY,2021-01-28,10:23:57,,LUDP,LULD pause,AeroCentury Corporation,NYSE American,2021-01-28,,10:28:57,,,,,,nyse,2026-08-08T04:28:25,,,
LLIT,LLIT,2021-01-28,10:24:35,,LUDP,LULD pause,Lianluo Smart Limited Class A Common Stock,Nasdaq,2021-01-28,,10:34:35,,,,,,nyse,2026-08-08T04:28:25,,,
AMC,AMC,2021-01-28,10:25:29,,LUDP,LULD pause,"AMC ENTERTAINMENT HOLDINGS, INC.",NYSE,2021-01-28,,10:30:32,,,,,,nyse,2026-08-08T04:28:25,,,
JAN,JAN,2021-01-28,10:25:52,,LUDP,LULD pause,JanOne Inc. Common Stock (NV),Nasdaq,2021-01-28,,10:30:52,,,,,,nyse,2026-08-08T04:28:25,,,
KOSS,KOSS,2021-01-28,10:28:48,,LUDP,LULD pause,Koss Corp,Nasdaq,2021-01-28,,10:33:48,,,,,,nyse,2026-08-08T04:28:25,,,
ACY,ACY,2021-01-28,10:29:19,,LUDP,LULD pause,AeroCentury Corporation,NYSE American,2021-01-28,,10:39:19,,,,,,nyse,2026-08-08T04:28:25,,,
BBW,BBW,2021-01-28,10:29:59,,LUDP,LULD pause,"Build-A-Bear Workshop, Inc.",NYSE,2021-01-28,,10:35:25,,,,,,nyse,2026-08-08T04:28:25,,,
AMC,AMC,2021-01-28,10:31:22,,LUDP,LULD pause,"AMC ENTERTAINMENT HOLDINGS, INC.",NYSE,2021-01-28,,10:36:22,,,,,,nyse,2026-08-08T04:28:25,,,
NEWA,NEWA,2021-01-28,10:32:01,,LUDP,LULD pause,"Newater Technology, Inc. Ordinary Shares",Nasdaq,2021-01-28,,10:42:01,,,,,,nyse,2026-08-08T04:28:25,,,
EXPR,EXPR,2021-01-28,10:32:05,,LUDP,LULD pause,"Express, Inc.",NYSE,2021-01-28,,10:37:20,,,,,,nyse,2026-08-08T04:28:25,,,
JAN,JAN,2021-01-28,10:32:19,,LUDP,LULD pause,JanOne Inc. Common Stock (NV),Nasdaq,2021-01-28,,10:42:19,,,,,,nyse,2026-08-08T04:28:25,,,
KOSS,KOSS,2021-01-28,10:34:17,,LUDP,LULD pause,Koss Corp,Nasdaq,2021-01-28,,11:06:48,,,,,,nyse,2026-08-08T04:28:25,,,
LLIT,LLIT,2021-01-28,10:35:01,,LUDP,LULD pause,Lianluo Smart Limited Class A Common Stock,Nasdaq,2021-01-28,,10:45:01,,,,,,nyse,2026-08-08T04:28:25,,,
AMC,AMC,2021-01-28,10:39:24,,LUDP,LULD pause,"AMC ENTERTAINMENT HOLDINGS, INC.",NYSE,2021-01-28,,10:44:24,,,,,,nyse,2026-08-08T04:28:25,,,
ACY,ACY,2021-01-28,10:39:34,,LUDP,LULD pause,AeroCentury Corporation,NYSE American,2021-01-28,,10:44:34,,,,,,nyse,2026-08-08T04:28:25,,,
GME,GME,2021-01-28,10:40:01,,LUDP,LULD pause,GameStop Corp. Class A,NYSE,2021-01-28,,10:45:03,,,,,,nyse,2026-08-08T04:28:25,,,
BBW,BBW,2021-01-28,10:40:45,,LUDP,LULD pause,"Build-A-Bear Workshop, Inc.",NYSE,2021-01-28,,10:46:04,,,,,,nyse,2026-08-08T04:28:25,,,
EXPR,EXPR,2021-01-28,10:41:39,,LUDP,LULD pause,"Express, Inc.",NYSE,2021-01-28,,10:46:54,,,,,,nyse,2026-08-08T04:28:25,,,
JAN,JAN,2021-01-28,10:43:12,,LUDP,LULD pause,JanOne Inc. Common Stock (NV),Nasdaq,2021-01-28,,10:48:12,,,,,,nyse,2026-08-08T04:28:25,,,
NEWA,NEWA,2021-01-28,10:43:37,,LUDP,LULD pause,"Newater Technology, Inc. Ordinary Shares",Nasdaq,2021-01-28,,10:48:37,,,,,,nyse,2026-08-08T04:28:25,,,
AMC,AMC,2021-01-28,10:44:55,,LUDP,LULD pause,"AMC ENTERTAINMENT HOLDINGS, INC.",NYSE,2021-01-28,,10:49:56,,,,,,nyse,2026-08-08T04:28:25,,,
LLIT,LLIT,2021-01-28,10:45:22,,LUDP,LULD pause,Lianluo Smart Limited Class A Common Stock,Nasdaq,2021-01-28,,10:50:22,,,,,,nyse,2026-08-08T04:28:25,,,
GME,GME,2021-01-28,10:45:44,,LUDP,LULD pause,GameStop Corp. Class A,NYSE,2021-01-28,,10:51:19,,,,,,nyse,2026-08-08T04:28:25,,,
BBW,BBW,2021-01-28,10:46:37,,LUDP,LULD pause,"Build-A-Bear Workshop, Inc.",NYSE,2021-01-28,,10:52:20,,,,,,nyse,2026-08-08T04:28:25,,,
EXPR,EXPR,2021-01-28,10:47:18,,LUDP,LULD pause,"Express, Inc.",NYSE,2021-01-28,,10:52:32,,,,,,nyse,2026-08-08T04:28:25,,,
NEWA,NEWA,2021-01-28,10:49:16,,LUDP,LULD pause,"Newater Technology, Inc. Ordinary Shares",Nasdaq,2021-01-28,,10:59:16,,,,,,nyse,2026-08-08T04:28:25,,,
JAN,JAN,2021-01-28,10:49:32,,LUDP,LULD pause,JanOne Inc. Common Stock (NV),Nasdaq,2021-01-28,,10:54:32,,,,,,nyse,2026-08-08T04:28:25,,,
ACY,ACY,2021-01-28,10:50:29,,LUDP,LULD pause,AeroCentury Corporation,NYSE American,2021-01-28,,10:55:29,,,,,,nyse,2026-08-08T04:28:25,,,
SINO,SINO,2021-01-28,10:50:53,,LUDP,LULD pause,"Sino-Global Shipping America, Ltd",Nasdaq,2021-01-28,,10:55:53,,,,,,nyse,2026-08-08T04:28:25,,,
CVM,CVM,2021-01-28,10:53:59,,LUDP,LULD pause,Cel-Sci Corporation,NYSE American,2021-01-28,,10:58:59,,,,,,nyse,2026-08-08T04:28:25,,,
EXPR,EXPR,2021-01-28,10:54:13,,LUDP,LULD pause,"Express, Inc.",NYSE,2021-01-28,,10:59:22,,,,,,nyse,2026-08-08T04:28:25,,,
GME,GME,2021-01-28,10:54:39,,LUDP,LULD pause,GameStop Corp. Class A,NYSE,2021-01-28,,11:00:04,,,,,,nyse,2026-08-08T04:28:25,,,
JAN,JAN,2021-01-28,10:55:20,,LUDP,LULD pause,JanOne Inc. Common Stock (NV),Nasdaq,2021-01-28,,11:00:20,,,,,,nyse,2026-08-08T04:28:25,,,
SINO,SINO,2021-01-28,10:56:35,,LUDP,LULD pause,"Sino-Global Shipping America, Ltd",Nasdaq,2021-01-28,,11:06:35,,,,,,nyse,2026-08-08T04:28:25,,,
EXPR,EXPR,2021-01-28,11:00:06,,LUDP,LULD pause,"Express, Inc.",NYSE,2021-01-28,,11:05:13,,,,,,nyse,2026-08-08T04:28:25,,,
LLIT,LLIT,2021-01-28,11:00:24,,LUDP,LULD pause,Lianluo Smart Limited Class A Common Stock,Nasdaq,2021-01-28,,11:05:24,,,,,,nyse,2026-08-08T04:28:25,,,
JAN,JAN,2021-01-28,11:00:47,,LUDP,LULD pause,JanOne Inc. Common Stock (NV),Nasdaq,2021-01-28,,11:05:47,,,,,,nyse,2026-08-08T04:28:25,,,
ACY,ACY,2021-01-28,11:01:58,,LUDP,LULD pause,AeroCentury Corporation,NYSE American,2021-01-28,,11:11:58,,,,,,nyse,2026-08-08T04:28:25,,,
GME,GME,2021-01-28,11:02:19,,LUDP,LULD pause,GameStop Corp. Class A,NYSE,2021-01-28,,11:07:19,,,,,,nyse,2026-08-08T04:28:25,,,
TIRX,TIRX,2021-01-28,11:04:10,,LUDP,LULD pause,TIAN RUIXIANG Holdings Ltd Class A Ordinary Shares,Nasdaq,2021-01-28,,11:14:11,,,,,,nyse,2026-08-08T04:28:25,,,
NTN,NTN,2021-01-28,11:04:14,,LUDP,LULD pause,"NTN Buzztime, Inc",NYSE American,2021-01-28,,11:09:14,,,,,,nyse,2026-08-08T04:28:25,,,
AMC,AMC,2021-01-28,11:06:30,,LUDP,LULD pause,"AMC ENTERTAINMENT HOLDINGS, INC.",NYSE,2021-01-28,,11:11:30,,,,,,nyse,2026-08-08T04:28:25,,,
KOSS,KOSS,2021-01-28,11:07:03,,LUDP,LULD pause,Koss Corp,Nasdaq,2021-01-28,,11:32:04,,,,,,nyse,2026-08-08T04:28:25,,,
GME,GME,2021-01-28,11:08:22,,LUDP,LULD pause,GameStop Corp. Class A,NYSE,2021-01-28,,11:13:31,,,,,,nyse,2026-08-08T04:28:25,,,
JAN,JAN,2021-01-28,11:08:30,,LUDP,LULD pause,JanOne Inc. Common Stock (NV),Nasdaq,2021-01-28,,11:13:30,,,,,,nyse,2026-08-08T04:28:25,,,
EXPR,EXPR,2021-01-28,11:09:20,,LUDP,LULD pause,"Express, Inc.",NYSE,2021-01-28,,11:14:25,,,,,,nyse,2026-08-08T04:28:25,,,
AMC,AMC,2021-01-28,11:11:58,,LUDP,LULD pause,"AMC ENTERTAINMENT HOLDINGS, INC.",NYSE,2021-01-28,,11:16:58,,,,,,nyse,2026-08-08T04:28:25,,,
GME,GME,2021-01-28,11:13:59,,LUDP,LULD pause,GameStop Corp. Class A,NYSE,2021-01-28,,11:19:09,,,,,,nyse,2026-08-08T04:28:25,,,
JAN,JAN,2021-01-28,11:14:23,,LUDP,LULD pause,JanOne Inc. Common Stock (NV),Nasdaq,2021-01-28,,11:19:23,,,,,,nyse,2026-08-08T04:28:25,,,
ACY,ACY,2021-01-28,11:14:30,,LUDP,LULD pause,AeroCentury Corporation,NYSE American,2021-01-28,,11:19:30,,,,,,nyse,2026-08-08T04:28:25,,,
AMC,AMC,2021-01-28,11:17:25,,LUDP,LULD pause,"AMC ENTERTAINMENT HOLDINGS, INC.",NYSE,2021-01-28,,11:22:25,,,,,,nyse,2026-08-08T04:28:25,,,
GME,GME,2021-01-28,11:19:34,,LUDP,LULD pause,GameStop Corp. Class A,NYSE,2021-01-28,,11:24:36,,,,,,nyse,2026-08-08T04:28:25,,,
TIRX,TIRX,2021-01-28,11:20:15,,LUDP,LULD pause,TIAN RUIXIANG Holdings Ltd Class A Ordinary Shares,Nasdaq,2021-01-28,,11:33:52,,,,,,nyse,2026-08-08T04:28:25,,,
JAN,JAN,2021-01-28,11:20:33,,LUDP,LULD pause,JanOne Inc. Common Stock (NV),Nasdaq,2021-01-28,,11:25:33,,,,,,nyse,2026-08-08T04:28:25,,,
LLIT,LLIT,2021-01-28,11:20:41,,LUDP,LULD pause,Lianluo Smart Limited Class A Common Stock,Nasdaq,2021-01-28,,11:30:41,,,,,,nyse,2026-08-08T04:28:25,,,
AMC,AMC,2021-01-28,11:23:31,,LUDP,LULD pause,"AMC ENTERTAINMENT HOLDINGS, INC.",NYSE,2021-01-28,,11:29:04,,,,,,nyse,2026-08-08T04:28:25,,,
GME,GME,2021-01-28,11:24:58,,LUDP,LULD pause,GameStop Corp. Class A,NYSE,2021-01-28,,11:30:03,,,,,,nyse,2026-08-08T04:28:25,,,
NTN,NTN,2021-01-28,11:25:52,,LUDP,LULD pause,"NTN Buzztime, Inc",NYSE American,2021-01-28,,11:30:52,,,,,,nyse,2026-08-08T04:28:25,,,
CVR,CVR,2021-01-28,11:27:43,,LUDP,LULD pause,Chicago Rivet & Machine Co.,NYSE American,2021-01-28,,11:37:43,,,,,,nyse,2026-08-08T04:28:25,,,
ELYS,ELYS,2021-01-28,11:30:01,,LUDP,LULD pause,"Elys Game Technology, Corp. Common Stock",Nasdaq,2021-01-28,,11:35:01,,,,,,nyse,2026-08-08T04:28:25,,,
JAN,JAN,2021-01-28,11:30:18,,LUDP,LULD pause,JanOne Inc. Common Stock (NV),Nasdaq,2021-01-28,,11:35:18,,,,,,nyse,2026-08-08T04:28:25,,,
GME,GME,2021-01-28,11:30:45,,LUDP,LULD pause,GameStop Corp. Class A,NYSE,2021-01-28,,11:35:49,,,,,,nyse,2026-08-08T04:28:25,,,
LLIT,LLIT,2021-01-28,11:32:12,,LUDP,LULD pause,Lianluo Smart Limited Class A Common Stock,Nasdaq,2021-01-28,,11:37:12,,,,,,nyse,2026-08-08T04:28:25,,,
KOSS,KOSS,2021-01-28,11:32:19,,LUDP,LULD pause,Koss Corp,Nasdaq,2021-01-28,,11:37:19,,,,,,nyse,2026-08-08T04:28:25,,,
AMC,AMC,2021-01-28,11:32:44,,LUDP,LULD pause,"AMC ENTERTAINMENT HOLDINGS, INC.",NYSE,2021-01-28,,11:37:55,,,,,,nyse,2026-08-08T04:28:25,,,
KIN,KIN,2021-01-28,11:33:01,,LUDP,LULD pause,"Kindred Biosciences, Inc.",Nasdaq,2021-01-28,,11:44:11,,,,,,nyse,2026-08-08T04:28:25,,,
GME,GME,2021-01-28,11:36:57,,LUDP,LULD pause,GameStop Corp. Class A,NYSE,2021-01-28,,11:41:59,,,,,,nyse,2026-08-08T04:28:25,,,
KOSS,KOSS,2021-01-28,11:38:40,,LUDP,LULD pause,Koss Corp,Nasdaq,2021-01-28,,11:43:40,,,,,,nyse,2026-08-08T04:28:25,,,
JAN,JAN,2021-01-28,11:41:05,,LUDP,LULD pause,JanOne Inc. Common Stock (NV),Nasdaq,2021-01-28,,11:46:05,,,,,,nyse,2026-08-08T04:28:25,,,
KOSS,KOSS,2021-01-28,11:44:00,,LUDP,LULD pause,Koss Corp,Nasdaq,2021-01-28,,11:54:00,,,,,,nyse,2026-08-08T04:28:25,,,
KIN,KIN,2021-01-28,11:44:46,,LUDP,LULD pause,"Kindred Biosciences, Inc.",Nasdaq,2021-01-28,,11:49:46,,,,,,nyse,2026-08-08T04:28:25,,,
GME,GME,2021-01-28,11:46:19,,LUDP,LULD pause,GameStop Corp. Class A,NYSE,2021-01-28,,11:51:33,,,,,,nyse,2026-08-08T04:28:25,,,
TIRX,TIRX,2021-01-28,11:49:49,,LUDP,LULD pause,TIAN RUIXIANG Holdings Ltd Class A Ordinary Shares,Nasdaq,2021-01-28,,11:54:49,,,,,,nyse,2026-08-08T04:28:25,,,
NAKD,NAKD,2021-01-28,11:51:26,,LUDP,LULD pause,Naked Brand Group Limited Ordinary Shares,Nasdaq,2021-01-28,,11:56:26,,,,,,nyse,2026-08-08T04:28:25,,,
ACY,ACY,2021-01-28,11:51:39,,LUDP,LULD pause,AeroCentury Corporation,NYSE American,2021-01-28,,11:56:39,,,,,,nyse,2026-08-08T04:28:25,,,
KOSS,KOSS,2021-01-28,11:54:20,,LUDP,LULD pause,Koss Corp,Nasdaq,2021-01-28,,11:59:20,,,,,,nyse,2026-08-08T04:28:25,,,
NTN,NTN,2021-01-28,11:55:01,,LUDP,LULD pause,"NTN Buzztime, Inc",NYSE American,2021-01-28,,12:00:01,,,,,,nyse,2026-08-08T04:28:25,,,
USEG,USEG,2021-01-28,11:57:15,,LUDP,LULD pause,US Energy Corp Wyoming,Nasdaq,2021-01-28,,12:02:15,,,,,,nyse,2026-08-08T04:28:25,,,
KOSS,KOSS,2021-01-28,12:00:15,,LUDP,LULD pause,Koss Corp,Nasdaq,2021-01-28,,12:05:15,,,,,,nyse,2026-08-08T04:28:25,,,
GME,GME,2021-01-28,12:01:46,,LUDP,LULD pause,GameStop Corp. Class A,NYSE,2021-01-28,,12:06:49,,,,,,nyse,2026-08-08T04:28:25,,,
KOSS,KOSS,2021-01-28,12:05:35,,LUDP,LULD pause,Koss Corp,Nasdaq,2021-01-28,,12:10:35,,,,,,nyse,2026-08-08T04:28:25,,,
LLIT,LLIT,2021-01-28,12:07:31,,LUDP,LULD pause,Lianluo Smart Limited Class A Common Stock,Nasdaq,2021-01-28,,12:12:31,,,,,,nyse,2026-08-08T04:28:25,,,
JAN,JAN,2021-01-28,12:08:20,,LUDP,LULD pause,JanOne Inc. Common Stock (NV),Nasdaq,2021-01-28,,12:13:20,,,,,,nyse,2026-08-08T04:28:25,,,
NTN,NTN,2021-01-28,12:08:44,,LUDP,LULD pause,"NTN Buzztime, Inc",NYSE American,2021-01-28,,12:13:44,,,,,,nyse,2026-08-08T04:28:25,,,
GME,GME,2021-01-28,12:11:25,,LUDP,LULD pause,GameStop Corp. Class A,NYSE,2021-01-28,,12:16:33,,,,,,nyse,2026-08-08T04:28:25,,,
KOSS,KOSS,2021-01-28,12:11:45,,LUDP,LULD pause,Koss Corp,Nasdaq,2021-01-28,,12:16:45,,,,,,nyse,2026-08-08T04:28:25,,,
LLIT,LLIT,2021-01-28,12:24:29,,LUDP,LULD pause,Lianluo Smart Limited Class A Common Stock,Nasdaq,2021-01-28,,12:29:29,,,,,,nyse,2026-08-08T04:28:25,,,
LLIT,LLIT,2021-01-28,12:31:32,,LUDP,LULD pause,Lianluo Smart Limited Class A Common Stock,Nasdaq,2021-01-28,,12:36:32,,,,,,nyse,2026-08-08T04:28:25,,,
JAN,JAN,2021-01-28,12:33:02,,LUDP,LULD pause,JanOne Inc. Common Stock (NV),Nasdaq,2021-01-28,,12:38:02,,,,,,nyse,2026-08-08T04:28:25,,,
KOSS,KOSS,2021-01-28,12:35:38,,LUDP,LULD pause,Koss Corp,Nasdaq,2021-01-28,,12:45:38,,,,,,nyse,2026-08-08T04:28:25,,,
GME,GME,2021-01-28,12:38:48,,LUDP,LULD pause,GameStop Corp. Class A,NYSE,2021-01-28,,12:43:51,,,,,,nyse,2026-08-08T04:28:25,,,
KOSS,KOSS,2021-01-28,12:51:10,,LUDP,LULD pause,Koss Corp,Nasdaq,2021-01-28,,12:56:10,,,,,,nyse,2026-08-08T04:28:25,,,
ACY,ACY,2021-01-28,12:51:50,,LUDP,LULD pause,AeroCentury Corporation,NYSE American,2021-01-28,,12:56:50,,,,,,nyse,2026-08-08T04:28:25,,,
CVLB,CVLB,2021-01-28,13:04:51,,LUDP,LULD pause,"Conversion Labs, Inc. Common",Nasdaq,2021-01-28,,13:09:51,,,,,,nyse,2026-08-08T04:28:25,,,
ACY,ACY,2021-01-28,13:08:00,,LUDP,LULD pause,AeroCentury Corporation,NYSE American,2021-01-28,,13:13:00,,,,,,nyse,2026-08-08T04:28:25,,,
TDACU,TDACU,2021-01-28,13:09:19,,LUDP,LULD pause,Trident Acquisitions Corp. Units,Nasdaq,2021-01-28,,13:14:19,,,,,,nyse,2026-08-08T04:28:25,,,
BRPAU,BRPAU,2021-01-28,13:15:04,,LUDP,LULD pause,Big Rock Partners Acquisition Corp. Unit,Nasdaq,2021-01-28,,13:20:04,,,,,,nyse,2026-08-08T04:28:25,,,
YGMZ,YGMZ,2021-01-28,13:18:18,,LUDP,LULD pause,MingZhu Logistics Holdings Limited Ordinary Shares,Nasdaq,2021-01-28,,13:23:18,,,,,,nyse,2026-08-08T04:28:25,,,
CRKN,CRKN,2021-01-28,13:26:39,,LUDP,LULD pause,Crown Electrokinetics Corp. Common Stock,Nasdaq,2021-01-28,,13:36:39,,,,,,nyse,2026-08-08T04:28:25,,,
CRKN,CRKN,2021-01-28,13:38:22,,LUDP,LULD pause,Crown Electrokinetics Corp. Common Stock,Nasdaq,2021-01-28,,13:43:22,,,,,,nyse,2026-08-08T04:28:25,,,
GBR,GBR,2021-01-28,13:47:55,,LUDP,LULD pause,New Concept Energy Inc,NYSE American,2021-01-28,,13:52:55,,,,,,nyse,2026-08-08T04:28:25,,,
MXC,MXC,2021-01-28,13:48:37,,LUDP,LULD pause,Mexco Energy Corporation,NYSE American,2021-01-28,,13:53:37,,,,,,nyse,2026-08-08T04:28:25,,,
LLIT,LLIT,2021-01-28,13:58:21,,LUDP,LULD pause,Lianluo Smart Limited Class A Common Stock,Nasdaq,2021-01-28,,14:03:21,,,,,,nyse,2026-08-08T04:28:25,,,
KOSS,KOSS,2021-01-28,14:03:27,,LUDP,LULD pause,Koss Corp,Nasdaq,2021-01-28,,14:08:27,,,,,,nyse,2026-08-08T04:28:25,,,
FUE,FUE,2021-01-28,14:28:11,,LUDP,LULD pause,ELEMENTS Linked to the ICE BofAML Commodity Index eXtra Biofuels Total Return,NYSE Arca,2021-01-28,,14:48:11,,,,,,nyse,2026-08-08T04:28:25,,,
CVR,CVR,2021-01-28,14:44:58,,LUDP,LULD pause,Chicago Rivet & Machine Co.,NYSE American,2021-01-28,,14:49:58,,,,,,nyse,2026-08-08T04:28:25,,,
AMC,AMC,2021-01-28,14:45:37,,LUDP,LULD pause,"AMC ENTERTAINMENT HOLDINGS, INC.",NYSE,2021-01-28,,14:50:37,,,,,,nyse,2026-08-08T04:28:25,,,
ARMP,ARMP,2021-01-28,14:45:58,,LUDP,LULD pause,"Armata Pharmaceuticals, Inc. Common Stock",NYSE American,2021-01-28,,14:55:58,,,,,,nyse,2026-08-08T04:28:25,,,
CVR,CVR,2021-01-28,14:50:56,,LUDP,LULD pause,Chicago Rivet & Machine Co.,NYSE American,2021-01-28,,14:55:56,,,,,,nyse,2026-08-08T04:28:25,,,
USEG,USEG,2021-01-28,14:51:31,,LUDP,LULD pause,US Energy Corp Wyoming,Nasdaq,2021-01-28,,14:56:31,,,,,,nyse,2026-08-08T04:28:25,,,
KOSS,KOSS,2021-01-28,14:54:30,,LUDP,LULD pause,Koss Corp,Nasdaq,2021-01-28,,14:59:30,,,,,,nyse,2026-08-08T04:28:25,,,
ARMP,ARMP,2021-01-28,15:00:19,,LUDP,LULD pause,"Armata Pharmaceuticals, Inc. Common Stock",NYSE American,2021-01-28,,15:15:20,,,,,,nyse,2026-08-08T04:28:25,,,
BRPA,BRPA,2021-01-28,15:08:24,,LUDP,LULD pause,Big Rock Partners Acquisition Corp. Common Stock,Nasdaq,2021-01-28,,15:18:24,,,,,,nyse,2026-08-08T04:28:25,,,
ARMP,ARMP,2021-01-28,15:15:55,,LUDP,LULD pause,"Armata Pharmaceuticals, Inc. Common Stock",NYSE American,2021-01-28,,15:25:55,,,,,,nyse,2026-08-08T04:28:25,,,
MXC,MXC,2021-01-28,15:17:49,,LUDP,LULD pause,Mexco Energy Corporation,NYSE American,2021-01-28,,15:22:49,,,,,,nyse,2026-08-08T04:28:25,,,
MARPS,MARPS,2021-01-28,15:22:39,,LUDP,LULD pause,Marine Petroleum Trust,Nasdaq,2021-01-28,,15:27:39,,,,,,nyse,2026-08-08T04:28:25,,,
ARMP,ARMP,2021-01-28,15:31:17,,LUDP,LULD pause,"Armata Pharmaceuticals, Inc. Common Stock",NYSE American,2021-01-28,,15:36:17,,,,,,nyse,2026-08-08T04:28:25,,,
MTR,MTR,2021-01-28,15:31:50,,LUDP,LULD pause,Mesa Royalty Trust,NYSE,2021-01-28,,15:37:02,,,,,,nyse,2026-08-08T04:28:25,,,
ARMP,ARMP,2021-01-28,15:39:31,,LUDP,LULD pause,"Armata Pharmaceuticals, Inc. Common Stock",NYSE American,2021-01-28,,15:49:31,,,,,,nyse,2026-08-08T04:28:25,,,
MARPS,MARPS,2021-01-28,15:40:57,,LUDP,LULD pause,Marine Petroleum Trust,Nasdaq,2021-01-28,,16:00:00,,,,,,nyse,2026-08-08T04:28:25,,,
CGIX,CGIX,2021-01-28,15:45:17,,LUDP,LULD pause,"Cancer Genetics, Inc. Common Stock",Nasdaq,2021-01-28,,16:00:00,,,,,,nyse,2026-08-08T04:28:25,,,
ARMP,ARMP,2021-01-28,15:53:06,,LUDP,LULD pause,"Armata Pharmaceuticals, Inc. Common Stock",NYSE American,2021-01-28,,16:00:00,,,,,,nyse,2026-08-08T04:28:25,,,
KSU.PR,KSU PR,2021-01-28,15:53:21,,LUDP,LULD pause,Kansas City Southern Non-Cumulative Preferred Stock,NYSE,2021-01-28,,16:14:07,,,,,,nyse,2026-08-08T04:28:25,,,
CANG,CANG,2021-01-28,15:57:39,,LUDP,LULD pause,"Cango Inc. American Depositary Shares,  each representing two (2) Class A Ordinary Shares",NYSE,2021-01-28,,16:00:19,,,,,,nyse,2026-08-08T04:28:25,,,
GME,GME,2021-01-28,15:59:41,,LUDP,LULD pause,GameStop Corp. Class A,NYSE,2021-01-28,,16:00:02,,,,,,nyse,2026-08-08T04:28:25,,,
BCACU,BCACU,2021-01-29,03:58:00,,T1,News pending,Brookline Capital Acquisition Corp. Units,Nasdaq,2021-01-29,,11:28:00,,,,,,nyse,2026-08-08T04:28:25,,,
FBM,FBM,2021-01-29,08:29:45,,UNKNOWN,News dissemination,"Foundation Building Materials, Inc. Common Stock",NYSE,,,,,,,,,nyse,2026-08-08T04:28:25,no_reanudo,,
NUZE,NUZE,2021-01-29,09:31:44,,LUDP,LULD pause,"NuZee, Inc. Common Stock",Nasdaq,2021-01-29,,09:36:44,,,,,,nyse,2026-08-08T04:28:25,,,
GBR,GBR,2021-01-29,09:31:54,,LUDP,LULD pause,New Concept Energy Inc,NYSE American,2021-01-29,,09:41:54,,,,,,nyse,2026-08-08T04:28:25,,,
SIEB,SIEB,2021-01-29,09:32:12,,LUDP,LULD pause,Siebert Financial Corp,Nasdaq,2021-01-29,,09:37:12,,,,,,nyse,2026-08-08T04:28:25,,,
FOSL,FOSL,2021-01-29,09:32:30,,LUDP,LULD pause,"Fossil Group, Inc.",Nasdaq,2021-01-29,,09:37:31,,,,,,nyse,2026-08-08T04:28:25,,,
KOSS,KOSS,2021-01-29,09:32:33,,LUDP,LULD pause,Koss Corp,Nasdaq,2021-01-29,,09:37:33,,,,,,nyse,2026-08-08T04:28:25,,,
GME,GME,2021-01-29,09:32:41,,LUDP,LULD pause,GameStop Corp. Class A,NYSE,2021-01-29,,09:37:47,,,,,,nyse,2026-08-08T04:28:25,,,
TIRX,TIRX,2021-01-29,09:33:01,,LUDP,LULD pause,TIAN RUIXIANG Holdings Ltd Class A Ordinary Shares,Nasdaq,2021-01-29,,09:38:01,,,,,,nyse,2026-08-08T04:28:25,,,
EXPR,EXPR,2021-01-29,09:33:08,,LUDP,LULD pause,"Express, Inc.",NYSE,2021-01-29,,09:38:13,,,,,,nyse,2026-08-08T04:28:25,,,
AMC,AMC,2021-01-29,09:35:17,,LUDP,LULD pause,"AMC ENTERTAINMENT HOLDINGS, INC.",NYSE,2021-01-29,,09:40:18,,,,,,nyse,2026-08-08T04:28:25,,,
CANG,CANG,2021-01-29,09:35:58,,LUDP,LULD pause,"Cango Inc. American Depositary Shares,  each representing two (2) Class A Ordinary Shares",NYSE,2021-01-29,,09:41:03,,,,,,nyse,2026-08-08T04:28:25,,,
SIEB,SIEB,2021-01-29,09:37:32,,LUDP,LULD pause,Siebert Financial Corp,Nasdaq,2021-01-29,,09:42:32,,,,,,nyse,2026-08-08T04:28:25,,,
TRX,TRX,2021-01-29,09:37:51,,LUDP,LULD pause,Tanzanian Gold Corporation,NYSE American,2021-01-29,,09:42:51,,,,,,nyse,2026-08-08T04:28:25,,,
UUU,UUU,2021-01-29,09:37:53,,LUDP,LULD pause,"Universal Security Instruments, Inc.",NYSE American,2021-01-29,,09:53:04,,,,,,nyse,2026-08-08T04:28:25,,,
KOSS,KOSS,2021-01-29,09:37:55,,LUDP,LULD pause,Koss Corp,Nasdaq,2021-01-29,,09:42:55,,,,,,nyse,2026-08-08T04:28:25,,,
LGHL,LGHL,2021-01-29,09:38:41,,LUDP,LULD pause,Lion Group Holding Ltd. American Depositary Share,Nasdaq,2021-01-29,,09:43:41,,,,,,nyse,2026-08-08T04:28:25,,,
CANG,CANG,2021-01-29,09:41:19,,LUDP,LULD pause,"Cango Inc. American Depositary Shares,  each representing two (2) Class A Ordinary Shares",NYSE,2021-01-29,,09:46:43,,,,,,nyse,2026-08-08T04:28:25,,,
TIRX,TIRX,2021-01-29,09:42:03,,LUDP,LULD pause,TIAN RUIXIANG Holdings Ltd Class A Ordinary Shares,Nasdaq,2021-01-29,,09:47:03,,,,,,nyse,2026-08-08T04:28:25,,,
BRPAU,BRPAU,2021-01-29,09:42:24,,LUDP,LULD pause,Big Rock Partners Acquisition Corp. Unit,Nasdaq,2021-01-29,,09:47:24,,,,,,nyse,2026-08-08T04:28:25,,,
TRX,TRX,2021-01-29,09:43:28,,LUDP,LULD pause,Tanzanian Gold Corporation,NYSE American,2021-01-29,,09:48:28,,,,,,nyse,2026-08-08T04:28:25,,,
KOSS,KOSS,2021-01-29,09:44:05,,LUDP,LULD pause,Koss Corp,Nasdaq,2021-01-29,,09:49:05,,,,,,nyse,2026-08-08T04:28:25,,,
GBR,GBR,2021-01-29,09:44:45,,LUDP,LULD pause,New Concept Energy Inc,NYSE American,2021-01-29,,09:49:45,,,,,,nyse,2026-08-08T04:28:25,,,
SIEB,SIEB,2021-01-29,09:46:15,,LUDP,LULD pause,Siebert Financial Corp,Nasdaq,2021-01-29,,09:51:15,,,,,,nyse,2026-08-08T04:28:25,,,
TRX,TRX,2021-01-29,09:49:00,,LUDP,LULD pause,Tanzanian Gold Corporation,NYSE American,2021-01-29,,09:54:00,,,,,,nyse,2026-08-08T04:28:25,,,
TIRX,TIRX,2021-01-29,09:50:13,,LUDP,LULD pause,TIAN RUIXIANG Holdings Ltd Class A Ordinary Shares,Nasdaq,2021-01-29,,09:55:13,,,,,,nyse,2026-08-08T04:28:25,,,
SIEB,SIEB,2021-01-29,09:52:26,,LUDP,LULD pause,Siebert Financial Corp,Nasdaq,2021-01-29,,09:57:26,,,,,,nyse,2026-08-08T04:28:25,,,
UUU,UUU,2021-01-29,09:53:34,,LUDP,LULD pause,"Universal Security Instruments, Inc.",NYSE American,2021-01-29,,10:03:34,,,,,,nyse,2026-08-08T04:28:25,,,
TRX,TRX,2021-01-29,09:54:33,,LUDP,LULD pause,Tanzanian Gold Corporation,NYSE American,2021-01-29,,09:59:33,,,,,,nyse,2026-08-08T04:28:25,,,
PZG,PZG,2021-01-29,09:54:59,,LUDP,LULD pause,Paramount Gold Nevada Corp.,NYSE American,2021-01-29,,09:59:59,,,,,,nyse,2026-08-08T04:28:25,,,
GBR,GBR,2021-01-29,09:57:12,,LUDP,LULD pause,New Concept Energy Inc,NYSE American,2021-01-29,,10:02:12,,,,,,nyse,2026-08-08T04:28:25,,,
TRX,TRX,2021-01-29,10:00:07,,LUDP,LULD pause,Tanzanian Gold Corporation,NYSE American,2021-01-29,,10:05:07,,,,,,nyse,2026-08-08T04:28:25,,,
UUU,UUU,2021-01-29,10:04:01,,LUDP,LULD pause,"Universal Security Instruments, Inc.",NYSE American,2021-01-29,,10:14:01,,,,,,nyse,2026-08-08T04:28:25,,,
TRX,TRX,2021-01-29,10:05:56,,LUDP,LULD pause,Tanzanian Gold Corporation,NYSE American,2021-01-29,,10:10:56,,,,,,nyse,2026-08-08T04:28:25,,,
SIEB,SIEB,2021-01-29,10:07:00,,LUDP,LULD pause,Siebert Financial Corp,Nasdaq,2021-01-29,,10:12:00,,,,,,nyse,2026-08-08T04:28:25,,,
RHE,RHE,2021-01-29,10:07:39,,LUDP,LULD pause,"Regional Health Properties, Inc.",NYSE American,2021-01-29,,10:12:39,,,,,,nyse,2026-08-08T04:28:25,,,
NPAUU,NPAUU,2021-01-29,10:09:26,,LUDP,LULD pause,New Providence Acquisition Corp. Unit,Nasdaq,2021-01-29,,10:14:26,,,,,,nyse,2026-08-08T04:28:25,,,
TRX,TRX,2021-01-29,10:13:16,,LUDP,LULD pause,Tanzanian Gold Corporation,NYSE American,2021-01-29,,10:18:16,,,,,,nyse,2026-08-08T04:28:25,,,
RHE,RHE,2021-01-29,10:13:51,,LUDP,LULD pause,"Regional Health Properties, Inc.",NYSE American,2021-01-29,,10:18:51,,,,,,nyse,2026-08-08T04:28:25,,,
SIEB,SIEB,2021-01-29,10:14:18,,LUDP,LULD pause,Siebert Financial Corp,Nasdaq,2021-01-29,,10:19:18,,,,,,nyse,2026-08-08T04:28:25,,,
UUU,UUU,2021-01-29,10:14:27,,LUDP,LULD pause,"Universal Security Instruments, Inc.",NYSE American,2021-01-29,,10:24:27,,,,,,nyse,2026-08-08T04:28:25,,,
ACY,ACY,2021-01-29,10:15:06,,LUDP,LULD pause,AeroCentury Corporation,NYSE American,2021-01-29,,10:20:06,,,,,,nyse,2026-08-08T04:28:25,,,
TGC,TGC,2021-01-29,10:15:26,,LUDP,LULD pause,"Tengasco, Inc.",NYSE American,2021-01-29,,10:38:50,,,,,,nyse,2026-08-08T04:28:25,,,
RHE,RHE,2021-01-29,10:19:17,,LUDP,LULD pause,"Regional Health Properties, Inc.",NYSE American,2021-01-29,,10:24:17,,,,,,nyse,2026-08-08T04:28:25,,,
SIEB,SIEB,2021-01-29,10:20:06,,LUDP,LULD pause,Siebert Financial Corp,Nasdaq,2021-01-29,,10:25:06,,,,,,nyse,2026-08-08T04:28:25,,,
MARPS,MARPS,2021-01-29,10:21:47,,LUDP,LULD pause,Marine Petroleum Trust,Nasdaq,2021-01-29,,10:26:47,,,,,,nyse,2026-08-08T04:28:25,,,
ACY,ACY,2021-01-29,10:22:32,,LUDP,LULD pause,AeroCentury Corporation,NYSE American,2021-01-29,,10:27:32,,,,,,nyse,2026-08-08T04:28:25,,,
CGROU,CGROU,2021-01-29,10:23:57,,LUDP,LULD pause,Collective Growth Corporation Unit,Nasdaq,2021-01-29,,10:28:57,,,,,,nyse,2026-08-08T04:28:25,,,
RHE,RHE,2021-01-29,10:24:39,,LUDP,LULD pause,"Regional Health Properties, Inc.",NYSE American,2021-01-29,,10:34:39,,,,,,nyse,2026-08-08T04:28:25,,,
UUU,UUU,2021-01-29,10:25:15,,LUDP,LULD pause,"Universal Security Instruments, Inc.",NYSE American,2021-01-29,,10:30:15,,,,,,nyse,2026-08-08T04:28:25,,,
IRTC,IRTC,2021-01-29,10:28:42,,LUDP,LULD pause,"iRhythm Technologies, Inc",Nasdaq,2021-01-29,,10:33:42,,,,,,nyse,2026-08-08T04:28:25,,,
UUU,UUU,2021-01-29,10:30:34,,LUDP,LULD pause,"Universal Security Instruments, Inc.",NYSE American,2021-01-29,,10:35:34,,,,,,nyse,2026-08-08T04:28:25,,,
NM,NM,2021-01-29,10:34:48,,LUDP,LULD pause,Navios Maritime Holdings Inc.,NYSE,2021-01-29,,10:40:11,,,,,,nyse,2026-08-08T04:28:25,,,
TGC,TGC,2021-01-29,10:39:05,,LUDP,LULD pause,"Tengasco, Inc.",NYSE American,2021-01-29,,10:44:05,,,,,,nyse,2026-08-08T04:28:25,,,
UUU,UUU,2021-01-29,10:41:26,,LUDP,LULD pause,"Universal Security Instruments, Inc.",NYSE American,2021-01-29,,10:46:26,,,,,,nyse,2026-08-08T04:28:25,,,
GLBS,GLBS,2021-01-29,10:46:00,,LUDP,LULD pause,Globus Maritime Limited,Nasdaq,2021-01-29,,10:51:00,,,,,,nyse,2026-08-08T04:28:25,,,
EDRY,EDRY,2021-01-29,10:50:30,,LUDP,LULD pause,EuroDry Ltd. Common Shares,Nasdaq,2021-01-29,,10:55:30,,,,,,nyse,2026-08-08T04:28:25,,,
NM,NM,2021-01-29,10:54:01,,LUDP,LULD pause,Navios Maritime Holdings Inc.,NYSE,2021-01-29,,10:59:08,,,,,,nyse,2026-08-08T04:28:25,,,
SRACU,SRACU,2021-01-29,10:56:35,,LUDP,LULD pause,Stable Road Acquisition Corp. Unit,Nasdaq,2021-01-29,,11:01:35,,,,,,nyse,2026-08-08T04:28:25,,,
UUU,UUU,2021-01-29,11:02:31,,LUDP,LULD pause,"Universal Security Instruments, Inc.",NYSE American,2021-01-29,,11:07:31,,,,,,nyse,2026-08-08T04:28:25,,,
SINO,SINO,2021-01-29,11:07:25,,LUDP,LULD pause,"Sino-Global Shipping America, Ltd",Nasdaq,2021-01-29,,11:12:25,,,,,,nyse,2026-08-08T04:28:25,,,
KOSS,KOSS,2021-01-29,11:12:11,,LUDP,LULD pause,Koss Corp,Nasdaq,2021-01-29,,11:17:11,,,,,,nyse,2026-08-08T04:28:25,,,
KERN,KERN,2021-01-29,11:14:44,,LUDP,LULD pause,Akerna Corp. Common Stock,Nasdaq,2021-01-29,,11:19:44,,,,,,nyse,2026-08-08T04:28:25,,,
JUPW,JUPW,2021-01-29,11:15:36,,LUDP,LULD pause,"Jupiter Wellness, Inc. Common Stock",Nasdaq,2021-01-29,,11:20:36,,,,,,nyse,2026-08-08T04:28:25,,,
KOSS,KOSS,2021-01-29,11:17:26,,LUDP,LULD pause,Koss Corp,Nasdaq,2021-01-29,,11:27:26,,,,,,nyse,2026-08-08T04:28:25,,,
SINO,SINO,2021-01-29,11:18:33,,LUDP,LULD pause,"Sino-Global Shipping America, Ltd",Nasdaq,2021-01-29,,11:23:33,,,,,,nyse,2026-08-08T04:28:25,,,
LLIT,LLIT,2021-01-29,11:23:00,,LUDP,LULD pause,Lianluo Smart Limited Class A Common Stock,Nasdaq,2021-01-29,,11:28:00,,,,,,nyse,2026-08-08T04:28:25,,,
KOSS,KOSS,2021-01-29,11:30:53,,LUDP,LULD pause,Koss Corp,Nasdaq,2021-01-29,,11:35:53,,,,,,nyse,2026-08-08T04:28:25,,,
KOSS,KOSS,2021-01-29,11:39:28,,LUDP,LULD pause,Koss Corp,Nasdaq,2021-01-29,,11:44:28,,,,,,nyse,2026-08-08T04:28:25,,,
KBSF,KBSF,2021-01-29,11:44:55,,LUDP,LULD pause,KBS Fashion Group Limited,Nasdaq,2021-01-29,,11:49:55,,,,,,nyse,2026-08-08T04:28:25,,,
OPHC,OPHC,2021-01-29,11:57:15,,LUDP,LULD pause,"OptimumBank Holdings, Inc.",Nasdaq,2021-01-29,,12:02:15,,,,,,nyse,2026-08-08T04:28:25,,,
UUU,UUU,2021-01-29,12:11:10,,LUDP,LULD pause,"Universal Security Instruments, Inc.",NYSE American,2021-01-29,,12:21:10,,,,,,nyse,2026-08-08T04:28:25,,,
TSQ,TSQ,2021-01-29,12:16:02,,LUDP,LULD pause,"TOWNSQUARE MEDIA, INC.",NYSE,2021-01-29,,12:21:11,,,,,,nyse,2026-08-08T04:28:25,,,
NLSP,NLSP,2021-01-29,12:18:59,,LUDP,LULD pause,NLS Pharmaceutics Ltd. Ordinary Shares,Nasdaq,2021-01-29,,12:23:59,,,,,,nyse,2026-08-08T04:28:25,,,
TRIB,TRIB,2021-01-29,12:51:26,,LUDP,LULD pause,Trinity Biotech plc,Nasdaq,2021-01-29,,12:56:26,,,,,,nyse,2026-08-08T04:28:25,,,
ANDAU,ANDAU,2021-01-29,12:59:47,,LUDP,LULD pause,Andina Acquisition Corp. III Unit,Nasdaq,2021-01-29,,13:04:47,,,,,,nyse,2026-08-08T04:28:25,,,
STRR,STRR,2021-01-29,13:04:32,,LUDP,LULD pause,"Star Equity Holdings, Inc. Common Stock",Nasdaq,2021-01-29,,13:09:32,,,,,,nyse,2026-08-08T04:28:25,,,
KSPN,KSPN,2021-01-29,13:07:17,,LUDP,LULD pause,Kaspien Holdings Inc. Common Stock,Nasdaq,2021-01-29,,13:12:17,,,,,,nyse,2026-08-08T04:28:25,,,
AMST,AMST,2021-01-29,13:31:14,,LUDP,LULD pause,Amesite Inc.,Nasdaq,2021-01-29,,13:36:14,,,,,,nyse,2026-08-08T04:28:25,,,
WAFU,WAFU,2021-01-29,13:32:34,,LUDP,LULD pause,Wah Fu Education Group Limited Ordinary Shares,Nasdaq,2021-01-29,,13:37:34,,,,,,nyse,2026-08-08T04:28:25,,,
WAFU,WAFU,2021-01-29,13:39:44,,LUDP,LULD pause,Wah Fu Education Group Limited Ordinary Shares,Nasdaq,2021-01-29,,13:44:44,,,,,,nyse,2026-08-08T04:28:25,,,
WAFU,WAFU,2021-01-29,13:45:25,,LUDP,LULD pause,Wah Fu Education Group Limited Ordinary Shares,Nasdaq,2021-01-29,,13:55:25,,,,,,nyse,2026-08-08T04:28:25,,,
AMST,AMST,2021-01-29,14:09:01,,LUDP,LULD pause,Amesite Inc.,Nasdaq,2021-01-29,,14:27:05,,,,,,nyse,2026-08-08T04:28:25,,,
KOSS,KOSS,2021-01-29,14:17:09,,LUDP,LULD pause,Koss Corp,Nasdaq,2021-01-29,,14:22:09,,,,,,nyse,2026-08-08T04:28:25,,,
KOSS,KOSS,2021-01-29,14:26:30,,LUDP,LULD pause,Koss Corp,Nasdaq,2021-01-29,,14:31:30,,,,,,nyse,2026-08-08T04:28:25,,,
AMST,AMST,2021-01-29,14:27:34,,LUDP,LULD pause,Amesite Inc.,Nasdaq,2021-01-29,,14:32:34,,,,,,nyse,2026-08-08T04:28:25,,,
AMST,AMST,2021-01-29,14:33:01,,LUDP,LULD pause,Amesite Inc.,Nasdaq,2021-01-29,,14:38:01,,,,,,nyse,2026-08-08T04:28:25,,,
KOSS,KOSS,2021-01-29,14:35:34,,LUDP,LULD pause,Koss Corp,Nasdaq,2021-01-29,,14:40:34,,,,,,nyse,2026-08-08T04:28:25,,,
AMST,AMST,2021-01-29,14:38:59,,LUDP,LULD pause,Amesite Inc.,Nasdaq,2021-01-29,,14:43:59,,,,,,nyse,2026-08-08T04:28:25,,,
KOSS,KOSS,2021-01-29,14:44:20,,LUDP,LULD pause,Koss Corp,Nasdaq,2021-01-29,,14:49:20,,,,,,nyse,2026-08-08T04:28:25,,,
ICCC,ICCC,2021-01-29,14:51:27,,LUDP,LULD pause,Immucell Corp,Nasdaq,2021-01-29,,15:26:28,,,,,,nyse,2026-08-08T04:28:25,,,
HMCO,HMCO,2021-01-29,14:56:48,,LUDP,LULD pause,HumanCo Acquisition Corp. Class A Common Stock,Nasdaq,2021-01-29,,15:28:50,,,,,,nyse,2026-08-08T04:28:25,,,
AMST,AMST,2021-01-29,15:05:23,,LUDP,LULD pause,Amesite Inc.,Nasdaq,2021-01-29,,15:10:23,,,,,,nyse,2026-08-08T04:28:25,,,
WAFU,WAFU,2021-01-29,15:12:13,,LUDP,LULD pause,Wah Fu Education Group Limited Ordinary Shares,Nasdaq,2021-01-29,,15:17:13,,,,,,nyse,2026-08-08T04:28:25,,,
ICCC,ICCC,2021-01-29,15:26:47,,LUDP,LULD pause,Immucell Corp,Nasdaq,2021-01-29,,15:31:47,,,,,,nyse,2026-08-08T04:28:25,,,
KBSF,KBSF,2021-01-29,15:30:18,,LUDP,LULD pause,KBS Fashion Group Limited,Nasdaq,2021-01-29,,15:35:18,,,,,,nyse,2026-08-08T04:28:25,,,
ICCC,ICCC,2021-01-29,15:32:23,,LUDP,LULD pause,Immucell Corp,Nasdaq,2021-01-29,,15:42:23,,,,,,nyse,2026-08-08T04:28:25,,,
HMCO,HMCO,2021-01-29,15:37:14,,LUDP,LULD pause,HumanCo Acquisition Corp. Class A Common Stock,Nasdaq,2021-01-29,,15:42:14,,,,,,nyse,2026-08-08T04:28:25,,,
JRSH,JRSH,2021-01-29,15:44:08,,LUDP,LULD pause,"Jerash Holdings (US), Inc. Common Stock",Nasdaq,2021-01-29,,15:49:08,,,,,,nyse,2026-08-08T04:28:25,,,
THMO,THMO,2021-01-29,15:45:27,,LUDP,LULD pause,"ThermoGenesis Holdings, Inc. Common Stock",Nasdaq,2021-01-29,,16:00:00,,,,,,nyse,2026-08-08T04:28:25,,,
HMCO,HMCO,2021-01-29,15:49:32,,LUDP,LULD pause,HumanCo Acquisition Corp. Class A Common Stock,Nasdaq,2021-01-29,,16:00:00,,,,,,nyse,2026-08-08T04:28:25,,,
WFG,WFG,2021-02-01,03:58:12,,T1,News pending,West Fraser Timber Co. Ltd,NYSE,2021-02-01,,09:41:06,,,,,,nyse,2026-08-08T04:28:25,,,
DCOMP,DCOMP,2021-02-01,04:00:00,,T1,News pending,"Dime Community Bancshares, Inc. Fixed-Rate Non-Cumulative Perpetual Preferred Stock, Series A",Nasdaq,2021-02-01,,15:40:04,,,,,,nyse,2026-08-08T04:28:25,,,
CNCE,CNCE,2021-02-01,06:56:18,,T1,News pending,"Concert Pharmaceuticals, Inc.",Nasdaq,2021-02-01,,07:30:00,,,,,,nyse,2026-08-08T04:28:25,,,
THCB,THCB,2021-02-01,06:56:18,,T1,News pending,Tuscan Holdings Corp. Common Stock,Nasdaq,2021-02-01,,07:30:00,,,,,,nyse,2026-08-08T04:28:25,,,
THCBU,THCBU,2021-02-01,06:56:18,,T1,News pending,Tuscan Holdings Corp. Unit,Nasdaq,2021-02-01,,07:30:00,,,,,,nyse,2026-08-08T04:28:25,,,
THCBW,THCBW,2021-02-01,06:56:18,,T1,News pending,Tuscan Holdings Corp. Warrant,Nasdaq,2021-02-01,,07:30:00,,,,,,nyse,2026-08-08T04:28:25,,,
VIE,VIE,2021-02-01,07:00:17,,T1,News pending,"Viela Bio, Inc. Common Stock",Nasdaq,2021-02-01,,07:30:00,,,,,,nyse,2026-08-08T04:28:25,,,
LACQ,LACQ,2021-02-01,07:56:34,,T1,News pending,Leisure Acquisition Corp.,Nasdaq,2021-02-01,,08:30:00,,,,,,nyse,2026-08-08T04:28:25,,,
LACQU,LACQU,2021-02-01,07:56:34,,T1,News pending,Leisure Acquisition Corp. Unit,Nasdaq,2021-02-01,,08:30:00,,,,,,nyse,2026-08-08T04:28:25,,,
LACQW,LACQW,2021-02-01,07:56:34,,T1,News pending,Leisure Acquisition Corp. Warrant,Nasdaq,2021-02-01,,08:30:00,,,,,,nyse,2026-08-08T04:28:25,,,
OSB,OSB,2021-02-01,08:36:36,,UNKNOWN,News dissemination,Norbord Inc.,NYSE,,,,,,,,,nyse,2026-08-08T04:28:25,no_reanudo,,
WSO.B,WSO B,2021-02-01,09:30:34,,LUDP,LULD pause,"Watsco, Inc. Class B",NYSE,2021-02-01,,09:35:34,,,,,,nyse,2026-08-08T04:28:25,,,
KOSS,KOSS,2021-02-01,09:32:04,,LUDP,LULD pause,Koss Corp,Nasdaq,2021-02-01,,09:42:04,,,,,,nyse,2026-08-08T04:28:25,,,
HMCO,HMCO,2021-02-01,09:35:04,,LUDP,LULD pause,HumanCo Acquisition Corp. Class A Common Stock,Nasdaq,2021-02-01,,09:40:04,,,,,,nyse,2026-08-08T04:28:25,,,
GATO,GATO,2021-02-01,09:37:59,,LUDP,LULD pause,"Gatos Silver, Inc.",NYSE,2021-02-01,,09:43:09,,,,,,nyse,2026-08-08T04:28:25,,,
NEBC,NEBC,2021-02-01,09:38:03,,LUDP,LULD pause,Nebula Caravel Acquisition Corp. Class A Common Stock,Nasdaq,2021-02-01,,09:43:03,,,,,,nyse,2026-08-08T04:28:25,,,
HMCO,HMCO,2021-02-01,09:40:22,,LUDP,LULD pause,HumanCo Acquisition Corp. Class A Common Stock,Nasdaq,2021-02-01,,09:45:22,,,,,,nyse,2026-08-08T04:28:25,,,
KOSS,KOSS,2021-02-01,09:44:21,,LUDP,LULD pause,Koss Corp,Nasdaq,2021-02-01,,09:49:21,,,,,,nyse,2026-08-08T04:28:25,,,
HMCO,HMCO,2021-02-01,09:45:37,,LUDP,LULD pause,HumanCo Acquisition Corp. Class A Common Stock,Nasdaq,2021-02-01,,09:56:23,,,,,,nyse,2026-08-08T04:28:25,,,
HMCO,HMCO,2021-02-01,09:56:38,,LUDP,LULD pause,HumanCo Acquisition Corp. Class A Common Stock,Nasdaq,2021-02-01,,10:11:39,,,,,,nyse,2026-08-08T04:28:25,,,
CGNTV,CGNTV,2021-02-01,10:06:46,,LUDP,LULD pause,Cognyte Software Ltd. Ordinary Shares When-Issued,Nasdaq,2021-02-01,,10:11:46,,,,,,nyse,2026-08-08T04:28:25,,,
CVLB,CVLB,2021-02-01,10:18:14,,LUDP,LULD pause,"Conversion Labs, Inc. Common",Nasdaq,2021-02-01,,10:23:14,,,,,,nyse,2026-08-08T04:28:25,,,
QH,QH,2021-02-01,10:21:57,,LUDP,LULD pause,Quhuo Limited American Depository Shares,Nasdaq,2021-02-01,,10:26:57,,,,,,nyse,2026-08-08T04:28:25,,,
GME,GME,2021-02-01,10:27:19,,LUDP,LULD pause,GameStop Corp. Class A,NYSE,2021-02-01,,10:32:22,,,,,,nyse,2026-08-08T04:28:25,,,
CTAQ,CTAQ,2021-02-01,10:46:42,,LUDP,LULD pause,Carney Technology Acquisition Corp. II Class A Common Stock,Nasdaq,2021-02-01,,10:56:42,,,,,,nyse,2026-08-08T04:28:25,,,
IMTE,IMTE,2021-02-01,10:53:57,,LUDP,LULD pause,Integrated Media Technology Limited Ordinary Shares,Nasdaq,2021-02-01,,10:58:57,,,,,,nyse,2026-08-08T04:28:25,,,
QLI,QLI,2021-02-01,10:58:19,,LUDP,LULD pause,Qilian International Holding Group Ltd. Ordinary Shares,Nasdaq,2021-02-01,,11:03:19,,,,,,nyse,2026-08-08T04:28:25,,,
YGMZ,YGMZ,2021-02-01,10:58:22,,LUDP,LULD pause,MingZhu Logistics Holdings Limited Ordinary Shares,Nasdaq,2021-02-01,,11:08:23,,,,,,nyse,2026-08-08T04:28:25,,,
EZGO,EZGO,2021-02-01,11:05:01,,LUDP,LULD pause,EZGO Technologies Ltd. Ordinary Shares,Nasdaq,2021-02-01,,11:10:01,,,,,,nyse,2026-08-08T04:28:25,,,
CTAQ,CTAQ,2021-02-01,11:12:33,,LUDP,LULD pause,Carney Technology Acquisition Corp. II Class A Common Stock,Nasdaq,2021-02-01,,11:27:34,,,,,,nyse,2026-08-08T04:28:25,,,
CGNTV,CGNTV,2021-02-01,11:25:11,,LUDP,LULD pause,Cognyte Software Ltd. Ordinary Shares When-Issued,Nasdaq,2021-02-01,,11:30:11,,,,,,nyse,2026-08-08T04:28:25,,,
CGNTV,CGNTV,2021-02-01,11:30:29,,LUDP,LULD pause,Cognyte Software Ltd. Ordinary Shares When-Issued,Nasdaq,2021-02-01,,11:35:29,,,,,,nyse,2026-08-08T04:28:25,,,
CGNTV,CGNTV,2021-02-01,11:35:46,,LUDP,LULD pause,Cognyte Software Ltd. Ordinary Shares When-Issued,Nasdaq,2021-02-01,,11:40:46,,,,,,nyse,2026-08-08T04:28:25,,,
INAQU,INAQU,2021-02-01,11:39:27,,LUDP,LULD pause,INSU Acquisition Corp. II Unit,Nasdaq,2021-02-01,,11:44:27,,,,,,nyse,2026-08-08T04:28:25,,,
CGNTV,CGNTV,2021-02-01,11:41:04,,LUDP,LULD pause,Cognyte Software Ltd. Ordinary Shares When-Issued,Nasdaq,2021-02-01,,11:46:04,,,,,,nyse,2026-08-08T04:28:25,,,
CGNTV,CGNTV,2021-02-01,11:46:22,,LUDP,LULD pause,Cognyte Software Ltd. Ordinary Shares When-Issued,Nasdaq,2021-02-01,,11:51:22,,,,,,nyse,2026-08-08T04:28:25,,,
CGNTV,CGNTV,2021-02-01,11:51:39,,LUDP,LULD pause,Cognyte Software Ltd. Ordinary Shares When-Issued,Nasdaq,2021-02-01,,11:56:39,,,,,,nyse,2026-08-08T04:28:25,,,
CGNTV,CGNTV,2021-02-01,11:56:57,,LUDP,LULD pause,Cognyte Software Ltd. Ordinary Shares When-Issued,Nasdaq,2021-02-01,,12:01:57,,,,,,nyse,2026-08-08T04:28:25,,,
CGNTV,CGNTV,2021-02-01,12:02:14,,LUDP,LULD pause,Cognyte Software Ltd. Ordinary Shares When-Issued,Nasdaq,2021-02-01,,12:07:14,,,,,,nyse,2026-08-08T04:28:25,,,
CGNTV,CGNTV,2021-02-01,12:07:32,,LUDP,LULD pause,Cognyte Software Ltd. Ordinary Shares When-Issued,Nasdaq,2021-02-01,,12:12:32,,,,,,nyse,2026-08-08T04:28:25,,,
CGNTV,CGNTV,2021-02-01,12:12:50,,LUDP,LULD pause,Cognyte Software Ltd. Ordinary Shares When-Issued,Nasdaq,2021-02-01,,12:17:50,,,,,,nyse,2026-08-08T04:28:25,,,
RMGB,RMGB,2021-02-01,12:14:43,,LUDP,LULD pause,RMG Acquisition Corp. II Class A Ordinary Shares,Nasdaq,2021-02-01,,12:29:44,,,,,,nyse,2026-08-08T04:28:25,,,
CGNTV,CGNTV,2021-02-01,12:18:08,,LUDP,LULD pause,Cognyte Software Ltd. Ordinary Shares When-Issued,Nasdaq,2021-02-01,,12:28:09,,,,,,nyse,2026-08-08T04:28:25,,,
CGNTV,CGNTV,2021-02-01,12:28:27,,LUDP,LULD pause,Cognyte Software Ltd. Ordinary Shares When-Issued,Nasdaq,2021-02-01,,12:33:27,,,,,,nyse,2026-08-08T04:28:25,,,
RMGB,RMGB,2021-02-01,12:32:49,,LUDP,LULD pause,RMG Acquisition Corp. II Class A Ordinary Shares,Nasdaq,2021-02-01,,12:37:49,,,,,,nyse,2026-08-08T04:28:25,,,
CGNTV,CGNTV,2021-02-01,12:33:43,,LUDP,LULD pause,Cognyte Software Ltd. Ordinary Shares When-Issued,Nasdaq,2021-02-01,,12:38:43,,,,,,nyse,2026-08-08T04:28:25,,,
HVT.A,HVT A,2021-02-01,12:38:15,,LUDP,LULD pause,"Haverty Furniture Companies, Inc. Class A",NYSE,2021-02-01,,12:45:30,,,,,,nyse,2026-08-08T04:28:25,,,
ADMS,ADMS,2021-02-01,13:00:14,,T1,News pending,"Adamas Pharmaceuticals, Inc.",Nasdaq,2021-02-01,,14:35:00,,,,,,nyse,2026-08-08T04:28:25,,,
HALL,HALL,2021-02-01,14:28:44,,LUDP,LULD pause,"Hallmark Financial Services, Inc.",Nasdaq,2021-02-01,,14:53:36,,,,,,nyse,2026-08-08T04:28:25,,,
ADMS,ADMS,2021-02-01,14:36:31,,LUDP,LULD pause,"Adamas Pharmaceuticals, Inc.",Nasdaq,2021-02-01,,14:41:31,,,,,,nyse,2026-08-08T04:28:25,,,
CGNTV,CGNTV,2021-02-01,14:37:12,,LUDP,LULD pause,Cognyte Software Ltd. Ordinary Shares When-Issued,Nasdaq,2021-02-01,,14:47:13,,,,,,nyse,2026-08-08T04:28:25,,,
HALL,HALL,2021-02-01,14:54:06,,LUDP,LULD pause,"Hallmark Financial Services, Inc.",Nasdaq,2021-02-01,,14:59:06,,,,,,nyse,2026-08-08T04:28:25,,,
RMED,RMED,2021-02-01,15:08:21,,LUDP,LULD pause,"Ra Medical Systems, Inc",NYSE American,2021-02-01,,15:13:21,,,,,,nyse,2026-08-08T04:28:25,,,
MCACU,MCACU,2021-02-01,15:15:37,,LUDP,LULD pause,Mountain Crest Acquisition Corp Unit,Nasdaq,2021-02-01,,15:20:37,,,,,,nyse,2026-08-08T04:28:25,,,
APPH,APPH,2021-02-01,15:37:46,,LUDP,LULD pause,"AppHarvest, Inc. Common Stock",Nasdaq,2021-02-01,,16:00:00,,,,,,nyse,2026-08-08T04:28:25,,,
LACQU,LACQU,2021-02-01,15:53:57,,LUDP,LULD pause,Leisure Acquisition Corp. Unit,Nasdaq,2021-02-01,,16:04:45,,,,,,nyse,2026-08-08T04:28:25,,,
PRTA,PRTA,2021-02-01,16:10:03,,T1,News pending,Prothena Corporation plc Ordinary Shares,Nasdaq,2021-02-01,,16:45:00,,,,,,nyse,2026-08-08T04:28:25,,,
CUEN,CUEN,2021-02-02,03:58:00,,T1,News pending,Cuentas Inc. Common Stock,Nasdaq,2021-02-02,,10:55:00,,,,,,nyse,2026-08-08T04:28:25,,,
CUENW,CUENW,2021-02-02,04:00:00,,T1,News pending,"Cuentas, Inc. Warrant",Nasdaq,2021-02-02,,11:01:25,,,,,,nyse,2026-08-08T04:28:25,,,
PSTI,PSTI,2021-02-02,04:00:03,,T1,News pending,"Pluristem Therapeutics, Inc.",Nasdaq,2021-02-02,,09:15:00,,,,,,nyse,2026-08-08T04:28:25,,,
SAVA,SAVA,2021-02-02,08:25:04,,T1,News pending,"Cassava Sciences, Inc.",Nasdaq,2021-02-02,,09:00:00,,,,,,nyse,2026-08-08T04:28:25,,,
GME,GME,2021-02-02,09:35:11,,LUDP,LULD pause,GameStop Corp. Class A,NYSE,2021-02-02,,09:40:13,,,,,,nyse,2026-08-08T04:28:25,,,
KOSS,KOSS,2021-02-02,09:35:36,,LUDP,LULD pause,Koss Corp,Nasdaq,2021-02-02,,09:40:36,,,,,,nyse,2026-08-08T04:28:25,,,
SAVA,SAVA,2021-02-02,09:36:38,,LUDP,LULD pause,"Cassava Sciences, Inc.",Nasdaq,2021-02-02,,09:41:38,,,,,,nyse,2026-08-08T04:28:25,,,
SAVA,SAVA,2021-02-02,09:50:25,,LUDP,LULD pause,"Cassava Sciences, Inc.",Nasdaq,2021-02-02,,09:55:25,,,,,,nyse,2026-08-08T04:28:25,,,
OCGN,OCGN,2021-02-02,09:59:16,,LUDP,LULD pause,"Ocugen, Inc. Common Stock",Nasdaq,2021-02-02,,10:04:16,,,,,,nyse,2026-08-08T04:28:25,,,
HVT.A,HVT A,2021-02-02,10:12:40,,LUDP,LULD pause,"Haverty Furniture Companies, Inc. Class A",NYSE,2021-02-02,,10:26:00,,,,,,nyse,2026-08-08T04:28:25,,,
GME,GME,2021-02-02,11:18:24,,LUDP,LULD pause,GameStop Corp. Class A,NYSE,2021-02-02,,11:23:33,,,,,,nyse,2026-08-08T04:28:25,,,
GME,GME,2021-02-02,11:27:39,,LUDP,LULD pause,GameStop Corp. Class A,NYSE,2021-02-02,,11:32:42,,,,,,nyse,2026-08-08T04:28:25,,,
KOSS,KOSS,2021-02-02,11:30:09,,LUDP,LULD pause,Koss Corp,Nasdaq,2021-02-02,,11:35:09,,,,,,nyse,2026-08-08T04:28:25,,,
GME,GME,2021-02-02,11:35:08,,LUDP,LULD pause,GameStop Corp. Class A,NYSE,2021-02-02,,11:42:56,,,,,,nyse,2026-08-08T04:28:25,,,
GME,GME,2021-02-02,11:56:45,,LUDP,LULD pause,GameStop Corp. Class A,NYSE,2021-02-02,,12:01:52,,,,,,nyse,2026-08-08T04:28:25,,,
PLRX,PLRX,2021-02-02,14:30:53,,LUDP,LULD pause,"Pliant Therapeutics, Inc. Common Stock",Nasdaq,2021-02-02,,14:40:53,,,,,,nyse,2026-08-08T04:28:25,,,
HDSN,HDSN,2021-02-02,15:29:30,,LUDP,LULD pause,Hudson Technologies Inc,Nasdaq,2021-02-02,,15:34:30,,,,,,nyse,2026-08-08T04:28:25,,,
BRPAU,BRPAU,2021-02-02,15:35:48,,LUDP,LULD pause,Big Rock Partners Acquisition Corp. Unit,Nasdaq,2021-02-02,,15:40:48,,,,,,nyse,2026-08-08T04:28:25,,,
VCVC,VCVC,2021-02-03,06:55:15,,T1,News pending,10X Capital Venture Acquisition Corp Class A Common Stock,Nasdaq,2021-02-03,,07:30:00,,,,,,nyse,2026-08-08T04:28:25,,,
VCVCU,VCVCU,2021-02-03,06:55:15,,T1,News pending,10X Capital Venture Acquisition Corp Unit,Nasdaq,2021-02-03,,07:30:00,,,,,,nyse,2026-08-08T04:28:25,,,
VCVCW,VCVCW,2021-02-03,06:55:15,,T1,News pending,10X Capital Venture Acquisition Corp Warrant,Nasdaq,2021-02-03,,07:30:00,,,,,,nyse,2026-08-08T04:28:25,,,
GWPH,GWPH,2021-02-03,07:25:04,,T1,News pending,GW Pharmaceuticals Plc American Depositary Shares,Nasdaq,2021-02-03,,08:00:00,,,,,,nyse,2026-08-08T04:28:25,,,
FTOC,FTOC,2021-02-03,08:00:07,,T1,News pending,FTAC Olympus Acquisition Corp. Class A Ordinary Shares,Nasdaq,2021-02-03,,08:30:00,,,,,,nyse,2026-08-08T04:28:25,,,
FTOCU,FTOCU,2021-02-03,08:00:07,,T1,News pending,FTAC Olympus Acquisition Corp. Unit,Nasdaq,2021-02-03,,08:30:00,,,,,,nyse,2026-08-08T04:28:25,,,
FTOCW,FTOCW,2021-02-03,08:00:07,,T1,News pending,FTAC Olympus Acquisition Corp. Warrant,Nasdaq,2021-02-03,,08:30:00,,,,,,nyse,2026-08-08T04:28:25,,,
SINO,SINO,2021-02-03,09:32:17,,LUDP,LULD pause,"Sino-Global Shipping America, Ltd",Nasdaq,2021-02-03,,09:37:17,,,,,,nyse,2026-08-08T04:28:25,,,
VXRT,VXRT,2021-02-03,09:34:14,,LUDP,LULD pause,"Vaxart, Inc Common Stock",Nasdaq,2021-02-03,,09:39:14,,,,,,nyse,2026-08-08T04:28:25,,,
ANDAU,ANDAU,2021-02-03,09:38:39,,LUDP,LULD pause,Andina Acquisition Corp. III Unit,Nasdaq,2021-02-03,,10:03:40,,,,,,nyse,2026-08-08T04:28:25,,,
SINO,SINO,2021-02-03,09:42:34,,LUDP,LULD pause,"Sino-Global Shipping America, Ltd",Nasdaq,2021-02-03,,09:47:34,,,,,,nyse,2026-08-08T04:28:25,,,
CPSH,CPSH,2021-02-03,09:43:08,,LUDP,LULD pause,CPS Technologies Corp. Common Stock,Nasdaq,2021-02-03,,09:48:08,,,,,,nyse,2026-08-08T04:28:25,,,
ZKIN,ZKIN,2021-02-03,10:03:20,,LUDP,LULD pause,"ZK International Group Co., Ltd Ordinary Share",Nasdaq,2021-02-03,,10:13:20,,,,,,nyse,2026-08-08T04:28:25,,,
SINO,SINO,2021-02-03,10:13:47,,LUDP,LULD pause,"Sino-Global Shipping America, Ltd",Nasdaq,2021-02-03,,10:18:47,,,,,,nyse,2026-08-08T04:28:25,,,
ZKIN,ZKIN,2021-02-03,10:13:50,,LUDP,LULD pause,"ZK International Group Co., Ltd Ordinary Share",Nasdaq,2021-02-03,,10:18:50,,,,,,nyse,2026-08-08T04:28:25,,,
INM,INM,2021-02-03,10:14:43,,LUDP,LULD pause,InMed Pharmaceuticals Inc. Common Shares,Nasdaq,2021-02-03,,10:19:43,,,,,,nyse,2026-08-08T04:28:25,,,
ZKIN,ZKIN,2021-02-03,10:23:33,,LUDP,LULD pause,"ZK International Group Co., Ltd Ordinary Share",Nasdaq,2021-02-03,,10:28:33,,,,,,nyse,2026-08-08T04:28:25,,,
ANDAU,ANDAU,2021-02-03,10:24:16,,LUDP,LULD pause,Andina Acquisition Corp. III Unit,Nasdaq,2021-02-03,,10:29:16,,,,,,nyse,2026-08-08T04:28:25,,,
AVXL,AVXL,2021-02-03,10:33:05,,LUDP,LULD pause,Anavex Life Sciences,Nasdaq,2021-02-03,,10:38:05,,,,,,nyse,2026-08-08T04:28:25,,,
THCAU,THCAU,2021-02-03,10:49:37,,LUDP,LULD pause,Tuscan Holdings Corp. II Unit,Nasdaq,2021-02-03,,10:54:37,,,,,,nyse,2026-08-08T04:28:25,,,
CCIV,CCIV,2021-02-03,11:03:54,,LUDP,LULD pause,Churchill Capital Corp IV,NYSE,2021-02-03,,11:09:33,,,,,,nyse,2026-08-08T04:28:25,,,
ANDAU,ANDAU,2021-02-03,11:25:09,,LUDP,LULD pause,Andina Acquisition Corp. III Unit,Nasdaq,2021-02-03,,11:30:09,,,,,,nyse,2026-08-08T04:28:25,,,
LRMR,LRMR,2021-02-03,13:56:38,,LUDP,LULD pause,"Larimar Therapeutics, Inc. Common Stock",Nasdaq,2021-02-03,,14:01:38,,,,,,nyse,2026-08-08T04:28:25,,,
CLNN,CLNN,2021-02-03,14:01:23,,LUDP,LULD pause,Clene Inc. Common Stock,Nasdaq,2021-02-03,,14:06:23,,,,,,nyse,2026-08-08T04:28:25,,,
KODK,KODK,2021-02-03,14:14:42,,LUDP,LULD pause,EASTMAN KODAK COMPANY,NYSE,2021-02-03,,14:19:44,,,,,,nyse,2026-08-08T04:28:25,,,
CLCT,CLCT,2021-02-03,19:51:39,,T1,News pending,Collectors Universe,Nasdaq,2021-02-04,,09:50:00,,,,,,nyse,2026-08-08T04:28:25,,,
CYTH,CYTH,2021-02-04,09:35:50,,LUDP,LULD pause,"Cyclo Therapeutics, Inc. Common Stock",Nasdaq,2021-02-04,,09:45:50,,,,,,nyse,2026-08-08T04:28:25,,,
WAFU,WAFU,2021-02-04,09:37:07,,LUDP,LULD pause,Wah Fu Education Group Limited Ordinary Shares,Nasdaq,2021-02-04,,09:47:07,,,,,,nyse,2026-08-08T04:28:25,,,
AVXL,AVXL,2021-02-04,09:40:10,,LUDP,LULD pause,Anavex Life Sciences,Nasdaq,2021-02-04,,09:45:10,,,,,,nyse,2026-08-08T04:28:25,,,
CPSH,CPSH,2021-02-04,09:40:20,,LUDP,LULD pause,CPS Technologies Corp. Common Stock,Nasdaq,2021-02-04,,09:45:20,,,,,,nyse,2026-08-08T04:28:25,,,
CPSH,CPSH,2021-02-04,09:46:44,,LUDP,LULD pause,CPS Technologies Corp. Common Stock,Nasdaq,2021-02-04,,09:51:44,,,,,,nyse,2026-08-08T04:28:25,,,
AVXL,AVXL,2021-02-04,09:46:58,,LUDP,LULD pause,Anavex Life Sciences,Nasdaq,2021-02-04,,09:51:58,,,,,,nyse,2026-08-08T04:28:25,,,
CPSH,CPSH,2021-02-04,09:53:11,,LUDP,LULD pause,CPS Technologies Corp. Common Stock,Nasdaq,2021-02-04,,09:58:11,,,,,,nyse,2026-08-08T04:28:25,,,
CPSH,CPSH,2021-02-04,09:58:38,,LUDP,LULD pause,CPS Technologies Corp. Common Stock,Nasdaq,2021-02-04,,10:08:38,,,,,,nyse,2026-08-08T04:28:25,,,
MRAC,MRAC,2021-02-04,10:03:21,,LUDP,LULD pause,Marquee Raine Acquisition Corp. Class A Ordinary Shares,Nasdaq,2021-02-04,,10:08:21,,,,,,nyse,2026-08-08T04:28:25,,,
CPSH,CPSH,2021-02-04,10:12:01,,LUDP,LULD pause,CPS Technologies Corp. Common Stock,Nasdaq,2021-02-04,,10:17:01,,,,,,nyse,2026-08-08T04:28:25,,,
ANVS,ANVS,2021-02-04,10:13:28,,LUDP,LULD pause,"Annovis Bio, Inc.",NYSE American,2021-02-04,,10:18:28,,,,,,nyse,2026-08-08T04:28:25,,,
PTPI,PTPI,2021-02-04,10:13:51,,LUDP,LULD pause,"Petros Pharmaceuticals, Inc. Common Stock",Nasdaq,2021-02-04,,10:18:51,,,,,,nyse,2026-08-08T04:28:25,,,
TIRX,TIRX,2021-02-04,10:17:03,,LUDP,LULD pause,TIAN RUIXIANG Holdings Ltd Class A Ordinary Shares,Nasdaq,2021-02-04,,10:22:03,,,,,,nyse,2026-08-08T04:28:25,,,
CPSH,CPSH,2021-02-04,10:19:25,,LUDP,LULD pause,CPS Technologies Corp. Common Stock,Nasdaq,2021-02-04,,10:24:25,,,,,,nyse,2026-08-08T04:28:25,,,
NBACU,NBACU,2021-02-04,10:21:30,,LUDP,LULD pause,Newborn Acquisition Corp. Unit,Nasdaq,2021-02-04,,10:26:30,,,,,,nyse,2026-08-08T04:28:25,,,
ANDAU,ANDAU,2021-02-04,10:52:43,,LUDP,LULD pause,Andina Acquisition Corp. III Unit,Nasdaq,2021-02-04,,10:57:43,,,,,,nyse,2026-08-08T04:28:25,,,
ACIU,ACIU,2021-02-04,10:56:34,,LUDP,LULD pause,AC Immune SA,Nasdaq,2021-02-04,,11:01:34,,,,,,nyse,2026-08-08T04:28:25,,,
JWN,JWN,2021-02-04,11:25:10,,T1,News pending,"Nordstrom, Inc.",NYSE,2021-02-04,,11:43:40,,,,,,nyse,2026-08-08T04:28:25,,,
NAV.PRD,NAV PRD,2021-02-04,15:13:07,,LUDP,LULD pause,"Navistar International Corporation Cumulative Convertible Junior Preference Stock, Series D",NYSE,2021-02-04,,15:18:10,,,,,,nyse,2026-08-08T04:28:25,,,
FMAC,FMAC,2021-02-04,15:54:27,,LUDP,LULD pause,FirstMark Horizon Acquisition Corp.,NYSE,2021-02-04,,16:00:08,,,,,,nyse,2026-08-08T04:28:25,,,
FMAC.U,FMAC U,2021-02-04,15:54:30,,LUDP,LULD pause,"FirstMark Horizon Acquisition Corp. Units, each consisting of one share of Class A common stock and",NYSE,2021-02-04,,16:00:02,,,,,,nyse,2026-08-08T04:28:25,,,
SPRO,SPRO,2021-02-05,07:55:02,,T1,News pending,"Spero Therapeutics, Inc. Common Stock",Nasdaq,2021-02-05,,08:30:00,,,,,,nyse,2026-08-08T04:28:25,,,
INM,INM,2021-02-05,09:29:11,,T1,News pending,InMed Pharmaceuticals Inc. Common Shares,Nasdaq,2021-02-05,,10:05:00,,,,,,nyse,2026-08-08T04:28:25,,,
RMCF,RMCF,2021-02-05,09:31:47,,LUDP,LULD pause,"Rocky Mountain Chocolate Factory, Inc. Common Stock",Nasdaq,2021-02-05,,09:47:28,,,,,,nyse,2026-08-08T04:28:25,,,
WSO.B,WSO B,2021-02-05,09:33:21,,LUDP,LULD pause,"Watsco, Inc. Class B",NYSE,2021-02-05,,09:43:53,,,,,,nyse,2026-08-08T04:28:25,,,
KRKR,KRKR,2021-02-05,09:33:23,,LUDP,LULD pause,36Kr Holdings Inc. American Depositary Shares,Nasdaq,2021-02-05,,09:38:23,,,,,,nyse,2026-08-08T04:28:25,,,
LIZI,LIZI,2021-02-05,09:34:03,,LUDP,LULD pause,LIZHI INC. American Depositary Shares,Nasdaq,2021-02-05,,09:39:03,,,,,,nyse,2026-08-08T04:28:25,,,
JG,JG,2021-02-05,09:36:42,,LUDP,LULD pause,Aurora Mobile Limited American Depositary Shares,Nasdaq,2021-02-05,,09:41:42,,,,,,nyse,2026-08-08T04:28:25,,,
AREC,AREC,2021-02-05,09:38:36,,LUDP,LULD pause,AMERICAN RESOURCES CORP,Nasdaq,2021-02-05,,09:43:36,,,,,,nyse,2026-08-08T04:28:25,,,
ANVS,ANVS,2021-02-05,09:39:13,,LUDP,LULD pause,"Annovis Bio, Inc.",NYSE American,2021-02-05,,09:44:13,,,,,,nyse,2026-08-08T04:28:25,,,
KRKR,KRKR,2021-02-05,09:40:32,,LUDP,LULD pause,36Kr Holdings Inc. American Depositary Shares,Nasdaq,2021-02-05,,09:50:32,,,,,,nyse,2026-08-08T04:28:25,,,
CCV,CCV,2021-02-05,09:42:30,,LUDP,LULD pause,Churchill Capital Corp V,NYSE,2021-02-05,,09:49:56,,,,,,nyse,2026-08-08T04:28:25,,,
EDTK,EDTK,2021-02-05,09:43:25,,LUDP,LULD pause,Skillful Craftsman Education Technology Limited Ordinary Share,Nasdaq,2021-02-05,,09:48:25,,,,,,nyse,2026-08-08T04:28:25,,,
XDIV,XDIV,2021-02-05,09:43:44,,T1,News pending,U.S. Equity Ex-Dividends Fund - Series 2027,NYSE Arca,2021-02-05,,13:40:00,,,,,,nyse,2026-08-08T04:28:25,,,
LIZI,LIZI,2021-02-05,09:44:01,,LUDP,LULD pause,LIZHI INC. American Depositary Shares,Nasdaq,2021-02-05,,09:49:01,,,,,,nyse,2026-08-08T04:28:25,,,
IDIV,IDIV,2021-02-05,09:44:11,,T1,News pending,U.S. Equity Cumulative Dividends Fund - Series 2027,NYSE Arca,2021-02-05,,13:40:00,,,,,,nyse,2026-08-08T04:28:25,,,
RMCF,RMCF,2021-02-05,09:48:52,,LUDP,LULD pause,"Rocky Mountain Chocolate Factory, Inc. Common Stock",Nasdaq,2021-02-05,,09:53:52,,,,,,nyse,2026-08-08T04:28:25,,,
AAME,AAME,2021-02-05,09:49:20,,LUDP,LULD pause,Atlantic American Corp,Nasdaq,2021-02-05,,09:54:20,,,,,,nyse,2026-08-08T04:28:25,,,
CCV,CCV,2021-02-05,09:50:51,,LUDP,LULD pause,Churchill Capital Corp V,NYSE,2021-02-05,,09:55:55,,,,,,nyse,2026-08-08T04:28:25,,,
AACG,AACG,2021-02-05,09:52:15,,LUDP,LULD pause,ATA Creativity Global American Depositary Shares,Nasdaq,2021-02-05,,09:57:15,,,,,,nyse,2026-08-08T04:28:25,,,
GME,GME,2021-02-05,09:53:45,,LUDP,LULD pause,GameStop Corp. Class A,NYSE,2021-02-05,,09:58:50,,,,,,nyse,2026-08-08T04:28:25,,,
KRKR,KRKR,2021-02-05,09:56:24,,LUDP,LULD pause,36Kr Holdings Inc. American Depositary Shares,Nasdaq,2021-02-05,,10:01:24,,,,,,nyse,2026-08-08T04:28:25,,,
GME,GME,2021-02-05,10:00:06,,LUDP,LULD pause,GameStop Corp. Class A,NYSE,2021-02-05,,10:05:07,,,,,,nyse,2026-08-08T04:28:25,,,
KRKR,KRKR,2021-02-05,10:02:05,,LUDP,LULD pause,36Kr Holdings Inc. American Depositary Shares,Nasdaq,2021-02-05,,10:12:05,,,,,,nyse,2026-08-08T04:28:25,,,
CNEY,CNEY,2021-02-05,10:07:04,,LUDP,LULD pause,CN Energy Group Inc. Ordinary Shares,Nasdaq,2021-02-05,,10:12:04,,,,,,nyse,2026-08-08T04:28:25,,,
GME,GME,2021-02-05,10:07:06,,LUDP,LULD pause,GameStop Corp. Class A,NYSE,2021-02-05,,10:12:09,,,,,,nyse,2026-08-08T04:28:25,,,
TSRI,TSRI,2021-02-05,10:12:20,,LUDP,LULD pause,TSR Inc. New,Nasdaq,2021-02-05,,10:22:36,,,,,,nyse,2026-08-08T04:28:25,,,
CNEY,CNEY,2021-02-05,10:12:32,,LUDP,LULD pause,CN Energy Group Inc. Ordinary Shares,Nasdaq,2021-02-05,,10:22:33,,,,,,nyse,2026-08-08T04:28:25,,,
AAME,AAME,2021-02-05,10:16:20,,LUDP,LULD pause,Atlantic American Corp,Nasdaq,2021-02-05,,10:21:20,,,,,,nyse,2026-08-08T04:28:25,,,
AACG,AACG,2021-02-05,10:16:45,,LUDP,LULD pause,ATA Creativity Global American Depositary Shares,Nasdaq,2021-02-05,,10:21:45,,,,,,nyse,2026-08-08T04:28:25,,,
TSRI,TSRI,2021-02-05,10:23:14,,LUDP,LULD pause,TSR Inc. New,Nasdaq,2021-02-05,,10:28:14,,,,,,nyse,2026-08-08T04:28:25,,,
TSRI,TSRI,2021-02-05,10:28:34,,LUDP,LULD pause,TSR Inc. New,Nasdaq,2021-02-05,,10:33:34,,,,,,nyse,2026-08-08T04:28:25,,,
TSRI,TSRI,2021-02-05,10:33:52,,LUDP,LULD pause,TSR Inc. New,Nasdaq,2021-02-05,,10:38:52,,,,,,nyse,2026-08-08T04:28:25,,,
HIHO,HIHO,2021-02-05,10:40:45,,LUDP,LULD pause,Highway Holdings Ltd,Nasdaq,2021-02-05,,10:45:45,,,,,,nyse,2026-08-08T04:28:25,,,
BSQR,BSQR,2021-02-05,10:41:39,,LUDP,LULD pause,BSQUARE Corporation,Nasdaq,2021-02-05,,10:46:39,,,,,,nyse,2026-08-08T04:28:25,,,
TSRI,TSRI,2021-02-05,10:45:16,,LUDP,LULD pause,TSR Inc. New,Nasdaq,2021-02-05,,10:50:16,,,,,,nyse,2026-08-08T04:28:25,,,
RMCF,RMCF,2021-02-05,10:50:52,,LUDP,LULD pause,"Rocky Mountain Chocolate Factory, Inc. Common Stock",Nasdaq,2021-02-05,,10:55:52,,,,,,nyse,2026-08-08T04:28:25,,,
CNEY,CNEY,2021-02-05,10:55:32,,LUDP,LULD pause,CN Energy Group Inc. Ordinary Shares,Nasdaq,2021-02-05,,11:00:32,,,,,,nyse,2026-08-08T04:28:25,,,
VOR,VOR,2021-02-05,11:23:13,,LUDP,LULD pause,Vor Biopharma Inc. Common Stock,Nasdaq,2021-02-05,,11:28:13,,,,,,nyse,2026-08-08T04:28:25,,,
CARV,CARV,2021-02-05,11:30:26,,LUDP,LULD pause,"Carver Bancorp, Inc.",Nasdaq,2021-02-05,,11:35:26,,,,,,nyse,2026-08-08T04:28:25,,,
VOR,VOR,2021-02-05,11:33:30,,LUDP,LULD pause,Vor Biopharma Inc. Common Stock,Nasdaq,2021-02-05,,11:38:30,,,,,,nyse,2026-08-08T04:28:25,,,
ROCHU,ROCHU,2021-02-05,11:48:12,,LUDP,LULD pause,Roth CH Acquisition I Co. Unit,Nasdaq,2021-02-05,,11:53:12,,,,,,nyse,2026-08-08T04:28:25,,,
UNAM,UNAM,2021-02-05,12:03:03,,LUDP,LULD pause,Unico American Corp,Nasdaq,2021-02-05,,12:08:03,,,,,,nyse,2026-08-08T04:28:25,,,
VOR,VOR,2021-02-05,12:04:20,,LUDP,LULD pause,Vor Biopharma Inc. Common Stock,Nasdaq,2021-02-05,,12:09:20,,,,,,nyse,2026-08-08T04:28:25,,,
SPRO,SPRO,2021-02-05,12:21:05,,LUDP,LULD pause,"Spero Therapeutics, Inc. Common Stock",Nasdaq,2021-02-05,,12:26:05,,,,,,nyse,2026-08-08T04:28:25,,,
VOR,VOR,2021-02-05,14:22:03,,LUDP,LULD pause,Vor Biopharma Inc. Common Stock,Nasdaq,2021-02-05,,14:27:03,,,,,,nyse,2026-08-08T04:28:25,,,
VOR,VOR,2021-02-05,14:30:29,,LUDP,LULD pause,Vor Biopharma Inc. Common Stock,Nasdaq,2021-02-05,,14:35:29,,,,,,nyse,2026-08-08T04:28:25,,,
VOR,VOR,2021-02-05,14:36:31,,LUDP,LULD pause,Vor Biopharma Inc. Common Stock,Nasdaq,2021-02-05,,14:46:31,,,,,,nyse,2026-08-08T04:28:25,,,
VOR,VOR,2021-02-05,14:47:31,,LUDP,LULD pause,Vor Biopharma Inc. Common Stock,Nasdaq,2021-02-05,,14:52:31,,,,,,nyse,2026-08-08T04:28:25,,,
VOR,VOR,2021-02-05,14:53:06,,LUDP,LULD pause,Vor Biopharma Inc. Common Stock,Nasdaq,2021-02-05,,14:58:06,,,,,,nyse,2026-08-08T04:28:25,,,
XYF,XYF,2021-02-05,14:54:01,,LUDP,LULD pause,"X Financial American Depositary Shares, each representing six Class A Ordinary Shares",NYSE,2021-02-05,,14:59:30,,,,,,nyse,2026-08-08T04:28:25,,,
VOR,VOR,2021-02-05,15:00:01,,LUDP,LULD pause,Vor Biopharma Inc. Common Stock,Nasdaq,2021-02-05,,15:05:01,,,,,,nyse,2026-08-08T04:28:25,,,
CLCT,CLCT,2021-02-05,19:45:17,,T1,News pending,Collectors Universe,Nasdaq,,,,,,,,,nyse,2026-08-08T04:28:25,no_reanudo,,
COHR,COHR,2021-02-08,09:05:07,,T1,News pending,Coherent Inc,Nasdaq,2021-02-08,,09:50:00,,,,,,nyse,2026-08-08T04:28:25,,,
LHDX,LHDX,2021-02-08,09:31:55,,LUDP,LULD pause,"Lucira Health, Inc. Common Stock",Nasdaq,2021-02-08,,09:36:55,,,,,,nyse,2026-08-08T04:28:25,,,
NMRD,NMRD,2021-02-08,09:33:25,,LUDP,LULD pause,"Nemaura Medical, Inc. Common Stock",Nasdaq,2021-02-08,,09:38:25,,,,,,nyse,2026-08-08T04:28:25,,,
OCGN,OCGN,2021-02-08,09:42:17,,LUDP,LULD pause,"Ocugen, Inc. Common Stock",Nasdaq,2021-02-08,,09:47:17,,,,,,nyse,2026-08-08T04:28:25,,,
OCGN,OCGN,2021-02-08,09:49:58,,LUDP,LULD pause,"Ocugen, Inc. Common Stock",Nasdaq,2021-02-08,,09:54:58,,,,,,nyse,2026-08-08T04:28:25,,,
OCGN,OCGN,2021-02-08,09:55:38,,LUDP,LULD pause,"Ocugen, Inc. Common Stock",Nasdaq,2021-02-08,,10:00:38,,,,,,nyse,2026-08-08T04:28:25,,,
VERU,VERU,2021-02-08,10:00:26,,LUDP,LULD pause,Veru Inc.,Nasdaq,2021-02-08,,10:05:26,,,,,,nyse,2026-08-08T04:28:25,,,
ENLV,ENLV,2021-02-08,10:02:27,,LUDP,LULD pause,Enlivex Therapeutics Ltd. Ordinary Shares,Nasdaq,2021-02-08,,10:07:27,,,,,,nyse,2026-08-08T04:28:25,,,
BSQR,BSQR,2021-02-08,10:06:22,,LUDP,LULD pause,BSQUARE Corporation,Nasdaq,2021-02-08,,10:11:22,,,,,,nyse,2026-08-08T04:28:25,,,
AAME,AAME,2021-02-08,10:10:32,,LUDP,LULD pause,Atlantic American Corp,Nasdaq,2021-02-08,,10:15:32,,,,,,nyse,2026-08-08T04:28:25,,,
BSQR,BSQR,2021-02-08,10:12:38,,LUDP,LULD pause,BSQUARE Corporation,Nasdaq,2021-02-08,,10:17:38,,,,,,nyse,2026-08-08T04:28:25,,,
AEI,AEI,2021-02-08,10:15:57,,LUDP,LULD pause,Alset EHome International Inc. Common Stock,Nasdaq,2021-02-08,,10:20:57,,,,,,nyse,2026-08-08T04:28:25,,,
AAME,AAME,2021-02-08,10:16:08,,LUDP,LULD pause,Atlantic American Corp,Nasdaq,2021-02-08,,10:21:08,,,,,,nyse,2026-08-08T04:28:25,,,
ROCHU,ROCHU,2021-02-08,10:20:12,,LUDP,LULD pause,Roth CH Acquisition I Co. Unit,Nasdaq,2021-02-08,,10:25:12,,,,,,nyse,2026-08-08T04:28:25,,,
BAOS,BAOS,2021-02-08,10:21:20,,LUDP,LULD pause,Baosheng Media Group Holdings Limited Ordinary shares,Nasdaq,2021-02-08,,10:26:20,,,,,,nyse,2026-08-08T04:28:25,,,
NMRD,NMRD,2021-02-08,10:21:34,,LUDP,LULD pause,"Nemaura Medical, Inc. Common Stock",Nasdaq,2021-02-08,,10:26:34,,,,,,nyse,2026-08-08T04:28:25,,,
AAME,AAME,2021-02-08,10:21:45,,LUDP,LULD pause,Atlantic American Corp,Nasdaq,2021-02-08,,10:26:45,,,,,,nyse,2026-08-08T04:28:25,,,
NMRD,NMRD,2021-02-08,10:27:13,,LUDP,LULD pause,"Nemaura Medical, Inc. Common Stock",Nasdaq,2021-02-08,,10:37:13,,,,,,nyse,2026-08-08T04:28:25,,,
AAME,AAME,2021-02-08,10:27:23,,LUDP,LULD pause,Atlantic American Corp,Nasdaq,2021-02-08,,10:32:23,,,,,,nyse,2026-08-08T04:28:25,,,
CCZ,CCZ,2021-02-08,11:26:14,,LUDP,LULD pause,"Comcast Holdings Corp. 2.0% Exchangeable Subordinated Debentures due October 15, 2029 (ZONES)",NYSE,2021-02-08,,11:31:35,,,,,,nyse,2026-08-08T04:28:25,,,
GURE,GURE,2021-02-08,11:43:58,,LUDP,LULD pause,"Gulf Resources, Inc. (NV) Common Stock",Nasdaq,2021-02-08,,11:48:58,,,,,,nyse,2026-08-08T04:28:25,,,
QGEN,QGEN,2021-02-08,14:17:21,,LUDP,LULD pause,Qiagen NV,NYSE,2021-02-08,,14:22:21,,,,,,nyse,2026-08-08T04:28:25,,,
AEYE,AEYE,2021-02-08,14:26:54,,LUDP,LULD pause,"AudioEye, Inc. Common Stock",Nasdaq,2021-02-08,,14:51:40,,,,,,nyse,2026-08-08T04:28:25,,,
SLRX,SLRX,2021-02-08,14:30:31,,LUDP,LULD pause,"Salarius Pharmaceuticals, Inc. Common Stock",Nasdaq,2021-02-08,,14:40:31,,,,,,nyse,2026-08-08T04:28:25,,,
NGAC,NGAC,2021-02-08,14:36:40,,LUDP,LULD pause,NextGen Acquisition Corporation Class A Ordinary Shares,Nasdaq,2021-02-08,,14:56:40,,,,,,nyse,2026-08-08T04:28:25,,,
NGACU,NGACU,2021-02-08,14:36:41,,LUDP,LULD pause,NextGen Acquisition Corporation Units,Nasdaq,2021-02-08,,14:46:45,,,,,,nyse,2026-08-08T04:28:25,,,
NGACU,NGACU,2021-02-08,14:47:25,,LUDP,LULD pause,NextGen Acquisition Corporation Units,Nasdaq,2021-02-08,,14:52:25,,,,,,nyse,2026-08-08T04:28:25,,,
AEI,AEI,2021-02-08,15:18:21,,LUDP,LULD pause,Alset EHome International Inc. Common Stock,Nasdaq,2021-02-08,,15:23:21,,,,,,nyse,2026-08-08T04:28:25,,,
AEI,AEI,2021-02-08,15:23:56,,LUDP,LULD pause,Alset EHome International Inc. Common Stock,Nasdaq,2021-02-08,,15:28:56,,,,,,nyse,2026-08-08T04:28:25,,,
AEI,AEI,2021-02-08,15:29:13,,LUDP,LULD pause,Alset EHome International Inc. Common Stock,Nasdaq,2021-02-08,,15:34:13,,,,,,nyse,2026-08-08T04:28:25,,,
AEI,AEI,2021-02-08,15:36:02,,LUDP,LULD pause,Alset EHome International Inc. Common Stock,Nasdaq,2021-02-08,,15:41:02,,,,,,nyse,2026-08-08T04:28:25,,,
AEI,AEI,2021-02-08,15:43:09,,LUDP,LULD pause,Alset EHome International Inc. Common Stock,Nasdaq,2021-02-08,,15:48:09,,,,,,nyse,2026-08-08T04:28:25,,,
AEI,AEI,2021-02-08,15:50:21,,LUDP,LULD pause,Alset EHome International Inc. Common Stock,Nasdaq,2021-02-08,,16:00:00,,,,,,nyse,2026-08-08T04:28:25,,,
GLUU,GLUU,2021-02-08,16:00:12,,T1,News pending,Glu Mobile Inc.,Nasdaq,2021-02-08,,16:35:00,,,,,,nyse,2026-08-08T04:28:25,,,
GRNV,GRNV,2021-02-08,16:25:04,,T1,News pending,GreenVision Acquisition Corp Common stock,Nasdaq,2021-02-08,,17:00:00,,,,,,nyse,2026-08-08T04:28:25,,,
GRNVR,GRNVR,2021-02-08,16:25:04,,T1,News pending,GreenVision Acquisition Corp Rights,Nasdaq,2021-02-08,,17:00:00,,,,,,nyse,2026-08-08T04:28:25,,,
GRNVU,GRNVU,2021-02-08,16:25:04,,T1,News pending,GreenVision Acquisition Corp Unit,Nasdaq,2021-02-08,,17:00:00,,,,,,nyse,2026-08-08T04:28:25,,,
GRNVW,GRNVW,2021-02-08,16:25:04,,T1,News pending,GreenVision Acquisition Corp Warrant,Nasdaq,2021-02-08,,17:00:00,,,,,,nyse,2026-08-08T04:28:25,,,
BEAT,BEAT,2021-02-08,19:45:05,,T1,News pending,"BioTelemetry, Inc.",Nasdaq,,,,,,,,,nyse,2026-08-08T04:28:25,reanudo,2021-11-11,10:42
RELI,RELI,2021-02-09,03:58:00,,T1,News pending,"Reliance Global Group, Inc. Common Stock",Nasdaq,2021-02-09,,03:58:00,,,,,,nyse,2026-08-08T04:28:25,,,
RELIW,RELIW,2021-02-09,03:58:00,,T1,News pending,"Reliance Global Group, Inc. Series A Warrants",Nasdaq,2021-02-09,,03:58:00,,,,,,nyse,2026-08-08T04:28:25,,,
UGRO,UGRO,2021-02-09,03:58:00,,T1,News pending,"urban-gro, Inc. Common Stock",Nasdaq,,,,,,,,,nyse,2026-08-08T04:28:25,reanudo,2021-02-12,07:23
WAFD,WAFD,2021-02-09,08:00:04,,T1,News pending,Washington Federal Inc,Nasdaq,2021-02-09,,08:30:00,,,,,,nyse,2026-08-08T04:28:25,,,
TRX,TRX,2021-02-09,08:13:35,,T1,News pending,Tanzanian Gold Corporation,NYSE American,2021-02-09,,09:00:00,,,,,,nyse,2026-08-08T04:28:25,,,
GRNVU,GRNVU,2021-02-09,09:30:16,,LUDP,LULD pause,GreenVision Acquisition Corp Unit,Nasdaq,2021-02-09,,09:35:16,,,,,,nyse,2026-08-08T04:28:25,,,
BRPA,BRPA,2021-02-09,09:31:30,,LUDP,LULD pause,Big Rock Partners Acquisition Corp. Common Stock,Nasdaq,2021-02-09,,09:41:30,,,,,,nyse,2026-08-08T04:28:25,,,
CHCI,CHCI,2021-02-09,09:31:41,,LUDP,LULD pause,"Comstock Holding Companies, Inc. Class A",Nasdaq,2021-02-09,,09:36:41,,,,,,nyse,2026-08-08T04:28:25,,,
WTRU,WTRU,2021-02-09,09:31:58,,LUDP,LULD pause,"Essential Utilities, Inc.6.00% Tangible Equity Units",NYSE,2021-02-09,,09:36:58,,,,,,nyse,2026-08-08T04:28:25,,,
SSPKU,SSPKU,2021-02-09,09:33:18,,LUDP,LULD pause,Silver Spike Acquisition Corp. Units,Nasdaq,2021-02-09,,09:43:18,,,,,,nyse,2026-08-08T04:28:25,,,
AUVI,AUVI,2021-02-09,09:33:24,,LUDP,LULD pause,"Applied UV, Inc. Common Stock",Nasdaq,2021-02-09,,09:38:24,,,,,,nyse,2026-08-08T04:28:25,,,
CYTH,CYTH,2021-02-09,09:34:26,,LUDP,LULD pause,"Cyclo Therapeutics, Inc. Common Stock",Nasdaq,2021-02-09,,09:39:26,,,,,,nyse,2026-08-08T04:28:25,,,
AEI,AEI,2021-02-09,09:35:12,,LUDP,LULD pause,Alset EHome International Inc. Common Stock,Nasdaq,2021-02-09,,09:40:12,,,,,,nyse,2026-08-08T04:28:25,,,
ESBA,ESBA,2021-02-09,09:35:44,,LUDP,LULD pause,"EMPIRE STATE REALTY OP, L.P.  SERIES ES",NYSE Arca,2021-02-09,,09:40:44,,,,,,nyse,2026-08-08T04:28:25,,,
OTLK,OTLK,2021-02-09,09:37:42,,LUDP,LULD pause,"Outlook Therapeutics, Inc. Common Stock",Nasdaq,2021-02-09,,09:42:42,,,,,,nyse,2026-08-08T04:28:25,,,
AEZS,AEZS,2021-02-09,09:39:58,,LUDP,LULD pause,"Aeterna Zentaris, Inc.",Nasdaq,2021-02-09,,09:44:58,,,,,,nyse,2026-08-08T04:28:25,,,
RELI,RELI,2021-02-09,09:41:21,,LUDP,LULD pause,"Reliance Global Group, Inc. Common Stock",Nasdaq,2021-02-09,,09:53:08,,,,,,nyse,2026-08-08T04:28:25,,,
AUVI,AUVI,2021-02-09,09:41:38,,LUDP,LULD pause,"Applied UV, Inc. Common Stock",Nasdaq,2021-02-09,,09:46:38,,,,,,nyse,2026-08-08T04:28:25,,,
AEI,AEI,2021-02-09,09:43:47,,LUDP,LULD pause,Alset EHome International Inc. Common Stock,Nasdaq,2021-02-09,,09:48:47,,,,,,nyse,2026-08-08T04:28:25,,,
CYTH,CYTH,2021-02-09,09:46:01,,LUDP,LULD pause,"Cyclo Therapeutics, Inc. Common Stock",Nasdaq,2021-02-09,,09:51:01,,,,,,nyse,2026-08-08T04:28:25,,,
AUVI,AUVI,2021-02-09,09:52:34,,LUDP,LULD pause,"Applied UV, Inc. Common Stock",Nasdaq,2021-02-09,,09:57:34,,,,,,nyse,2026-08-08T04:28:25,,,
RELI,RELI,2021-02-09,09:56:16,,LUDP,LULD pause,"Reliance Global Group, Inc. Common Stock",Nasdaq,2021-02-09,,10:01:16,,,,,,nyse,2026-08-08T04:28:25,,,
RELI,RELI,2021-02-09,10:02:16,,LUDP,LULD pause,"Reliance Global Group, Inc. Common Stock",Nasdaq,2021-02-09,,10:12:16,,,,,,nyse,2026-08-08T04:28:25,,,
AUVI,AUVI,2021-02-09,10:13:26,,LUDP,LULD pause,"Applied UV, Inc. Common Stock",Nasdaq,2021-02-09,,10:18:26,,,,,,nyse,2026-08-08T04:28:25,,,
RELI,RELI,2021-02-09,10:13:46,,LUDP,LULD pause,"Reliance Global Group, Inc. Common Stock",Nasdaq,2021-02-09,,10:23:47,,,,,,nyse,2026-08-08T04:28:25,,,
AEI,AEI,2021-02-09,10:16:34,,LUDP,LULD pause,Alset EHome International Inc. Common Stock,Nasdaq,2021-02-09,,10:26:34,,,,,,nyse,2026-08-08T04:28:25,,,
AUVI,AUVI,2021-02-09,10:22:21,,LUDP,LULD pause,"Applied UV, Inc. Common Stock",Nasdaq,2021-02-09,,10:27:21,,,,,,nyse,2026-08-08T04:28:25,,,
AUVI,AUVI,2021-02-09,10:27:42,,LUDP,LULD pause,"Applied UV, Inc. Common Stock",Nasdaq,2021-02-09,,10:37:42,,,,,,nyse,2026-08-08T04:28:25,,,
RBAC,RBAC,2021-02-09,10:37:00,,LUDP,LULD pause,RedBall Acquisition Corp.,NYSE,2021-02-09,,10:42:05,,,,,,nyse,2026-08-08T04:28:25,,,
RBAC.U,RBAC U,2021-02-09,10:37:03,,LUDP,LULD pause,"RedBall Acquisition Corp. Units, each consisting of one Class A ordinary share and one-third of one",NYSE,2021-02-09,,10:42:03,,,,,,nyse,2026-08-08T04:28:25,,,
OLB,OLB,2021-02-09,10:38:55,,LUDP,LULD pause,"The OLB Group, Inc. Common Stock",Nasdaq,2021-02-09,,10:43:55,,,,,,nyse,2026-08-08T04:28:25,,,
FSI,FSI,2021-02-09,10:39:41,,LUDP,LULD pause,"Flexible Solutions International, Inc.",NYSE American,2021-02-09,,10:44:41,,,,,,nyse,2026-08-08T04:28:25,,,
AUVI,AUVI,2021-02-09,10:45:30,,LUDP,LULD pause,"Applied UV, Inc. Common Stock",Nasdaq,2021-02-09,,10:50:30,,,,,,nyse,2026-08-08T04:28:25,,,
GRNVU,GRNVU,2021-02-09,10:49:18,,LUDP,LULD pause,GreenVision Acquisition Corp Unit,Nasdaq,2021-02-09,,10:54:18,,,,,,nyse,2026-08-08T04:28:25,,,
EFOI,EFOI,2021-02-09,10:54:30,,LUDP,LULD pause,"Energy Focus, Inc.",Nasdaq,2021-02-09,,11:04:30,,,,,,nyse,2026-08-08T04:28:25,,,
GMBL,GMBL,2021-02-09,11:06:35,,LUDP,LULD pause,Esports Entertainment Group Inc. Common Stock,Nasdaq,2021-02-09,,11:11:35,,,,,,nyse,2026-08-08T04:28:25,,,
RELL,RELL,2021-02-09,11:07:58,,LUDP,LULD pause,Richardson Electronics Ltd,Nasdaq,2021-02-09,,11:12:58,,,,,,nyse,2026-08-08T04:28:25,,,
PNRG,PNRG,2021-02-09,11:08:47,,LUDP,LULD pause,PrimeEnergy Resources Corporation Common Stock,Nasdaq,2021-02-09,,11:18:48,,,,,,nyse,2026-08-08T04:28:25,,,
RELL,RELL,2021-02-09,11:16:23,,LUDP,LULD pause,Richardson Electronics Ltd,Nasdaq,2021-02-09,,11:21:23,,,,,,nyse,2026-08-08T04:28:25,,,
AUVI,AUVI,2021-02-09,11:19:49,,LUDP,LULD pause,"Applied UV, Inc. Common Stock",Nasdaq,2021-02-09,,11:24:49,,,,,,nyse,2026-08-08T04:28:25,,,
LEDS,LEDS,2021-02-09,11:20:15,,LUDP,LULD pause,SemiLEDS Corporation,Nasdaq,2021-02-09,,11:25:15,,,,,,nyse,2026-08-08T04:28:25,,,
INM,INM,2021-02-09,11:25:21,,LUDP,LULD pause,InMed Pharmaceuticals Inc. Common Shares,Nasdaq,2021-02-09,,11:30:21,,,,,,nyse,2026-08-08T04:28:25,,,
LEDS,LEDS,2021-02-09,11:25:46,,LUDP,LULD pause,SemiLEDS Corporation,Nasdaq,2021-02-09,,11:30:46,,,,,,nyse,2026-08-08T04:28:25,,,
AUVI,AUVI,2021-02-09,11:27:16,,LUDP,LULD pause,"Applied UV, Inc. Common Stock",Nasdaq,2021-02-09,,11:32:16,,,,,,nyse,2026-08-08T04:28:25,,,
PNRG,PNRG,2021-02-09,11:30:43,,LUDP,LULD pause,PrimeEnergy Resources Corporation Common Stock,Nasdaq,2021-02-09,,11:40:43,,,,,,nyse,2026-08-08T04:28:25,,,
LEDS,LEDS,2021-02-09,11:31:38,,LUDP,LULD pause,SemiLEDS Corporation,Nasdaq,2021-02-09,,11:36:38,,,,,,nyse,2026-08-08T04:28:25,,,
LEDS,LEDS,2021-02-09,11:37:15,,LUDP,LULD pause,SemiLEDS Corporation,Nasdaq,2021-02-09,,11:42:15,,,,,,nyse,2026-08-08T04:28:25,,,
AUVI,AUVI,2021-02-09,11:40:16,,LUDP,LULD pause,"Applied UV, Inc. Common Stock",Nasdaq,2021-02-09,,11:45:16,,,,,,nyse,2026-08-08T04:28:25,,,
LEDS,LEDS,2021-02-09,11:44:19,,LUDP,LULD pause,SemiLEDS Corporation,Nasdaq,2021-02-09,,11:49:19,,,,,,nyse,2026-08-08T04:28:25,,,
PNRG,PNRG,2021-02-09,11:45:59,,LUDP,LULD pause,PrimeEnergy Resources Corporation Common Stock,Nasdaq,2021-02-09,,11:50:59,,,,,,nyse,2026-08-08T04:28:25,,,
RAAS,RAAS,2021-02-09,11:51:15,,LUDP,LULD pause,"Cloopen Group Holding Limited American Depositary Shares, each representing two Class A Ordinary Sha",NYSE,2021-02-09,,11:56:24,,,,,,nyse,2026-08-08T04:28:25,,,
AUVI,AUVI,2021-02-09,11:52:06,,LUDP,LULD pause,"Applied UV, Inc. Common Stock",Nasdaq,2021-02-09,,11:57:06,,,,,,nyse,2026-08-08T04:28:25,,,
LEDS,LEDS,2021-02-09,11:52:55,,LUDP,LULD pause,SemiLEDS Corporation,Nasdaq,2021-02-09,,11:57:55,,,,,,nyse,2026-08-08T04:28:25,,,
ADAG,ADAG,2021-02-09,11:54:24,,LUDP,LULD pause,Adagene Inc. American Depositary Shares,Nasdaq,2021-02-09,,11:59:24,,,,,,nyse,2026-08-08T04:28:25,,,
PNRG,PNRG,2021-02-09,11:59:02,,LUDP,LULD pause,PrimeEnergy Resources Corporation Common Stock,Nasdaq,2021-02-09,,12:04:02,,,,,,nyse,2026-08-08T04:28:25,,,
ADAG,ADAG,2021-02-09,12:04:04,,LUDP,LULD pause,Adagene Inc. American Depositary Shares,Nasdaq,2021-02-09,,12:09:04,,,,,,nyse,2026-08-08T04:28:25,,,
PNRG,PNRG,2021-02-09,12:18:25,,LUDP,LULD pause,PrimeEnergy Resources Corporation Common Stock,Nasdaq,2021-02-09,,12:23:25,,,,,,nyse,2026-08-08T04:28:25,,,
SDH,SDH,2021-02-09,12:25:50,,LUDP,LULD pause,"Global Internet of People, Inc. Ordinary Shares",Nasdaq,2021-02-09,,12:30:50,,,,,,nyse,2026-08-08T04:28:25,,,
SDH,SDH,2021-02-09,12:31:45,,LUDP,LULD pause,"Global Internet of People, Inc. Ordinary Shares",Nasdaq,2021-02-09,,12:41:50,,,,,,nyse,2026-08-08T04:28:25,,,
SENEB,SENEB,2021-02-09,12:45:02,,LUDP,LULD pause,Seneca Foods Corp,Nasdaq,2021-02-09,,12:55:02,,,,,,nyse,2026-08-08T04:28:25,,,
BRPAU,BRPAU,2021-02-09,12:51:00,,LUDP,LULD pause,Big Rock Partners Acquisition Corp. Unit,Nasdaq,2021-02-09,,13:11:00,,,,,,nyse,2026-08-08T04:28:25,,,
PNRG,PNRG,2021-02-09,13:02:44,,LUDP,LULD pause,PrimeEnergy Resources Corporation Common Stock,Nasdaq,2021-02-09,,13:07:44,,,,,,nyse,2026-08-08T04:28:25,,,
AUVI,AUVI,2021-02-09,13:05:38,,LUDP,LULD pause,"Applied UV, Inc. Common Stock",Nasdaq,2021-02-09,,13:10:38,,,,,,nyse,2026-08-08T04:28:25,,,
LEDS,LEDS,2021-02-09,13:07:01,,LUDP,LULD pause,SemiLEDS Corporation,Nasdaq,2021-02-09,,13:12:01,,,,,,nyse,2026-08-08T04:28:25,,,
PNRG,PNRG,2021-02-09,13:08:56,,LUDP,LULD pause,PrimeEnergy Resources Corporation Common Stock,Nasdaq,2021-02-09,,13:13:56,,,,,,nyse,2026-08-08T04:28:25,,,
NPA,NPA,2021-02-09,13:11:15,,LUDP,LULD pause,New Providence Acquisition Corp. Class A Common Stock,Nasdaq,2021-02-09,,13:16:15,,,,,,nyse,2026-08-08T04:28:25,,,
NPAUU,NPAUU,2021-02-09,13:12:33,,LUDP,LULD pause,New Providence Acquisition Corp. Unit,Nasdaq,2021-02-09,,13:17:33,,,,,,nyse,2026-08-08T04:28:25,,,
AUVI,AUVI,2021-02-09,13:15:08,,LUDP,LULD pause,"Applied UV, Inc. Common Stock",Nasdaq,2021-02-09,,13:20:08,,,,,,nyse,2026-08-08T04:28:25,,,
GRNVU,GRNVU,2021-02-09,13:21:57,,LUDP,LULD pause,GreenVision Acquisition Corp Unit,Nasdaq,2021-02-09,,13:36:58,,,,,,nyse,2026-08-08T04:28:25,,,
SYTA,SYTA,2021-02-09,13:30:35,,LUDP,LULD pause,"Siyata Mobile, Inc.",Nasdaq,2021-02-09,,13:40:35,,,,,,nyse,2026-08-08T04:28:25,,,
EFOI,EFOI,2021-02-09,13:35:46,,LUDP,LULD pause,"Energy Focus, Inc.",Nasdaq,2021-02-09,,13:45:46,,,,,,nyse,2026-08-08T04:28:25,,,
AUVI,AUVI,2021-02-09,13:41:16,,LUDP,LULD pause,"Applied UV, Inc. Common Stock",Nasdaq,2021-02-09,,13:46:16,,,,,,nyse,2026-08-08T04:28:25,,,
VIRC,VIRC,2021-02-09,13:51:22,,LUDP,LULD pause,Virco Mfg. Corporation,Nasdaq,2021-02-09,,14:01:46,,,,,,nyse,2026-08-08T04:28:25,,,
PDSB,PDSB,2021-02-09,13:59:28,,LUDP,LULD pause,PDS Biotechnology Corporation Common Stock,Nasdaq,2021-02-09,,14:14:28,,,,,,nyse,2026-08-08T04:28:25,,,
SALM,SALM,2021-02-09,14:00:52,,LUDP,LULD pause,"Salem Media Group, Inc. Class A Common Stock",Nasdaq,2021-02-09,,14:10:52,,,,,,nyse,2026-08-08T04:28:25,,,
VIRC,VIRC,2021-02-09,14:02:04,,LUDP,LULD pause,Virco Mfg. Corporation,Nasdaq,2021-02-09,,14:07:04,,,,,,nyse,2026-08-08T04:28:25,,,
FUE,FUE,2021-02-09,14:38:09,,LUDP,LULD pause,ELEMENTS Linked to the ICE BofAML Commodity Index eXtra Biofuels Total Return,NYSE Arca,2021-02-09,,14:43:09,,,,,,nyse,2026-08-08T04:28:25,,,
AUVI,AUVI,2021-02-09,15:05:01,,LUDP,LULD pause,"Applied UV, Inc. Common Stock",Nasdaq,2021-02-09,,15:10:01,,,,,,nyse,2026-08-08T04:28:25,,,
PNRG,PNRG,2021-02-09,15:10:04,,LUDP,LULD pause,PrimeEnergy Resources Corporation Common Stock,Nasdaq,2021-02-09,,15:15:04,,,,,,nyse,2026-08-08T04:28:25,,,
CMLF,CMLF,2021-02-10,07:00:07,,T1,News pending,"CM Life Sciences, Inc. Class A Common Stock",Nasdaq,2021-02-10,,07:30:00,,,,,,nyse,2026-08-08T04:28:25,,,
CMLFU,CMLFU,2021-02-10,07:00:07,,T1,News pending,"CM Life Sciences, Inc. Unit",Nasdaq,2021-02-10,,07:30:00,,,,,,nyse,2026-08-08T04:28:25,,,
CMLFW,CMLFW,2021-02-10,07:00:07,,T1,News pending,"CM Life Sciences, Inc. Warrant",Nasdaq,2021-02-10,,07:30:00,,,,,,nyse,2026-08-08T04:28:25,,,
PBLA,PBLA,2021-02-10,07:55:29,,T1,News pending,"Panbela Therapeutics, Inc. Common Stock",Nasdaq,2021-02-10,,08:30:00,,,,,,nyse,2026-08-08T04:28:25,,,
SENEB,SENEB,2021-02-10,09:31:16,,LUDP,LULD pause,Seneca Foods Corp,Nasdaq,2021-02-10,,09:36:16,,,,,,nyse,2026-08-08T04:28:25,,,
GEG,GEG,2021-02-10,09:31:36,,LUDP,LULD pause,"Great Elm Group, Inc. Common Stock",Nasdaq,2021-02-10,,09:36:36,,,,,,nyse,2026-08-08T04:28:25,,,
AUVI,AUVI,2021-02-10,09:32:23,,LUDP,LULD pause,"Applied UV, Inc. Common Stock",Nasdaq,2021-02-10,,09:42:24,,,,,,nyse,2026-08-08T04:28:25,,,
CHK,CHK,2021-02-10,09:32:42,,LUDP,LULD pause,Chesapeake Energy Corporation Common Stock,Nasdaq,2021-02-10,,09:42:42,,,,,,nyse,2026-08-08T04:28:25,,,
BPTH,BPTH,2021-02-10,09:33:17,,LUDP,LULD pause,Bio-Path Holdings Inc,Nasdaq,2021-02-10,,09:38:17,,,,,,nyse,2026-08-08T04:28:25,,,
BSQR,BSQR,2021-02-10,09:38:56,,LUDP,LULD pause,BSQUARE Corporation,Nasdaq,2021-02-10,,09:43:56,,,,,,nyse,2026-08-08T04:28:25,,,
BPTH,BPTH,2021-02-10,09:41:55,,LUDP,LULD pause,Bio-Path Holdings Inc,Nasdaq,2021-02-10,,09:46:55,,,,,,nyse,2026-08-08T04:28:25,,,
OLB,OLB,2021-02-10,09:45:34,,LUDP,LULD pause,"The OLB Group, Inc. Common Stock",Nasdaq,2021-02-10,,09:50:34,,,,,,nyse,2026-08-08T04:28:25,,,
OLB,OLB,2021-02-10,09:52:22,,LUDP,LULD pause,"The OLB Group, Inc. Common Stock",Nasdaq,2021-02-10,,09:57:22,,,,,,nyse,2026-08-08T04:28:25,,,
BPTH,BPTH,2021-02-10,09:52:57,,LUDP,LULD pause,Bio-Path Holdings Inc,Nasdaq,2021-02-10,,09:57:57,,,,,,nyse,2026-08-08T04:28:25,,,
GRNVU,GRNVU,2021-02-10,09:59:04,,LUDP,LULD pause,GreenVision Acquisition Corp Unit,Nasdaq,2021-02-10,,10:19:05,,,,,,nyse,2026-08-08T04:28:25,,,
XXII,XXII,2021-02-10,10:00:37,,LUDP,LULD pause,22nd Century Group Inc.,NYSE American,2021-02-10,,10:10:37,,,,,,nyse,2026-08-08T04:28:25,,,
BGI,BGI,2021-02-10,10:03:32,,LUDP,LULD pause,Birks Group Inc,NYSE American,2021-02-10,,10:19:13,,,,,,nyse,2026-08-08T04:28:25,,,
OLB,OLB,2021-02-10,10:08:39,,LUDP,LULD pause,"The OLB Group, Inc. Common Stock",Nasdaq,2021-02-10,,10:13:39,,,,,,nyse,2026-08-08T04:28:25,,,
BPTH,BPTH,2021-02-10,10:24:44,,LUDP,LULD pause,Bio-Path Holdings Inc,Nasdaq,2021-02-10,,10:29:44,,,,,,nyse,2026-08-08T04:28:25,,,
BPTS,BPTS,2021-02-10,10:35:32,,LUDP,LULD pause,Biophytis SA ADS,Nasdaq,2021-02-10,,10:40:32,,,,,,nyse,2026-08-08T04:28:25,,,
GRNVU,GRNVU,2021-02-10,10:48:22,,LUDP,LULD pause,GreenVision Acquisition Corp Unit,Nasdaq,2021-02-10,,10:53:22,,,,,,nyse,2026-08-08T04:28:25,,,
GRNVU,GRNVU,2021-02-10,10:55:03,,LUDP,LULD pause,GreenVision Acquisition Corp Unit,Nasdaq,2021-02-10,,11:05:03,,,,,,nyse,2026-08-08T04:28:25,,,
GRNVU,GRNVU,2021-02-10,11:06:43,,LUDP,LULD pause,GreenVision Acquisition Corp Unit,Nasdaq,2021-02-10,,11:16:44,,,,,,nyse,2026-08-08T04:28:25,,,
GRNVU,GRNVU,2021-02-10,11:20:03,,LUDP,LULD pause,GreenVision Acquisition Corp Unit,Nasdaq,2021-02-10,,11:30:04,,,,,,nyse,2026-08-08T04:28:25,,,
GRNVU,GRNVU,2021-02-10,11:31:13,,LUDP,LULD pause,GreenVision Acquisition Corp Unit,Nasdaq,2021-02-10,,11:41:13,,,,,,nyse,2026-08-08T04:28:25,,,
ALIM,ALIM,2021-02-10,11:35:35,,LUDP,LULD pause,"Alimera Sciences, Inc.",Nasdaq,2021-02-10,,11:45:35,,,,,,nyse,2026-08-08T04:28:25,,,
GRNVU,GRNVU,2021-02-10,11:42:20,,LUDP,LULD pause,GreenVision Acquisition Corp Unit,Nasdaq,2021-02-10,,11:52:20,,,,,,nyse,2026-08-08T04:28:25,,,
GRNVU,GRNVU,2021-02-10,11:52:56,,LUDP,LULD pause,GreenVision Acquisition Corp Unit,Nasdaq,2021-02-10,,12:02:57,,,,,,nyse,2026-08-08T04:28:25,,,
PSTV,PSTV,2021-02-10,11:54:43,,LUDP,LULD pause,"PLUS THERAPEUTICS, Inc. Common Stock",Nasdaq,2021-02-10,,11:59:43,,,,,,nyse,2026-08-08T04:28:25,,,
BRBS,BRBS,2021-02-10,12:00:41,,LUDP,LULD pause,"Blue Ridge Bankshares, Inc.",NYSE American,2021-02-10,,12:05:41,,,,,,nyse,2026-08-08T04:28:25,,,
PSTV,PSTV,2021-02-10,12:01:28,,LUDP,LULD pause,"PLUS THERAPEUTICS, Inc. Common Stock",Nasdaq,2021-02-10,,12:06:28,,,,,,nyse,2026-08-08T04:28:25,,,
GRNVU,GRNVU,2021-02-10,12:06:53,,LUDP,LULD pause,GreenVision Acquisition Corp Unit,Nasdaq,2021-02-10,,12:11:53,,,,,,nyse,2026-08-08T04:28:25,,,
PSTV,PSTV,2021-02-10,12:10:26,,LUDP,LULD pause,"PLUS THERAPEUTICS, Inc. Common Stock",Nasdaq,2021-02-10,,12:15:26,,,,,,nyse,2026-08-08T04:28:25,,,
GRNVU,GRNVU,2021-02-10,12:12:52,,LUDP,LULD pause,GreenVision Acquisition Corp Unit,Nasdaq,2021-02-10,,12:42:53,,,,,,nyse,2026-08-08T04:28:25,,,
AYRO,AYRO,2021-02-10,12:31:03,,LUDP,LULD pause,"AYRO, Inc. Common Stock",Nasdaq,2021-02-10,,12:36:03,,,,,,nyse,2026-08-08T04:28:25,,,
GRNVU,GRNVU,2021-02-10,12:44:08,,LUDP,LULD pause,GreenVision Acquisition Corp Unit,Nasdaq,2021-02-10,,13:04:09,,,,,,nyse,2026-08-08T04:28:25,,,
GRNVU,GRNVU,2021-02-10,13:06:26,,LUDP,LULD pause,GreenVision Acquisition Corp Unit,Nasdaq,2021-02-10,,13:11:26,,,,,,nyse,2026-08-08T04:28:25,,,
GRNVU,GRNVU,2021-02-10,13:21:10,,LUDP,LULD pause,GreenVision Acquisition Corp Unit,Nasdaq,2021-02-10,,13:26:10,,,,,,nyse,2026-08-08T04:28:25,,,
GRNVU,GRNVU,2021-02-10,13:26:42,,LUDP,LULD pause,GreenVision Acquisition Corp Unit,Nasdaq,2021-02-10,,13:36:43,,,,,,nyse,2026-08-08T04:28:25,,,
NTN,NTN,2021-02-10,13:48:12,,LUDP,LULD pause,"NTN Buzztime, Inc",NYSE American,2021-02-10,,13:53:12,,,,,,nyse,2026-08-08T04:28:25,,,
OBLN,OBLN,2021-02-10,13:53:26,,LUDP,LULD pause,"Obalon Therapeutics, Inc.",Nasdaq,2021-02-10,,13:58:26,,,,,,nyse,2026-08-08T04:28:25,,,
SSPKU,SSPKU,2021-02-10,13:55:37,,LUDP,LULD pause,Silver Spike Acquisition Corp. Units,Nasdaq,2021-02-10,,14:00:37,,,,,,nyse,2026-08-08T04:28:25,,,
AJAX,AJAX,2021-02-10,14:10:33,,LUDP,LULD pause,Ajax I,NYSE,2021-02-10,,14:16:37,,,,,,nyse,2026-08-08T04:28:25,,,
ANCN,ANCN,2021-02-10,14:19:48,,LUDP,LULD pause,Anchiano Therapeutics Ltd. American Depositary Share,Nasdaq,2021-02-10,,14:24:48,,,,,,nyse,2026-08-08T04:28:25,,,
GRNVU,GRNVU,2021-02-10,14:20:51,,LUDP,LULD pause,GreenVision Acquisition Corp Unit,Nasdaq,2021-02-10,,14:25:51,,,,,,nyse,2026-08-08T04:28:25,,,
SALM,SALM,2021-02-10,14:26:48,,LUDP,LULD pause,"Salem Media Group, Inc. Class A Common Stock",Nasdaq,2021-02-10,,14:31:48,,,,,,nyse,2026-08-08T04:28:25,,,
RCMT,RCMT,2021-02-10,14:29:10,,LUDP,LULD pause,RCM Technologies Inc,Nasdaq,2021-02-10,,14:39:11,,,,,,nyse,2026-08-08T04:28:25,,,
RCMT,RCMT,2021-02-10,14:44:23,,LUDP,LULD pause,RCM Technologies Inc,Nasdaq,2021-02-10,,14:49:23,,,,,,nyse,2026-08-08T04:28:25,,,
MXC,MXC,2021-02-10,14:57:48,,LUDP,LULD pause,Mexco Energy Corporation,NYSE American,2021-02-10,,15:07:48,,,,,,nyse,2026-08-08T04:28:25,,,
VRTU,VRTU,2021-02-10,19:45:18,,T1,News pending,Virtusa Corporation,Nasdaq,,,,,,,,,nyse,2026-08-08T04:28:25,no_reanudo,,
GTBP,GTBP,2021-02-11,03:58:00,,T1,News pending,GT Biopharma Inc. Common Stock,Nasdaq,2021-02-11,,09:45:00,,,,,,nyse,2026-08-08T04:28:25,,,
SYNC,SYNC,2021-02-11,07:00:05,,T1,News pending,"Synacor, Inc.",Nasdaq,2021-02-11,,07:30:00,,,,,,nyse,2026-08-08T04:28:25,,,
MNPR,MNPR,2021-02-11,09:30:54,,LUDP,LULD pause,Monopar Therapeutics Inc. Common Stock,Nasdaq,2021-02-11,,09:40:54,,,,,,nyse,2026-08-08T04:28:25,,,
EPIX,EPIX,2021-02-11,09:31:40,,LUDP,LULD pause,ESSA Pharma Inc. Common Stock,Nasdaq,2021-02-11,,09:36:40,,,,,,nyse,2026-08-08T04:28:25,,,
RCMT,RCMT,2021-02-11,09:32:01,,LUDP,LULD pause,RCM Technologies Inc,Nasdaq,2021-02-11,,09:37:01,,,,,,nyse,2026-08-08T04:28:25,,,
OGI,OGI,2021-02-11,09:32:22,,LUDP,LULD pause,Organigram Holdings Inc. Common Shares,Nasdaq,2021-02-11,,09:37:22,,,,,,nyse,2026-08-08T04:28:25,,,
NTEC,NTEC,2021-02-11,09:33:33,,LUDP,LULD pause,Intec Pharma Ltd. Ordinary Shares,Nasdaq,2021-02-11,,09:38:33,,,,,,nyse,2026-08-08T04:28:25,,,
SNDL,SNDL,2021-02-11,09:34:21,,LUDP,LULD pause,Sundial Growers Inc. Common Shares,Nasdaq,2021-02-11,,09:39:21,,,,,,nyse,2026-08-08T04:28:25,,,
HUGE,HUGE,2021-02-11,09:34:35,,LUDP,LULD pause,FSD Pharma Inc. Class B Subordinate Voting Shares,Nasdaq,2021-02-11,,09:39:35,,,,,,nyse,2026-08-08T04:28:25,,,
MJJ,MJJ,2021-02-11,09:34:52,,LUDP,LULD pause,MicroSectors Cannabis ETNs,NYSE Arca,2021-02-11,,09:39:52,,,,,,nyse,2026-08-08T04:28:25,,,
RCMT,RCMT,2021-02-11,09:38:23,,LUDP,LULD pause,RCM Technologies Inc,Nasdaq,2021-02-11,,09:43:23,,,,,,nyse,2026-08-08T04:28:25,,,
TRXC,TRXC,2021-02-11,09:39:03,,LUDP,LULD pause,TransEnterix Inc.,NYSE American,2021-02-11,,09:44:03,,,,,,nyse,2026-08-08T04:28:25,,,
MNPR,MNPR,2021-02-11,09:41:58,,LUDP,LULD pause,Monopar Therapeutics Inc. Common Stock,Nasdaq,2021-02-11,,09:46:58,,,,,,nyse,2026-08-08T04:28:25,,,
HUGE,HUGE,2021-02-11,09:42:15,,LUDP,LULD pause,FSD Pharma Inc. Class B Subordinate Voting Shares,Nasdaq,2021-02-11,,09:52:15,,,,,,nyse,2026-08-08T04:28:25,,,
OGI,OGI,2021-02-11,09:42:40,,LUDP,LULD pause,Organigram Holdings Inc. Common Shares,Nasdaq,2021-02-11,,09:47:40,,,,,,nyse,2026-08-08T04:28:25,,,
GTBP,GTBP,2021-02-11,09:45:28,,LUDP,LULD pause,GT Biopharma Inc. Common Stock,Nasdaq,2021-02-11,,09:50:28,,,,,,nyse,2026-08-08T04:28:25,,,
AEI,AEI,2021-02-11,09:50:21,,LUDP,LULD pause,Alset EHome International Inc. Common Stock,Nasdaq,2021-02-11,,09:55:21,,,,,,nyse,2026-08-08T04:28:25,,,
INFI,INFI,2021-02-11,09:50:47,,LUDP,LULD pause,"Infinity Pharmaceuticals, Inc.",Nasdaq,2021-02-11,,09:55:47,,,,,,nyse,2026-08-08T04:28:25,,,
GTBP,GTBP,2021-02-11,09:51:40,,LUDP,LULD pause,GT Biopharma Inc. Common Stock,Nasdaq,2021-02-11,,09:56:40,,,,,,nyse,2026-08-08T04:28:25,,,
AEI,AEI,2021-02-11,09:55:39,,LUDP,LULD pause,Alset EHome International Inc. Common Stock,Nasdaq,2021-02-11,,10:00:39,,,,,,nyse,2026-08-08T04:28:25,,,
AEI,AEI,2021-02-11,10:01:03,,LUDP,LULD pause,Alset EHome International Inc. Common Stock,Nasdaq,2021-02-11,,10:06:03,,,,,,nyse,2026-08-08T04:28:25,,,
MNPR,MNPR,2021-02-11,10:06:22,,LUDP,LULD pause,Monopar Therapeutics Inc. Common Stock,Nasdaq,2021-02-11,,10:16:22,,,,,,nyse,2026-08-08T04:28:25,,,
AEI,AEI,2021-02-11,10:06:25,,LUDP,LULD pause,Alset EHome International Inc. Common Stock,Nasdaq,2021-02-11,,10:11:25,,,,,,nyse,2026-08-08T04:28:25,,,
AEI,AEI,2021-02-11,10:11:43,,LUDP,LULD pause,Alset EHome International Inc. Common Stock,Nasdaq,2021-02-11,,10:16:43,,,,,,nyse,2026-08-08T04:28:25,,,
AEI,AEI,2021-02-11,10:17:01,,LUDP,LULD pause,Alset EHome International Inc. Common Stock,Nasdaq,2021-02-11,,10:32:02,,,,,,nyse,2026-08-08T04:28:25,,,
TGC,TGC,2021-02-11,10:30:05,,LUDP,LULD pause,"Tengasco, Inc.",NYSE American,2021-02-11,,10:35:05,,,,,,nyse,2026-08-08T04:28:25,,,
AYLA,AYLA,2021-02-11,10:38:25,,LUDP,LULD pause,"Ayala Pharmaceuticals, Inc. Common Stock",Nasdaq,2021-02-11,,10:53:25,,,,,,nyse,2026-08-08T04:28:25,,,
AEI,AEI,2021-02-11,10:38:27,,LUDP,LULD pause,Alset EHome International Inc. Common Stock,Nasdaq,2021-02-11,,10:43:27,,,,,,nyse,2026-08-08T04:28:25,,,
AEI,AEI,2021-02-11,10:48:44,,LUDP,LULD pause,Alset EHome International Inc. Common Stock,Nasdaq,2021-02-11,,10:53:44,,,,,,nyse,2026-08-08T04:28:25,,,
AYLA,AYLA,2021-02-11,10:55:52,,LUDP,LULD pause,"Ayala Pharmaceuticals, Inc. Common Stock",Nasdaq,2021-02-11,,11:00:52,,,,,,nyse,2026-08-08T04:28:25,,,
AEI,AEI,2021-02-11,10:59:17,,LUDP,LULD pause,Alset EHome International Inc. Common Stock,Nasdaq,2021-02-11,,11:04:17,,,,,,nyse,2026-08-08T04:28:25,,,
AXON,AXON,2021-02-11,11:00:44,,LUDP,LULD pause,"Axon Enterprise, Inc. Common Stock",Nasdaq,2021-02-11,,11:05:44,,,,,,nyse,2026-08-08T04:28:25,,,
SOS,SOS,2021-02-11,11:06:20,,LUDP,LULD pause,SOS Limited,NYSE,2021-02-11,,11:12:09,,,,,,nyse,2026-08-08T04:28:25,,,
CKPT,CKPT,2021-02-11,11:17:26,,LUDP,LULD pause,"Checkpoint Therapeutics, Inc. Common Stock",Nasdaq,2021-02-11,,11:37:27,,,,,,nyse,2026-08-08T04:28:25,,,
AEMD,AEMD,2021-02-11,11:56:39,,LUDP,LULD pause,AETHLON MEDICAL INC,Nasdaq,2021-02-11,,12:01:39,,,,,,nyse,2026-08-08T04:28:25,,,
UUU,UUU,2021-02-11,12:14:04,,LUDP,LULD pause,"Universal Security Instruments, Inc.",NYSE American,2021-02-11,,12:19:04,,,,,,nyse,2026-08-08T04:28:25,,,
GRNVU,GRNVU,2021-02-11,13:03:17,,LUDP,LULD pause,GreenVision Acquisition Corp Unit,Nasdaq,2021-02-11,,13:08:17,,,,,,nyse,2026-08-08T04:28:25,,,
TPCO,TPCO,2021-02-11,13:23:55,,LUDP,LULD pause,Tribune Publishing Company Common Stock,Nasdaq,2021-02-11,,13:28:55,,,,,,nyse,2026-08-08T04:28:25,,,
CLBS,CLBS,2021-02-11,14:19:42,,LUDP,LULD pause,"Caladrius Biosciences, Inc. Common Stock",Nasdaq,2021-02-11,,14:29:42,,,,,,nyse,2026-08-08T04:28:25,,,
AEI,AEI,2021-02-11,14:42:09,,LUDP,LULD pause,Alset EHome International Inc. Common Stock,Nasdaq,2021-02-11,,14:47:09,,,,,,nyse,2026-08-08T04:28:25,,,
LEDS,LEDS,2021-02-11,15:11:13,,LUDP,LULD pause,SemiLEDS Corporation,Nasdaq,2021-02-11,,15:21:13,,,,,,nyse,2026-08-08T04:28:25,,,
LEDS,LEDS,2021-02-11,15:24:20,,LUDP,LULD pause,SemiLEDS Corporation,Nasdaq,2021-02-11,,15:29:20,,,,,,nyse,2026-08-08T04:28:25,,,
TRT,TRT,2021-02-11,15:29:55,,LUDP,LULD pause,Trio-Tech International,NYSE American,2021-02-11,,15:34:55,,,,,,nyse,2026-08-08T04:28:25,,,
CVV,CVV,2021-02-11,15:32:09,,LUDP,LULD pause,CVD Equipment Corp.,Nasdaq,2021-02-11,,15:37:09,,,,,,nyse,2026-08-08T04:28:25,,,
LEDS,LEDS,2021-02-11,15:33:37,,LUDP,LULD pause,SemiLEDS Corporation,Nasdaq,2021-02-11,,15:38:37,,,,,,nyse,2026-08-08T04:28:25,,,
ANDAU,ANDAU,2021-02-11,15:50:29,,LUDP,LULD pause,Andina Acquisition Corp. III Unit,Nasdaq,2021-02-11,,16:00:00,,,,,,nyse,2026-08-08T04:28:25,,,
FOLD,FOLD,2021-02-11,16:00:13,,T1,News pending,"Amicus Therapeutics, Inc",Nasdaq,2021-02-11,,16:30:00,,,,,,nyse,2026-08-08T04:28:25,,,
COHR,COHR,2021-02-12,08:00:03,,T1,News pending,Coherent Inc,Nasdaq,2021-02-12,,08:30:00,,,,,,nyse,2026-08-08T04:28:25,,,
CLEU,CLEU,2021-02-12,09:31:06,,LUDP,LULD pause,China Liberal Education Holdings Limited Ordinary Shares,Nasdaq,2021-02-12,,09:36:06,,,,,,nyse,2026-08-08T04:28:25,,,
LDI,LDI,2021-02-12,09:47:24,,LUDP,LULD pause,"loanDepot, Inc.",NYSE,2021-02-12,,09:52:40,,,,,,nyse,2026-08-08T04:28:25,,,
WAFU,WAFU,2021-02-12,09:53:29,,LUDP,LULD pause,Wah Fu Education Group Limited Ordinary Shares,Nasdaq,2021-02-12,,09:58:29,,,,,,nyse,2026-08-08T04:28:25,,,
VMACU,VMACU,2021-02-12,09:59:22,,LUDP,LULD pause,Vistas Media Acquisition Company Inc. Unit,Nasdaq,2021-02-12,,10:04:22,,,,,,nyse,2026-08-08T04:28:25,,,
RWLK,RWLK,2021-02-12,10:12:02,,LUDP,LULD pause,ReWalk Robotics Ltd,Nasdaq,2021-02-12,,10:52:30,,,,,,nyse,2026-08-08T04:28:25,,,
WNW,WNW,2021-02-12,10:36:07,,LUDP,LULD pause,Wunong Net Technology Company Limited Ordinary Shares,Nasdaq,2021-02-12,,10:41:07,,,,,,nyse,2026-08-08T04:28:25,,,
WNW,WNW,2021-02-12,10:42:17,,LUDP,LULD pause,Wunong Net Technology Company Limited Ordinary Shares,Nasdaq,2021-02-12,,10:47:17,,,,,,nyse,2026-08-08T04:28:25,,,
CCNC,CCNC,2021-02-12,10:47:33,,LUDP,LULD pause,Code Chain New Continent Limited Common Stock,Nasdaq,2021-02-12,,10:57:33,,,,,,nyse,2026-08-08T04:28:25,,,
WNW,WNW,2021-02-12,10:50:35,,LUDP,LULD pause,Wunong Net Technology Company Limited Ordinary Shares,Nasdaq,2021-02-12,,10:55:35,,,,,,nyse,2026-08-08T04:28:25,,,
RWLK,RWLK,2021-02-12,10:53:11,,LUDP,LULD pause,ReWalk Robotics Ltd,Nasdaq,2021-02-12,,10:58:11,,,,,,nyse,2026-08-08T04:28:25,,,
SSY,SSY,2021-02-12,11:04:10,,LUDP,LULD pause,"SunLink Health Systems, Inc",NYSE American,2021-02-12,,11:09:10,,,,,,nyse,2026-08-08T04:28:25,,,
IO,IO,2021-02-12,11:07:02,,LUDP,LULD pause,ION Geophysical Corporation,NYSE,2021-02-12,,11:12:11,,,,,,nyse,2026-08-08T04:28:25,,,
IO,IO,2021-02-12,11:18:04,,LUDP,LULD pause,ION Geophysical Corporation,NYSE,2021-02-12,,11:23:08,,,,,,nyse,2026-08-08T04:28:25,,,
AAME,AAME,2021-02-12,11:18:34,,LUDP,LULD pause,Atlantic American Corp,Nasdaq,2021-02-12,,11:23:34,,,,,,nyse,2026-08-08T04:28:25,,,
JUPW,JUPW,2021-02-12,11:33:41,,LUDP,LULD pause,"Jupiter Wellness, Inc. Common Stock",Nasdaq,2021-02-12,,11:38:41,,,,,,nyse,2026-08-08T04:28:25,,,
AEE,AEE,2021-02-12,12:33:03,,T1,News pending,Ameren Corporation,NYSE,2021-02-12,,12:52:19,,,,,,nyse,2026-08-08T04:28:25,,,
TRT,TRT,2021-02-12,13:32:56,,LUDP,LULD pause,Trio-Tech International,NYSE American,2021-02-12,,13:42:56,,,,,,nyse,2026-08-08T04:28:25,,,
CLEU,CLEU,2021-02-12,14:00:40,,LUDP,LULD pause,China Liberal Education Holdings Limited Ordinary Shares,Nasdaq,2021-02-12,,14:05:40,,,,,,nyse,2026-08-08T04:28:25,,,
FAT,FAT,2021-02-12,14:54:10,,LUDP,LULD pause,FAT Brands Inc. Common Stock,Nasdaq,2021-02-12,,15:04:10,,,,,,nyse,2026-08-08T04:28:25,,,
FAT,FAT,2021-02-12,15:05:08,,LUDP,LULD pause,FAT Brands Inc. Common Stock,Nasdaq,2021-02-12,,15:10:08,,,,,,nyse,2026-08-08T04:28:25,,,
GRIN,GRIN,2021-02-12,15:14:28,,LUDP,LULD pause,Grindrod Shipping Holdings Ltd. Ordinary Shares,Nasdaq,2021-02-12,,15:19:28,,,,,,nyse,2026-08-08T04:28:25,,,
GYC,GYC,2021-02-16,03:58:28,,T1,News pending,"Corporate Asset Backed Corp., CABCO Trust 2004-102 SBC Commun Float Rate",NYSE,,,,,,,,,nyse,2026-08-08T04:28:25,no_reanudo,,
SFET,SFET,2021-02-16,04:00:58,,T1,News pending,Safe-T Group Ltd. American Depositary Share,Nasdaq,2021-02-16,,09:15:00,,,,,,nyse,2026-08-08T04:28:25,,,
HEPA,HEPA,2021-02-16,05:13:56,,T1,News pending,"Hepion Pharmaceuticals, Inc. Common Stock",Nasdaq,2021-02-16,,07:30:00,,,,,,nyse,2026-08-08T04:28:25,,,
BLUE,BLUE,2021-02-16,06:56:57,,T1,News pending,"bluebird bio, Inc. Common Stock",Nasdaq,2021-02-16,,07:30:00,,,,,,nyse,2026-08-08T04:28:25,,,
IO,IO,2021-02-16,07:33:59,,T1,News pending,ION Geophysical Corporation,NYSE,2021-02-16,,08:45:11,,,,,,nyse,2026-08-08T04:28:25,,,
ANY,ANY,2021-02-16,08:15:12,,T1,News pending,Sphere 3D Corp. Common Shares,Nasdaq,2021-02-16,,08:46:00,,,,,,nyse,2026-08-08T04:28:25,,,
FLAC,FLAC,2021-02-16,09:30:19,,LUDP,LULD pause,Frazier Lifesciences Acquisition Corporation Class A Ordinary Shares,Nasdaq,2021-02-16,,09:35:19,,,,,,nyse,2026-08-08T04:28:25,,,
SCKT,SCKT,2021-02-16,09:31:21,,LUDP,LULD pause,"Socket Mobile, Inc. New",Nasdaq,2021-02-16,,09:36:21,,,,,,nyse,2026-08-08T04:28:25,,,
KBNT,KBNT,2021-02-16,09:36:40,,LUDP,LULD pause,"Kubient, Inc. Common Stock",Nasdaq,2021-02-16,,10:36:46,,,,,,nyse,2026-08-08T04:28:25,,,
SCKT,SCKT,2021-02-16,09:39:53,,LUDP,LULD pause,"Socket Mobile, Inc. New",Nasdaq,2021-02-16,,09:44:53,,,,,,nyse,2026-08-08T04:28:25,,,
ONDS,ONDS,2021-02-16,09:40:21,,LUDP,LULD pause,Ondas Holdings Inc. Common Stock,Nasdaq,2021-02-16,,09:50:21,,,,,,nyse,2026-08-08T04:28:25,,,
WPG.PRI,WPG PRI,2021-02-16,10:36:36,,LUDP,LULD pause,Washington Prime Group Inc. 6.875% Series I Cumulative Redeemable Preferred Shares of Beneficial Int,NYSE,2021-02-16,,10:41:39,,,,,,nyse,2026-08-08T04:28:25,,,
KBNT,KBNT,2021-02-16,10:37:39,,LUDP,LULD pause,"Kubient, Inc. Common Stock",Nasdaq,2021-02-16,,10:42:39,,,,,,nyse,2026-08-08T04:28:25,,,
KBNT,KBNT,2021-02-16,10:45:00,,LUDP,LULD pause,"Kubient, Inc. Common Stock",Nasdaq,2021-02-16,,10:50:00,,,,,,nyse,2026-08-08T04:28:25,,,
SCKT,SCKT,2021-02-16,11:12:27,,LUDP,LULD pause,"Socket Mobile, Inc. New",Nasdaq,2021-02-16,,11:17:27,,,,,,nyse,2026-08-08T04:28:25,,,
HEXO,HEXO,2021-02-16,11:17:52,,T1,News pending,HEXO Corp.,NYSE,2021-02-16,,11:48:53,,,,,,nyse,2026-08-08T04:28:25,,,
SCKT,SCKT,2021-02-16,11:47:06,,LUDP,LULD pause,"Socket Mobile, Inc. New",Nasdaq,2021-02-16,,11:52:06,,,,,,nyse,2026-08-08T04:28:25,,,
SCKT,SCKT,2021-02-16,11:52:29,,LUDP,LULD pause,"Socket Mobile, Inc. New",Nasdaq,2021-02-16,,12:02:29,,,,,,nyse,2026-08-08T04:28:25,,,
SCKT,SCKT,2021-02-16,12:16:18,,LUDP,LULD pause,"Socket Mobile, Inc. New",Nasdaq,2021-02-16,,12:21:18,,,,,,nyse,2026-08-08T04:28:25,,,
SCKT,SCKT,2021-02-16,12:50:52,,LUDP,LULD pause,"Socket Mobile, Inc. New",Nasdaq,2021-02-16,,12:55:52,,,,,,nyse,2026-08-08T04:28:25,,,
ANCN,ANCN,2021-02-16,13:18:51,,LUDP,LULD pause,Anchiano Therapeutics Ltd. American Depositary Share,Nasdaq,2021-02-16,,13:28:51,,,,,,nyse,2026-08-08T04:28:25,,,
CCIV,CCIV,2021-02-16,13:40:17,,LUDP,LULD pause,Churchill Capital Corp IV,NYSE,2021-02-16,,13:45:21,,,,,,nyse,2026-08-08T04:28:25,,,
CCIV.U,CCIV U,2021-02-16,13:40:21,,LUDP,LULD pause,"Churchill Capital Corp IV Units, each consisting of one share of Class A common stock and one-fifth",NYSE,2021-02-16,,13:48:46,,,,,,nyse,2026-08-08T04:28:25,,,
CCIV,CCIV,2021-02-16,13:45:58,,LUDP,LULD pause,Churchill Capital Corp IV,NYSE,2021-02-16,,13:51:00,,,,,,nyse,2026-08-08T04:28:25,,,
CCIV,CCIV,2021-02-16,13:51:40,,LUDP,LULD pause,Churchill Capital Corp IV,NYSE,2021-02-16,,13:56:47,,,,,,nyse,2026-08-08T04:28:25,,,
CCIV.U,CCIV U,2021-02-16,13:52:39,,LUDP,LULD pause,"Churchill Capital Corp IV Units, each consisting of one share of Class A common stock and one-fifth",NYSE,2021-02-16,,13:57:43,,,,,,nyse,2026-08-08T04:28:25,,,
CCIV.U,CCIV U,2021-02-16,13:58:24,,LUDP,LULD pause,"Churchill Capital Corp IV Units, each consisting of one share of Class A common stock and one-fifth",NYSE,2021-02-16,,14:03:28,,,,,,nyse,2026-08-08T04:28:25,,,
ALACU,ALACU,2021-02-16,14:42:17,,LUDP,LULD pause,Alberton Acquisition Corporation Unit,Nasdaq,2021-02-16,,14:47:17,,,,,,nyse,2026-08-08T04:28:25,,,
AMST,AMST,2021-02-16,14:50:22,,LUDP,LULD pause,Amesite Inc.,Nasdaq,2021-02-16,,14:55:22,,,,,,nyse,2026-08-08T04:28:25,,,
JT,JT,2021-02-16,15:15:45,,LUDP,LULD pause,"Jianpu Technology Inc. American Depositary Shares, each representing twenty Class A Ordinary Shares",NYSE,2021-02-16,,15:39:44,,,,,,nyse,2026-08-08T04:28:25,,,
CAAS,CAAS,2021-02-16,15:32:11,,LUDP,LULD pause,"China Automotive Systems, Inc.",Nasdaq,2021-02-16,,15:37:11,,,,,,nyse,2026-08-08T04:28:25,,,
JT,JT,2021-02-16,15:43:29,,LUDP,LULD pause,"Jianpu Technology Inc. American Depositary Shares, each representing twenty Class A Ordinary Shares",NYSE,2021-02-16,,15:48:32,,,,,,nyse,2026-08-08T04:28:25,,,
SCKT,SCKT,2021-02-16,15:52:47,,LUDP,LULD pause,"Socket Mobile, Inc. New",Nasdaq,2021-02-16,,16:00:00,,,,,,nyse,2026-08-08T04:28:25,,,
TTCFW,TTCFW,2021-02-16,16:05:04,,T1,News pending,"Tattooed Chef, Inc. Warrant",Nasdaq,,,,,,,,,nyse,2026-08-08T04:28:25,no_reanudo,,
TPCO,TPCO,2021-02-16,18:27:46,,T1,News pending,Tribune Publishing Company Common Stock,Nasdaq,2021-02-16,,19:00:00,,,,,,nyse,2026-08-08T04:28:25,,,
TNAV,TNAV,2021-02-16,19:50:05,,T1,News pending,Telenav Inc.,Nasdaq,,,,,,,,,nyse,2026-08-08T04:28:25,no_reanudo,,
AMPG,AMPG,2021-02-17,03:58:00,,T1,News pending,AMPLITECH GROUP INC. COM,Nasdaq,2021-02-17,,09:45:00,,,,,,nyse,2026-08-08T04:28:25,,,
VINO,VINO,2021-02-17,03:58:00,,T1,News pending,"Gaucho Group Holdings, Inc. Common Stock",Nasdaq,2021-02-17,,09:45:00,,,,,,nyse,2026-08-08T04:28:25,,,
AMPGW,AMPGW,2021-02-17,04:00:00,,T1,News pending,"Amplitech Group, Inc. Warrants",Nasdaq,2021-02-17,,16:00:00,,,,,,nyse,2026-08-08T04:28:25,,,
PXS,PXS,2021-02-17,04:23:34,,T1,News pending,Pyxis Tankers Inc. Common Stock,Nasdaq,2021-02-17,,10:00:00,,,,,,nyse,2026-08-08T04:28:25,,,
UAMY,UAMY,2021-02-17,09:20:31,,T1,News pending,United States Antimony Corporation,NYSE American,2021-02-19,,09:40:00,,,,,,nyse,2026-08-08T04:28:25,,,
CLPS,CLPS,2021-02-17,09:31:24,,LUDP,LULD pause,CLPS Incorporation Common Stock,Nasdaq,2021-02-17,,09:36:24,,,,,,nyse,2026-08-08T04:28:25,,,
NPAUU,NPAUU,2021-02-17,09:33:22,,LUDP,LULD pause,New Providence Acquisition Corp. Unit,Nasdaq,2021-02-17,,09:43:22,,,,,,nyse,2026-08-08T04:28:25,,,
PETZ,PETZ,2021-02-17,09:36:37,,LUDP,LULD pause,"TDH Holdings, Inc. Common Shares",Nasdaq,2021-02-17,,09:41:37,,,,,,nyse,2026-08-08T04:28:25,,,
MFH,MFH,2021-02-17,09:37:50,,LUDP,LULD pause,Mercurity Fintech Holding Inc. ADS,Nasdaq,2021-02-17,,09:47:50,,,,,,nyse,2026-08-08T04:28:25,,,
VINO,VINO,2021-02-17,09:45:40,,LUDP,LULD pause,"Gaucho Group Holdings, Inc. Common Stock",Nasdaq,2021-02-17,,09:50:40,,,,,,nyse,2026-08-08T04:28:25,,,
EH,EH,2021-02-17,09:46:57,,LUDP,LULD pause,EHang Holdings Limited ADS,Nasdaq,2021-02-17,,09:51:57,,,,,,nyse,2026-08-08T04:28:25,,,
CLPS,CLPS,2021-02-17,09:47:13,,LUDP,LULD pause,CLPS Incorporation Common Stock,Nasdaq,2021-02-17,,09:52:13,,,,,,nyse,2026-08-08T04:28:25,,,
PETZ,PETZ,2021-02-17,09:49:12,,LUDP,LULD pause,"TDH Holdings, Inc. Common Shares",Nasdaq,2021-02-17,,09:59:12,,,,,,nyse,2026-08-08T04:28:25,,,
VINO,VINO,2021-02-17,09:52:54,,LUDP,LULD pause,"Gaucho Group Holdings, Inc. Common Stock",Nasdaq,2021-02-17,,09:57:54,,,,,,nyse,2026-08-08T04:28:25,,,
PETZ,PETZ,2021-02-17,10:10:15,,LUDP,LULD pause,"TDH Holdings, Inc. Common Shares",Nasdaq,2021-02-17,,10:15:15,,,,,,nyse,2026-08-08T04:28:25,,,
ARTW,ARTW,2021-02-17,10:13:53,,LUDP,LULD pause,Arts-Way Manufacturing Co Inc,Nasdaq,2021-02-17,,10:23:53,,,,,,nyse,2026-08-08T04:28:25,,,
PETZ,PETZ,2021-02-17,10:18:13,,LUDP,LULD pause,"TDH Holdings, Inc. Common Shares",Nasdaq,2021-02-17,,10:23:13,,,,,,nyse,2026-08-08T04:28:25,,,
XIN,XIN,2021-02-17,10:24:49,,LUDP,LULD pause,Xinyuan Real Estate Co. LTD,NYSE,2021-02-17,,10:29:49,,,,,,nyse,2026-08-08T04:28:25,,,
CLPS,CLPS,2021-02-17,10:25:24,,LUDP,LULD pause,CLPS Incorporation Common Stock,Nasdaq,2021-02-17,,10:30:24,,,,,,nyse,2026-08-08T04:28:25,,,
PETZ,PETZ,2021-02-17,10:27:04,,LUDP,LULD pause,"TDH Holdings, Inc. Common Shares",Nasdaq,2021-02-17,,10:32:04,,,,,,nyse,2026-08-08T04:28:25,,,
PETZ,PETZ,2021-02-17,10:32:28,,LUDP,LULD pause,"TDH Holdings, Inc. Common Shares",Nasdaq,2021-02-17,,10:42:28,,,,,,nyse,2026-08-08T04:28:25,,,
ARTW,ARTW,2021-02-17,10:37:06,,LUDP,LULD pause,Arts-Way Manufacturing Co Inc,Nasdaq,2021-02-17,,10:42:06,,,,,,nyse,2026-08-08T04:28:25,,,
CLPS,CLPS,2021-02-17,10:43:30,,LUDP,LULD pause,CLPS Incorporation Common Stock,Nasdaq,2021-02-17,,10:48:30,,,,,,nyse,2026-08-08T04:28:25,,,
ARTW,ARTW,2021-02-17,10:49:18,,LUDP,LULD pause,Arts-Way Manufacturing Co Inc,Nasdaq,2021-02-17,,11:09:19,,,,,,nyse,2026-08-08T04:28:25,,,
PETZ,PETZ,2021-02-17,10:51:02,,LUDP,LULD pause,"TDH Holdings, Inc. Common Shares",Nasdaq,2021-02-17,,10:56:02,,,,,,nyse,2026-08-08T04:28:25,,,
VINO,VINO,2021-02-17,11:03:47,,LUDP,LULD pause,"Gaucho Group Holdings, Inc. Common Stock",Nasdaq,2021-02-17,,11:08:47,,,,,,nyse,2026-08-08T04:28:25,,,
SOS,SOS,2021-02-17,11:07:44,,LUDP,LULD pause,SOS Limited,NYSE,2021-02-17,,11:12:46,,,,,,nyse,2026-08-08T04:28:25,,,
HIHO,HIHO,2021-02-17,11:08:20,,LUDP,LULD pause,Highway Holdings Ltd,Nasdaq,2021-02-17,,11:13:20,,,,,,nyse,2026-08-08T04:28:25,,,
ARTW,ARTW,2021-02-17,11:12:14,,LUDP,LULD pause,Arts-Way Manufacturing Co Inc,Nasdaq,2021-02-17,,11:22:14,,,,,,nyse,2026-08-08T04:28:25,,,
SOS,SOS,2021-02-17,11:17:25,,LUDP,LULD pause,SOS Limited,NYSE,2021-02-17,,11:22:30,,,,,,nyse,2026-08-08T04:28:25,,,
PETZ,PETZ,2021-02-17,11:28:22,,LUDP,LULD pause,"TDH Holdings, Inc. Common Shares",Nasdaq,2021-02-17,,11:33:22,,,,,,nyse,2026-08-08T04:28:25,,,
SOS,SOS,2021-02-17,11:29:17,,LUDP,LULD pause,SOS Limited,NYSE,2021-02-17,,11:34:22,,,,,,nyse,2026-08-08T04:28:25,,,
PETZ,PETZ,2021-02-17,11:34:27,,LUDP,LULD pause,"TDH Holdings, Inc. Common Shares",Nasdaq,2021-02-17,,11:39:27,,,,,,nyse,2026-08-08T04:28:25,,,
PETZ,PETZ,2021-02-17,11:39:55,,LUDP,LULD pause,"TDH Holdings, Inc. Common Shares",Nasdaq,2021-02-17,,11:44:55,,,,,,nyse,2026-08-08T04:28:25,,,
PETZ,PETZ,2021-02-17,11:45:24,,LUDP,LULD pause,"TDH Holdings, Inc. Common Shares",Nasdaq,2021-02-17,,11:50:24,,,,,,nyse,2026-08-08T04:28:25,,,
PETZ,PETZ,2021-02-17,11:58:34,,LUDP,LULD pause,"TDH Holdings, Inc. Common Shares",Nasdaq,2021-02-17,,12:03:34,,,,,,nyse,2026-08-08T04:28:25,,,
GSKY,GSKY,2021-02-17,12:07:23,,LUDP,LULD pause,"GreenSky, Inc. Class A Common Stock",Nasdaq,2021-02-17,,12:12:23,,,,,,nyse,2026-08-08T04:28:25,,,
VRPX,VRPX,2021-02-17,12:17:05,,LUDP,LULD pause,"Virpax Pharmaceuticals, Inc. Common Stock",Nasdaq,2021-02-17,,12:22:05,,,,,,nyse,2026-08-08T04:28:25,,,
CLPS,CLPS,2021-02-17,13:00:56,,LUDP,LULD pause,CLPS Incorporation Common Stock,Nasdaq,2021-02-17,,13:05:56,,,,,,nyse,2026-08-08T04:28:25,,,
PETZ,PETZ,2021-02-17,13:16:52,,LUDP,LULD pause,"TDH Holdings, Inc. Common Shares",Nasdaq,2021-02-17,,13:21:52,,,,,,nyse,2026-08-08T04:28:25,,,
NBY,NBY,2021-02-17,13:20:07,,LUDP,LULD pause,"NovaBay Pharmaceuticals, Inc.",NYSE American,2021-02-17,,13:25:07,,,,,,nyse,2026-08-08T04:28:25,,,
PBTS,PBTS,2021-02-17,14:47:25,,LUDP,LULD pause,"Powerbridge Technologies Co., Ltd. Ordinary Shares",Nasdaq,2021-02-17,,14:57:26,,,,,,nyse,2026-08-08T04:28:25,,,
PBTS,PBTS,2021-02-17,15:02:41,,LUDP,LULD pause,"Powerbridge Technologies Co., Ltd. Ordinary Shares",Nasdaq,2021-02-17,,15:12:41,,,,,,nyse,2026-08-08T04:28:25,,,
NTEC,NTEC,2021-02-17,15:05:11,,LUDP,LULD pause,Intec Pharma Ltd. Ordinary Shares,Nasdaq,2021-02-17,,15:10:11,,,,,,nyse,2026-08-08T04:28:25,,,
PBTS,PBTS,2021-02-17,15:19:48,,LUDP,LULD pause,"Powerbridge Technologies Co., Ltd. Ordinary Shares",Nasdaq,2021-02-17,,15:24:48,,,,,,nyse,2026-08-08T04:28:25,,,
PBTS,PBTS,2021-02-17,15:30:53,,LUDP,LULD pause,"Powerbridge Technologies Co., Ltd. Ordinary Shares",Nasdaq,2021-02-17,,15:35:53,,,,,,nyse,2026-08-08T04:28:25,,,
PBTS,PBTS,2021-02-17,15:42:23,,LUDP,LULD pause,"Powerbridge Technologies Co., Ltd. Ordinary Shares",Nasdaq,2021-02-17,,15:47:23,,,,,,nyse,2026-08-08T04:28:25,,,
VINO,VINO,2021-02-17,15:45:23,,LUDP,LULD pause,"Gaucho Group Holdings, Inc. Common Stock",Nasdaq,2021-02-17,,16:00:00,,,,,,nyse,2026-08-08T04:28:25,,,
PHCF,PHCF,2021-02-17,15:53:18,,LUDP,LULD pause,"Puhui Wealth Investment Management Co., Ltd.",Nasdaq,2021-02-17,,16:00:00,,,,,,nyse,2026-08-08T04:28:25,,,
AAMC,AAMC,2021-02-18,06:58:25,,T1,News pending,Altisource Asset Mgmt Corp,NYSE American,2021-02-18,,08:30:00,,,,,,nyse,2026-08-08T04:28:25,,,
CCJ,CCJ,2021-02-18,07:58:25,,T1,News pending,Cameco Corporation,NYSE,2021-02-18,,10:30:12,,,,,,nyse,2026-08-08T04:28:25,,,
ESSC,ESSC,2021-02-18,08:38:02,,T1,News pending,East Stone Acquisition Corporation Ordinary Shares,Nasdaq,2021-02-18,,09:10:00,,,,,,nyse,2026-08-08T04:28:25,,,
ESSCR,ESSCR,2021-02-18,08:38:02,,T1,News pending,East Stone Acquisition Corporation Right,Nasdaq,2021-02-18,,09:10:00,,,,,,nyse,2026-08-08T04:28:25,,,
ESSCU,ESSCU,2021-02-18,08:38:02,,T1,News pending,East Stone Acquisition Corporation Unit,Nasdaq,2021-02-18,,09:10:00,,,,,,nyse,2026-08-08T04:28:25,,,
ESSCW,ESSCW,2021-02-18,08:38:02,,T1,News pending,East Stone Acquisition Corporation Warrant,Nasdaq,2021-02-18,,09:10:00,,,,,,nyse,2026-08-08T04:28:25,,,
CAPA,CAPA,2021-02-18,09:29:59,,T1,News pending,HighCape Capital Acquisition Corp. Class A Common Stock,Nasdaq,2021-02-18,,10:30:00,,,,,,nyse,2026-08-08T04:28:25,,,
CAPAW,CAPAW,2021-02-18,09:29:59,,T1,News pending,HighCape Capital Acquisition Corp. Warrant,Nasdaq,2021-02-18,,11:07:55,,,,,,nyse,2026-08-08T04:28:25,,,
CAPAU,CAPAU,2021-02-18,09:30:36,,T1,News pending,HighCape Capital Acquisition Corp. Unit,Nasdaq,2021-02-18,,10:30:00,,,,,,nyse,2026-08-08T04:28:25,,,
PHCF,PHCF,2021-02-18,09:33:14,,LUDP,LULD pause,"Puhui Wealth Investment Management Co., Ltd.",Nasdaq,2021-02-18,,09:43:14,,,,,,nyse,2026-08-08T04:28:25,,,
IMNM,IMNM,2021-02-18,09:37:24,,LUDP,LULD pause,"Immunome, Inc.",Nasdaq,2021-02-18,,09:42:24,,,,,,nyse,2026-08-08T04:28:25,,,
QUIK,QUIK,2021-02-18,09:38:30,,LUDP,LULD pause,QuickLogic Corp,Nasdaq,2021-02-18,,09:49:38,,,,,,nyse,2026-08-08T04:28:25,,,
GTEC,GTEC,2021-02-18,09:42:36,,LUDP,LULD pause,Greenland Technologies Holding Corporation Ordinary Shares,Nasdaq,2021-02-18,,09:47:36,,,,,,nyse,2026-08-08T04:28:25,,,
VIHAU,VIHAU,2021-02-18,09:55:18,,LUDP,LULD pause,VPC Impact Acquisition Holdings Unit,Nasdaq,2021-02-18,,10:00:18,,,,,,nyse,2026-08-08T04:28:25,,,
IMNM,IMNM,2021-02-18,10:28:14,,LUDP,LULD pause,"Immunome, Inc.",Nasdaq,2021-02-18,,10:33:14,,,,,,nyse,2026-08-08T04:28:25,,,
CAPAU,CAPAU,2021-02-18,11:00:45,,LUDP,LULD pause,HighCape Capital Acquisition Corp. Unit,Nasdaq,2021-02-18,,11:05:45,,,,,,nyse,2026-08-08T04:28:25,,,
RBKB,RBKB,2021-02-18,11:02:28,,LUDP,LULD pause,"Rhinebeck Bancorp, Inc. Common Stock",Nasdaq,2021-02-18,,11:12:28,,,,,,nyse,2026-08-08T04:28:25,,,
RBKB,RBKB,2021-02-18,11:16:41,,LUDP,LULD pause,"Rhinebeck Bancorp, Inc. Common Stock",Nasdaq,2021-02-18,,11:21:41,,,,,,nyse,2026-08-08T04:28:25,,,
BLU,BLU,2021-02-18,11:17:55,,LUDP,LULD pause,BELLUS Health Inc.,Nasdaq,2021-02-18,,11:22:55,,,,,,nyse,2026-08-08T04:28:25,,,
IMNM,IMNM,2021-02-18,11:28:01,,LUDP,LULD pause,"Immunome, Inc.",Nasdaq,2021-02-18,,11:33:01,,,,,,nyse,2026-08-08T04:28:25,,,
IMNM,IMNM,2021-02-18,11:36:54,,LUDP,LULD pause,"Immunome, Inc.",Nasdaq,2021-02-18,,11:41:54,,,,,,nyse,2026-08-08T04:28:25,,,
LTRPB,LTRPB,2021-02-18,11:44:26,,LUDP,LULD pause,"Liberty TripAdvisor Holdings, Inc. Series B",Nasdaq,2021-02-18,,11:54:27,,,,,,nyse,2026-08-08T04:28:25,,,
IMNM,IMNM,2021-02-18,11:49:31,,LUDP,LULD pause,"Immunome, Inc.",Nasdaq,2021-02-18,,11:54:31,,,,,,nyse,2026-08-08T04:28:25,,,
LTRPB,LTRPB,2021-02-18,12:00:43,,LUDP,LULD pause,"Liberty TripAdvisor Holdings, Inc. Series B",Nasdaq,2021-02-18,,12:05:43,,,,,,nyse,2026-08-08T04:28:25,,,
TRT,TRT,2021-02-18,12:02:00,,LUDP,LULD pause,Trio-Tech International,NYSE American,2021-02-18,,12:07:00,,,,,,nyse,2026-08-08T04:28:25,,,
LTRPB,LTRPB,2021-02-18,12:09:32,,LUDP,LULD pause,"Liberty TripAdvisor Holdings, Inc. Series B",Nasdaq,2021-02-18,,12:14:32,,,,,,nyse,2026-08-08T04:28:25,,,
LTRPB,LTRPB,2021-02-18,12:15:34,,LUDP,LULD pause,"Liberty TripAdvisor Holdings, Inc. Series B",Nasdaq,2021-02-18,,12:25:34,,,,,,nyse,2026-08-08T04:28:25,,,
LTRPB,LTRPB,2021-02-18,12:26:00,,LUDP,LULD pause,"Liberty TripAdvisor Holdings, Inc. Series B",Nasdaq,2021-02-18,,12:36:01,,,,,,nyse,2026-08-08T04:28:25,,,
LTRPB,LTRPB,2021-02-18,12:37:52,,LUDP,LULD pause,"Liberty TripAdvisor Holdings, Inc. Series B",Nasdaq,2021-02-18,,12:42:52,,,,,,nyse,2026-08-08T04:28:25,,,
LTRPB,LTRPB,2021-02-18,12:47:05,,LUDP,LULD pause,"Liberty TripAdvisor Holdings, Inc. Series B",Nasdaq,2021-02-18,,12:52:05,,,,,,nyse,2026-08-08T04:28:25,,,
LTRPB,LTRPB,2021-02-18,13:23:35,,LUDP,LULD pause,"Liberty TripAdvisor Holdings, Inc. Series B",Nasdaq,2021-02-18,,13:28:35,,,,,,nyse,2026-08-08T04:28:25,,,
GTT,GTT,2021-02-18,13:27:39,,LUDP,LULD pause,"GTT Communications, Inc.",NYSE,2021-02-18,,13:32:44,,,,,,nyse,2026-08-08T04:28:25,,,
HSTO,HSTO,2021-02-18,13:34:43,,LUDP,LULD pause,Histogen Inc. Common Stock,Nasdaq,2021-02-18,,13:44:43,,,,,,nyse,2026-08-08T04:28:25,,,
EDTK,EDTK,2021-02-18,15:10:51,,LUDP,LULD pause,Skillful Craftsman Education Technology Limited Ordinary Share,Nasdaq,2021-02-18,,15:15:51,,,,,,nyse,2026-08-08T04:28:25,,,
EOLS,EOLS,2021-02-19,09:10:02,,T1,News pending,"Evolus, Inc. Common Stock",Nasdaq,2021-02-19,,09:50:00,,,,,,nyse,2026-08-08T04:28:25,,,
AVCT,AVCT,2021-02-19,09:30:18,,LUDP,LULD pause,"American Virtual Cloud Technologies, Inc. Common Stock",Nasdaq,2021-02-19,,09:35:18,,,,,,nyse,2026-08-08T04:28:25,,,
RENN,RENN,2021-02-19,09:35:21,,LUDP,LULD pause,Renren Inc. American Depositary Share (each representing forty-five (45) Class A Ordinary Shares),NYSE,2021-02-19,,09:40:21,,,,,,nyse,2026-08-08T04:28:25,,,
TAOP,TAOP,2021-02-19,09:35:40,,LUDP,LULD pause,Taoping Inc. BVI Ordinary Shares (0 par),Nasdaq,2021-02-19,,09:40:40,,,,,,nyse,2026-08-08T04:28:25,,,
PRFX,PRFX,2021-02-19,09:38:54,,LUDP,LULD pause,PainReform Ltd. Ordinary Shares,Nasdaq,2021-02-19,,09:48:54,,,,,,nyse,2026-08-08T04:28:25,,,
UAMY,UAMY,2021-02-19,09:41:37,,LUDP,LULD pause,United States Antimony Corporation,NYSE American,2021-02-19,,09:46:37,,,,,,nyse,2026-08-08T04:28:25,,,
SFTW.U,SFTW U,2021-02-19,09:42:45,,LUDP,LULD pause,"Osprey Technology Acquisition Corp. Units, each consisting of one share of Class A Common Stock and",NYSE,2021-02-19,,09:48:45,,,,,,nyse,2026-08-08T04:28:25,,,
UAMY,UAMY,2021-02-19,09:47:43,,LUDP,LULD pause,United States Antimony Corporation,NYSE American,2021-02-19,,09:52:43,,,,,,nyse,2026-08-08T04:28:25,,,
EARS,EARS,2021-02-19,09:50:05,,LUDP,LULD pause,Auris Medical Holding Ltd. Common Shares 0.01 SF (Bermuda),Nasdaq,2021-02-19,,10:00:05,,,,,,nyse,2026-08-08T04:28:25,,,
EOLS,EOLS,2021-02-19,09:56:13,,LUDP,LULD pause,"Evolus, Inc. Common Stock",Nasdaq,2021-02-19,,10:01:13,,,,,,nyse,2026-08-08T04:28:25,,,
ICD,ICD,2021-02-19,10:01:29,,LUDP,LULD pause,"Independence Contract Drilling, Inc.",NYSE,2021-02-19,,10:06:29,,,,,,nyse,2026-08-08T04:28:25,,,
EOLS,EOLS,2021-02-19,10:02:51,,LUDP,LULD pause,"Evolus, Inc. Common Stock",Nasdaq,2021-02-19,,10:07:51,,,,,,nyse,2026-08-08T04:28:25,,,
TKC,TKC,2021-02-19,10:26:58,,T1,News pending,TURKCELL ILETISIM HIZMETLERI A.S. ADS,NYSE,2021-02-19,,11:16:20,,,,,,nyse,2026-08-08T04:28:25,,,
RELL,RELL,2021-02-19,11:00:22,,LUDP,LULD pause,Richardson Electronics Ltd,Nasdaq,2021-02-19,,11:10:22,,,,,,nyse,2026-08-08T04:28:25,,,
GHVIU,GHVIU,2021-02-19,13:01:04,,LUDP,LULD pause,"Gores Holdings VI, Inc. Unit",Nasdaq,2021-02-19,,13:06:04,,,,,,nyse,2026-08-08T04:28:25,,,
CBLI,CBLI,2021-02-19,13:30:43,,LUDP,LULD pause,"Cleveland Biolabs, Inc",Nasdaq,2021-02-19,,13:35:43,,,,,,nyse,2026-08-08T04:28:25,,,
CCIV.U,CCIV U,2021-02-19,15:07:08,,LUDP,LULD pause,"Churchill Capital Corp IV Units, each consisting of one share of Class A common stock and one-fifth",NYSE,2021-02-19,,15:12:08,,,,,,nyse,2026-08-08T04:28:25,,,
CCIV,CCIV,2021-02-19,15:07:15,,LUDP,LULD pause,Churchill Capital Corp IV,NYSE,2021-02-19,,15:12:24,,,,,,nyse,2026-08-08T04:28:25,,,
CCIV.U,CCIV U,2021-02-19,15:13:15,,LUDP,LULD pause,"Churchill Capital Corp IV Units, each consisting of one share of Class A common stock and one-fifth",NYSE,2021-02-19,,15:18:17,,,,,,nyse,2026-08-08T04:28:25,,,
TDACU,TDACU,2021-02-19,15:58:32,,LUDP,LULD pause,Trident Acquisitions Corp. Units,Nasdaq,2021-02-19,,16:00:00,,,,,,nyse,2026-08-08T04:28:25,,,
NGAC,NGAC,2021-02-22,06:55:19,,T1,News pending,NextGen Acquisition Corporation Class A Ordinary Shares,Nasdaq,2021-02-22,,07:30:00,,,,,,nyse,2026-08-08T04:28:25,,,
NGACW,NGACW,2021-02-22,06:55:19,,T1,News pending,NextGen Acquisition Corporation Warrants,Nasdaq,2021-02-22,,07:30:00,,,,,,nyse,2026-08-08T04:28:25,,,
OTIC,OTIC,2021-02-22,06:55:19,,T1,News pending,"Otonomy, Inc.",Nasdaq,2021-02-22,,07:30:00,,,,,,nyse,2026-08-08T04:28:25,,,
NGACU,NGACU,2021-02-22,06:55:20,,T1,News pending,NextGen Acquisition Corporation Units,Nasdaq,2021-02-22,,07:30:00,,,,,,nyse,2026-08-08T04:28:25,,,
PBCT,PBCT,2021-02-22,07:00:13,,T1,News pending,People's United Financial Inc,Nasdaq,2021-02-22,,07:30:00,,,,,,nyse,2026-08-08T04:28:25,,,
PBCTP,PBCTP,2021-02-22,07:00:13,,T1,News pending,"People's United Financial, Inc. Perpetual Preferred Series A Fixed-to-floating Rate",Nasdaq,2021-02-22,,07:30:00,,,,,,nyse,2026-08-08T04:28:25,,,
JE,JE,2021-02-22,07:10:57,,T1,News pending,Just Energy Group Inc,NYSE,2021-02-22,,08:05:04,,,,,,nyse,2026-08-08T04:28:25,,,
FRTA,FRTA,2021-02-22,07:56:34,,T1,News pending,"Forterra, Inc",Nasdaq,2021-02-22,,08:30:00,,,,,,nyse,2026-08-08T04:28:25,,,
TDACU,TDACU,2021-02-22,09:36:09,,LUDP,LULD pause,Trident Acquisitions Corp. Units,Nasdaq,2021-02-22,,09:41:09,,,,,,nyse,2026-08-08T04:28:25,,,
RSVAU,RSVAU,2021-02-22,09:57:28,,LUDP,LULD pause,Rodgers Silicon Valley Acquisition Corp. Unit,Nasdaq,2021-02-22,,10:02:28,,,,,,nyse,2026-08-08T04:28:25,,,
HVT.A,HVT A,2021-02-22,10:09:48,,LUDP,LULD pause,"Haverty Furniture Companies, Inc. Class A",NYSE,2021-02-22,,10:15:02,,,,,,nyse,2026-08-08T04:28:25,,,
TDACU,TDACU,2021-02-22,12:30:47,,LUDP,LULD pause,Trident Acquisitions Corp. Units,Nasdaq,2021-02-22,,12:35:47,,,,,,nyse,2026-08-08T04:28:25,,,
ACRS,ACRS,2021-02-22,12:33:20,,LUDP,LULD pause,"Aclaris Therapeutics, Inc.",Nasdaq,2021-02-22,,12:43:20,,,,,,nyse,2026-08-08T04:28:25,,,
ZKIN,ZKIN,2021-02-22,13:35:17,,LUDP,LULD pause,"ZK International Group Co., Ltd Ordinary Share",Nasdaq,2021-02-22,,13:40:17,,,,,,nyse,2026-08-08T04:28:25,,,
BWAY,BWAY,2021-02-22,16:00:14,,T1,News pending,Brainsway Ltd. American Depositary Shares,Nasdaq,2021-02-23,,09:15:00,,,,,,nyse,2026-08-08T04:28:25,,,
TKAT,TKAT,2021-02-23,09:30:24,,LUDP,LULD pause,"Takung Art Co., Ltd.",NYSE American,2021-02-23,,09:35:24,,,,,,nyse,2026-08-08T04:28:25,,,
GIK.U,GIK U,2021-02-23,09:35:12,,LUDP,LULD pause,"GigCapital3, Inc. Units, each consisting of one share of Common Stock and three-fourths of one Redee",NYSE,2021-02-23,,09:48:51,,,,,,nyse,2026-08-08T04:28:25,,,
DMYD.U,DMYD U,2021-02-23,09:38:22,,LUDP,LULD pause,"dMY Technology Group, Inc. II Units, each consisting of one share of Class A common stock and one-th",NYSE,2021-02-23,,09:43:22,,,,,,nyse,2026-08-08T04:28:25,,,
ALACU,ALACU,2021-02-23,09:39:10,,LUDP,LULD pause,Alberton Acquisition Corporation Unit,Nasdaq,2021-02-23,,09:44:10,,,,,,nyse,2026-08-08T04:28:25,,,
TGC,TGC,2021-02-23,09:42:08,,LUDP,LULD pause,"Tengasco, Inc.",NYSE American,2021-02-23,,09:47:08,,,,,,nyse,2026-08-08T04:28:25,,,
DWSN,DWSN,2021-02-23,09:43:46,,LUDP,LULD pause,Dawson Geophysical Company New Common Stock,Nasdaq,2021-02-23,,09:48:46,,,,,,nyse,2026-08-08T04:28:25,,,
ZKIN,ZKIN,2021-02-23,09:47:03,,LUDP,LULD pause,"ZK International Group Co., Ltd Ordinary Share",Nasdaq,2021-02-23,,09:57:03,,,,,,nyse,2026-08-08T04:28:25,,,
TAOP,TAOP,2021-02-23,09:47:23,,LUDP,LULD pause,Taoping Inc. BVI Ordinary Shares (0 par),Nasdaq,2021-02-23,,09:52:23,,,,,,nyse,2026-08-08T04:28:25,,,
OBLG,OBLG,2021-02-23,09:47:34,,LUDP,LULD pause,Oblong Inc. Common Stock,Nasdaq,2021-02-23,,09:52:34,,,,,,nyse,2026-08-08T04:28:25,,,
GTBP,GTBP,2021-02-23,09:51:56,,LUDP,LULD pause,GT Biopharma Inc. Common Stock,Nasdaq,2021-02-23,,09:56:56,,,,,,nyse,2026-08-08T04:28:25,,,
GIK.U,GIK U,2021-02-23,09:51:59,,LUDP,LULD pause,"GigCapital3, Inc. Units, each consisting of one share of Common Stock and three-fourths of one Redee",NYSE,2021-02-23,,09:56:59,,,,,,nyse,2026-08-08T04:28:25,,,
KOPN,KOPN,2021-02-23,09:52:11,,LUDP,LULD pause,Kopin Corp,Nasdaq,2021-02-23,,09:57:11,,,,,,nyse,2026-08-08T04:28:25,,,
CLSD,CLSD,2021-02-23,09:54:51,,LUDP,LULD pause,"Clearside Biomedical, Inc. Common Stock",Nasdaq,2021-02-23,,09:59:51,,,,,,nyse,2026-08-08T04:28:25,,,
YOLO,YOLO,2021-02-23,09:57:36,,LUDP,LULD pause,AdvisorShares Pure Cannabis ETF,NYSE Arca,2021-02-23,,10:02:36,,,,,,nyse,2026-08-08T04:28:25,,,
SSPKU,SSPKU,2021-02-23,10:10:00,,LUDP,LULD pause,Silver Spike Acquisition Corp. Units,Nasdaq,2021-02-23,,10:15:00,,,,,,nyse,2026-08-08T04:28:25,,,
CAPAU,CAPAU,2021-02-23,10:12:49,,LUDP,LULD pause,HighCape Capital Acquisition Corp. Unit,Nasdaq,2021-02-23,,10:17:49,,,,,,nyse,2026-08-08T04:28:25,,,
CIICU,CIICU,2021-02-23,10:19:27,,LUDP,LULD pause,CIIG Merger Corp. Units,Nasdaq,2021-02-23,,10:24:27,,,,,,nyse,2026-08-08T04:28:25,,,
PHCF,PHCF,2021-02-23,10:28:12,,LUDP,LULD pause,"Puhui Wealth Investment Management Co., Ltd.",Nasdaq,2021-02-23,,10:38:13,,,,,,nyse,2026-08-08T04:28:25,,,
FI,FI,2021-02-23,11:05:10,,LUDP,LULD pause,FRANKS INTERNATIONAL N.V..,NYSE,2021-02-23,,11:10:24,,,,,,nyse,2026-08-08T04:28:25,,,
LACQU,LACQU,2021-02-23,11:14:52,,LUDP,LULD pause,Leisure Acquisition Corp. Unit,Nasdaq,2021-02-23,,11:19:52,,,,,,nyse,2026-08-08T04:28:25,,,
UNAM,UNAM,2021-02-23,11:26:06,,LUDP,LULD pause,Unico American Corp,Nasdaq,2021-02-23,,11:31:06,,,,,,nyse,2026-08-08T04:28:25,,,
UNAM,UNAM,2021-02-23,11:31:59,,LUDP,LULD pause,Unico American Corp,Nasdaq,2021-02-23,,11:36:59,,,,,,nyse,2026-08-08T04:28:25,,,
UNAM,UNAM,2021-02-23,11:37:37,,LUDP,LULD pause,Unico American Corp,Nasdaq,2021-02-23,,11:47:37,,,,,,nyse,2026-08-08T04:28:25,,,
UNAM,UNAM,2021-02-23,11:48:25,,LUDP,LULD pause,Unico American Corp,Nasdaq,2021-02-23,,11:53:25,,,,,,nyse,2026-08-08T04:28:25,,,
NVOS,NVOS,2021-02-23,12:12:55,,LUDP,LULD pause,"Novo Integrated Sciences, Inc. Common Stock",Nasdaq,2021-02-23,,12:17:55,,,,,,nyse,2026-08-08T04:28:25,,,
NBACU,NBACU,2021-02-23,12:52:03,,LUDP,LULD pause,Newborn Acquisition Corp. Unit,Nasdaq,2021-02-23,,13:07:05,,,,,,nyse,2026-08-08T04:28:25,,,
CARV,CARV,2021-02-23,13:30:30,,LUDP,LULD pause,"Carver Bancorp, Inc.",Nasdaq,2021-02-23,,13:40:30,,,,,,nyse,2026-08-08T04:28:25,,,
TIMB,TIMB,2021-02-23,14:41:17,,T1,News pending,TIM S.A. American Depositary Shares (Each representing 5 Common Shares),NYSE,2021-02-23,,15:06:19,,,,,,nyse,2026-08-08T04:28:25,,,
WKHS,WKHS,2021-02-23,15:05:09,,LUDP,LULD pause,"Workhorse Group, Inc",Nasdaq,2021-02-23,,15:15:09,,,,,,nyse,2026-08-08T04:28:25,,,
WKHS,WKHS,2021-02-23,15:15:51,,LUDP,LULD pause,"Workhorse Group, Inc",Nasdaq,2021-02-23,,15:25:51,,,,,,nyse,2026-08-08T04:28:25,,,
WKHS,WKHS,2021-02-23,15:26:16,,LUDP,LULD pause,"Workhorse Group, Inc",Nasdaq,2021-02-23,,15:36:16,,,,,,nyse,2026-08-08T04:28:25,,,
WKHS,WKHS,2021-02-23,15:36:42,,LUDP,LULD pause,"Workhorse Group, Inc",Nasdaq,2021-02-23,,15:41:42,,,,,,nyse,2026-08-08T04:28:25,,,
WKHS,WKHS,2021-02-23,15:43:01,,LUDP,LULD pause,"Workhorse Group, Inc",Nasdaq,2021-02-23,,15:48:01,,,,,,nyse,2026-08-08T04:28:25,,,
HURN,HURN,2021-02-24,09:30:18,,LUDP,LULD pause,Huron Consulting Group Inc.,Nasdaq,2021-02-24,,09:35:18,,,,,,nyse,2026-08-08T04:28:25,,,
NVOS,NVOS,2021-02-24,09:38:23,,LUDP,LULD pause,"Novo Integrated Sciences, Inc. Common Stock",Nasdaq,2021-02-24,,09:43:23,,,,,,nyse,2026-08-08T04:28:25,,,
NVOS,NVOS,2021-02-24,09:43:46,,LUDP,LULD pause,"Novo Integrated Sciences, Inc. Common Stock",Nasdaq,2021-02-24,,09:48:46,,,,,,nyse,2026-08-08T04:28:25,,,
NVOS,NVOS,2021-02-24,09:49:16,,LUDP,LULD pause,"Novo Integrated Sciences, Inc. Common Stock",Nasdaq,2021-02-24,,09:54:16,,,,,,nyse,2026-08-08T04:28:25,,,
NVOS,NVOS,2021-02-24,09:56:45,,LUDP,LULD pause,"Novo Integrated Sciences, Inc. Common Stock",Nasdaq,2021-02-24,,10:06:46,,,,,,nyse,2026-08-08T04:28:25,,,
NVOS,NVOS,2021-02-24,10:14:29,,LUDP,LULD pause,"Novo Integrated Sciences, Inc. Common Stock",Nasdaq,2021-02-24,,10:19:29,,,,,,nyse,2026-08-08T04:28:25,,,
NVOS,NVOS,2021-02-24,10:24:08,,LUDP,LULD pause,"Novo Integrated Sciences, Inc. Common Stock",Nasdaq,2021-02-24,,10:29:08,,,,,,nyse,2026-08-08T04:28:25,,,
SSPKU,SSPKU,2021-02-24,10:32:55,,LUDP,LULD pause,Silver Spike Acquisition Corp. Units,Nasdaq,2021-02-24,,10:37:55,,,,,,nyse,2026-08-08T04:28:25,,,
NVOS,NVOS,2021-02-24,10:36:07,,LUDP,LULD pause,"Novo Integrated Sciences, Inc. Common Stock",Nasdaq,2021-02-24,,10:41:07,,,,,,nyse,2026-08-08T04:28:25,,,
GURE,GURE,2021-02-24,10:43:37,,LUDP,LULD pause,"Gulf Resources, Inc. (NV) Common Stock",Nasdaq,2021-02-24,,10:48:37,,,,,,nyse,2026-08-08T04:28:25,,,
NVOS,NVOS,2021-02-24,13:01:20,,LUDP,LULD pause,"Novo Integrated Sciences, Inc. Common Stock",Nasdaq,2021-02-24,,13:06:20,,,,,,nyse,2026-08-08T04:28:25,,,
NVOS,NVOS,2021-02-24,13:38:19,,LUDP,LULD pause,"Novo Integrated Sciences, Inc. Common Stock",Nasdaq,2021-02-24,,13:43:19,,,,,,nyse,2026-08-08T04:28:25,,,
MLSS,MLSS,2021-02-24,15:15:18,,LUDP,LULD pause,"Milestone Scientific, Inc. Common Stock",NYSE American,2021-02-24,,15:20:18,,,,,,nyse,2026-08-08T04:28:25,,,
GME,GME,2021-02-24,15:38:41,,LUDP,LULD pause,GameStop Corp. Class A,NYSE,2021-02-24,,15:43:44,,,,,,nyse,2026-08-08T04:28:25,,,
GME,GME,2021-02-24,15:46:17,,LUDP,LULD pause,GameStop Corp. Class A,NYSE,2021-02-24,,16:00:13,,,,,,nyse,2026-08-08T04:28:25,,,
RCEL,RCEL,2021-02-24,18:10:25,,T1,News pending,"Avita Therapeutics, Inc. Common Stock",Nasdaq,2021-02-25,,06:45:00,,,,,,nyse,2026-08-08T04:28:25,,,
VIRX,VIRX,2021-02-25,09:30:18,,LUDP,LULD pause,"Viracta Therapeutics, Inc. Common Stock",Nasdaq,2021-02-25,,09:45:19,,,,,,nyse,2026-08-08T04:28:25,,,
PNRG,PNRG,2021-02-25,09:30:19,,LUDP,LULD pause,PrimeEnergy Resources Corporation Common Stock,Nasdaq,2021-02-25,,09:40:19,,,,,,nyse,2026-08-08T04:28:25,,,
GME,GME,2021-02-25,09:33:39,,LUDP,LULD pause,GameStop Corp. Class A,NYSE,2021-02-25,,09:38:45,,,,,,nyse,2026-08-08T04:28:25,,,
KOSS,KOSS,2021-02-25,09:33:44,,LUDP,LULD pause,Koss Corp,Nasdaq,2021-02-25,,09:38:44,,,,,,nyse,2026-08-08T04:28:25,,,
SSNT,SSNT,2021-02-25,09:39:47,,LUDP,LULD pause,"SilverSun Technologies, Inc. Common Stock",Nasdaq,2021-02-25,,09:44:47,,,,,,nyse,2026-08-08T04:28:25,,,
EXPR,EXPR,2021-02-25,09:39:56,,LUDP,LULD pause,"Express, Inc.",NYSE,2021-02-25,,09:45:10,,,,,,nyse,2026-08-08T04:28:25,,,
GME,GME,2021-02-25,09:42:52,,LUDP,LULD pause,GameStop Corp. Class A,NYSE,2021-02-25,,09:47:55,,,,,,nyse,2026-08-08T04:28:25,,,
VIRX,VIRX,2021-02-25,09:48:05,,LUDP,LULD pause,"Viracta Therapeutics, Inc. Common Stock",Nasdaq,2021-02-25,,09:53:05,,,,,,nyse,2026-08-08T04:28:25,,,
GME,GME,2021-02-25,09:48:50,,LUDP,LULD pause,GameStop Corp. Class A,NYSE,2021-02-25,,09:53:58,,,,,,nyse,2026-08-08T04:28:25,,,
GME,GME,2021-02-25,09:56:08,,LUDP,LULD pause,GameStop Corp. Class A,NYSE,2021-02-25,,10:01:10,,,,,,nyse,2026-08-08T04:28:25,,,
LMNX,LMNX,2021-02-25,10:30:27,,LUDP,LULD pause,Luminex Corp,Nasdaq,2021-02-25,,10:35:27,,,,,,nyse,2026-08-08T04:28:25,,,
DFVS,DFVS,2021-02-25,13:02:45,,LUDP,LULD pause,iPath US Treasury 5-year Bear ETN,Cboe BZX,2021-02-25,,13:07:45,,,,,,nyse,2026-08-08T04:28:25,,,
AKUS,AKUS,2021-02-25,13:16:28,,LUDP,LULD pause,"Akouos, Inc. Common Stock",Nasdaq,2021-02-25,,13:26:28,,,,,,nyse,2026-08-08T04:28:25,,,
HPQ,HPQ,2021-02-25,14:47:36,,T1,News pending,HP Inc.,NYSE,2021-02-25,,15:07:07,,,,,,nyse,2026-08-08T04:28:25,,,
WKHS,WKHS,2021-02-25,15:25:02,,LUDP,LULD pause,"Workhorse Group, Inc",Nasdaq,2021-02-25,,15:30:02,,,,,,nyse,2026-08-08T04:28:25,,,
TDACU,TDACU,2021-02-25,15:33:33,,LUDP,LULD pause,Trident Acquisitions Corp. Units,Nasdaq,2021-02-25,,15:38:33,,,,,,nyse,2026-08-08T04:28:25,,,
MESO,MESO,2021-02-25,17:59:37,,T1,News pending,Mesoblast Limited American Depositary Shares,Nasdaq,2021-03-01,,18:35:00,,,,,,nyse,2026-08-08T04:28:25,,,
SG,SG,2021-02-25,19:45:03,,T1,News pending,"Sirius International Insurance Group, Ltd. Common Share",Nasdaq,,,,,,,,,nyse,2026-08-08T04:28:25,reanudo,2021-11-18,13:44
THCBU,THCBU,2021-02-26,09:30:58,,LUDP,LULD pause,Tuscan Holdings Corp. Unit,Nasdaq,2021-02-26,,09:35:58,,,,,,nyse,2026-08-08T04:28:25,,,
XLRN,XLRN,2021-02-26,09:31:26,,LUDP,LULD pause,Acceleron Pharma Inc.,Nasdaq,2021-02-26,,09:36:26,,,,,,nyse,2026-08-08T04:28:25,,,
DBV,DBV,2021-02-26,09:35:44,,LUDP,LULD pause,Invesco DB G10 Currency Harvest Fund,NYSE Arca,2021-02-26,,09:40:44,,,,,,nyse,2026-08-08T04:28:25,,,
CYCCP,CYCCP,2021-02-26,09:38:55,,LUDP,LULD pause,"Cyclacel Pharmaceuticals, Inc. 6% Cnvrtbl. Prfrd. Stock",Nasdaq,2021-02-26,,09:48:55,,,,,,nyse,2026-08-08T04:28:25,,,
SRACU,SRACU,2021-02-26,09:49:50,,LUDP,LULD pause,Stable Road Acquisition Corp. Unit,Nasdaq,2021-02-26,,09:54:50,,,,,,nyse,2026-08-08T04:28:25,,,
PYPE,PYPE,2021-02-26,10:28:45,,LUDP,LULD pause,"ETRACS NYSE Pickens Core Midstream Index ETN due August 20, 2048",NYSE Arca,2021-02-26,,10:33:45,,,,,,nyse,2026-08-08T04:28:25,,,
SRTS,SRTS,2021-02-26,10:47:07,,LUDP,LULD pause,"Sensus Healthcare, Inc",Nasdaq,2021-02-26,,10:52:07,,,,,,nyse,2026-08-08T04:28:25,,,
AUVI,AUVI,2021-02-26,11:56:44,,LUDP,LULD pause,"Applied UV, Inc. Common Stock",Nasdaq,2021-02-26,,12:01:44,,,,,,nyse,2026-08-08T04:28:25,,,
TYHT,TYHT,2021-02-26,12:20:21,,LUDP,LULD pause,"Shineco, Inc. Common Stock",Nasdaq,2021-02-26,,12:25:21,,,,,,nyse,2026-08-08T04:28:25,,,
TDACU,TDACU,2021-02-26,13:11:47,,LUDP,LULD pause,Trident Acquisitions Corp. Units,Nasdaq,2021-02-26,,13:16:47,,,,,,nyse,2026-08-08T04:28:25,,,
TDACU,TDACU,2021-02-26,13:17:05,,LUDP,LULD pause,Trident Acquisitions Corp. Units,Nasdaq,2021-02-26,,13:27:50,,,,,,nyse,2026-08-08T04:28:25,,,
KBSF,KBSF,2021-02-26,15:00:22,,LUDP,LULD pause,KBS Fashion Group Limited,Nasdaq,2021-02-26,,15:10:22,,,,,,nyse,2026-08-08T04:28:25,,,
AMS,AMS,2021-02-26,15:32:02,,LUDP,LULD pause,American Shared Hospital Services,NYSE American,2021-02-26,,15:37:02,,,,,,nyse,2026-08-08T04:28:25,,,
ACIA,ACIA,2021-02-26,19:50:57,,T1,News pending,"Acacia Communications, Inc. Common Stock",Nasdaq,,,,,,,,,nyse,2026-08-08T04:28:25,no_reanudo,,
IDBA,IDBA,2021-03-01,04:00:00,,T1,News pending,IDEX Biometrics ASA American Depositary Shares,Nasdaq,2021-03-01,,09:45:00,,,,,,nyse,2026-08-08T04:28:25,,,
ATNX,ATNX,2021-03-01,06:55:18,,T1,News pending,"Athenex, Inc. Common Stock",Nasdaq,2021-03-01,,07:35:00,,,,,,nyse,2026-08-08T04:28:25,,,
CRMD,CRMD,2021-03-01,08:25:08,,T1,News pending,CorMedix Inc.,Nasdaq,2021-03-01,,09:00:00,,,,,,nyse,2026-08-08T04:28:25,,,
WIFI,WIFI,2021-03-01,09:00:06,,T1,News pending,"Boingo Wireless, Inc.",Nasdaq,2021-03-01,,09:50:00,,,,,,nyse,2026-08-08T04:28:25,,,
EV,EV,2021-03-01,09:06:32,,UNKNOWN,News dissemination,Eaton Vance Corp.,NYSE,,,,,,,,,nyse,2026-08-08T04:28:25,no_reanudo,,
IMCC,IMCC,2021-03-01,09:31:20,,LUDP,LULD pause,IM Cannabis Corp. Common Shares,Nasdaq,2021-03-01,,09:41:20,,,,,,nyse,2026-08-08T04:28:25,,,
PLXP,PLXP,2021-03-01,09:36:46,,LUDP,LULD pause,PLx Pharma Inc. Common Stock,Nasdaq,2021-03-01,,09:41:46,,,,,,nyse,2026-08-08T04:28:25,,,
MORF,MORF,2021-03-01,09:47:50,,LUDP,LULD pause,"Morphic Holding, Inc. Common Stock",Nasdaq,2021-03-01,,09:52:50,,,,,,nyse,2026-08-08T04:28:25,,,
ROCHU,ROCHU,2021-03-01,09:56:29,,LUDP,LULD pause,Roth CH Acquisition I Co. Unit,Nasdaq,2021-03-01,,10:01:29,,,,,,nyse,2026-08-08T04:28:25,,,
EPHY,EPHY,2021-03-01,10:48:58,,LUDP,LULD pause,Epiphany Technology Acquisition Corp. Class A Common Stock,Nasdaq,2021-03-01,,10:53:58,,,,,,nyse,2026-08-08T04:28:25,,,
EPHY,EPHY,2021-03-01,10:55:20,,LUDP,LULD pause,Epiphany Technology Acquisition Corp. Class A Common Stock,Nasdaq,2021-03-01,,11:00:20,,,,,,nyse,2026-08-08T04:28:25,,,
GBS,GBS,2021-03-01,13:07:53,,LUDP,LULD pause,GBS Inc. Common Stock,Nasdaq,2021-03-01,,13:12:53,,,,,,nyse,2026-08-08T04:28:25,,,
BRLIU,BRLIU,2021-03-01,15:22:02,,LUDP,LULD pause,Brilliant Acquisition Corporation Unit,Nasdaq,2021-03-01,,15:27:02,,,,,,nyse,2026-08-08T04:28:25,,,
GENE,GENE,2021-03-01,18:25:34,,T1,News pending,Genetic Technologies Ltd.,Nasdaq,2021-03-03,,04:10:00,,,,,,nyse,2026-08-08T04:28:25,,,
BOLT,BOLT,2021-03-02,09:30:18,,LUDP,LULD pause,"Bolt Biotherapeutics, Inc. Common Stock",Nasdaq,2021-03-02,,09:35:18,,,,,,nyse,2026-08-08T04:28:25,,,
INM,INM,2021-03-02,09:33:09,,LUDP,LULD pause,InMed Pharmaceuticals Inc. Common Shares,Nasdaq,2021-03-02,,09:38:09,,,,,,nyse,2026-08-08T04:28:25,,,
MDLQ,MDLQ,2021-03-02,09:35:42,,LUDP,LULD pause,Medley LLC 7.25% Notes due 2024,NYSE,2021-03-02,,09:40:45,,,,,,nyse,2026-08-08T04:28:25,,,
KMPH,KMPH,2021-03-02,10:37:38,,LUDP,LULD pause,"KemPharm, Inc. Common Stock",Nasdaq,2021-03-02,,10:42:38,,,,,,nyse,2026-08-08T04:28:25,,,
IMH,IMH,2021-03-02,14:04:52,,LUDP,LULD pause,Impac Mortgage Holdings Inc.,NYSE American,2021-03-02,,14:09:52,,,,,,nyse,2026-08-08T04:28:25,,,
RKT,RKT,2021-03-02,14:10:22,,LUDP,LULD pause,"Rocket Companies, Inc.",NYSE,2021-03-02,,14:15:25,,,,,,nyse,2026-08-08T04:28:25,,,
RKT,RKT,2021-03-02,15:24:21,,LUDP,LULD pause,"Rocket Companies, Inc.",NYSE,2021-03-02,,15:29:29,,,,,,nyse,2026-08-08T04:28:25,,,
RKT,RKT,2021-03-02,15:31:08,,LUDP,LULD pause,"Rocket Companies, Inc.",NYSE,2021-03-02,,15:36:10,,,,,,nyse,2026-08-08T04:28:25,,,
UONE,UONE,2021-03-02,15:34:14,,LUDP,LULD pause,"Urban One, Inc. Class A Common Stock",Nasdaq,2021-03-02,,15:39:14,,,,,,nyse,2026-08-08T04:28:25,,,
TCP,TCP,2021-03-03,08:07:02,,UNKNOWN,News dissemination,TC Pipelines LP,NYSE,,,,,,,,,nyse,2026-08-08T04:28:25,no_reanudo,,
MOXC,MOXC,2021-03-03,08:40:07,,T1,News pending,"Moxian, Inc. Common Stock",Nasdaq,2021-03-03,,09:15:00,,,,,,nyse,2026-08-08T04:28:25,,,
MIK,MIK,2021-03-03,09:14:29,,T1,News pending,"Michaels Stores, Inc",Nasdaq,2021-03-03,,09:50:00,,,,,,nyse,2026-08-08T04:28:25,,,
COHN,COHN,2021-03-03,09:30:58,,LUDP,LULD pause,Cohen & Company Inc,NYSE American,2021-03-03,,09:35:58,,,,,,nyse,2026-08-08T04:28:25,,,
KMPH,KMPH,2021-03-03,09:33:27,,LUDP,LULD pause,"KemPharm, Inc. Common Stock",Nasdaq,2021-03-03,,09:38:27,,,,,,nyse,2026-08-08T04:28:25,,,
RKT,RKT,2021-03-03,09:34:36,,LUDP,LULD pause,"Rocket Companies, Inc.",NYSE,2021-03-03,,09:39:39,,,,,,nyse,2026-08-08T04:28:25,,,
COHN,COHN,2021-03-03,09:44:23,,LUDP,LULD pause,Cohen & Company Inc,NYSE American,2021-03-03,,09:54:23,,,,,,nyse,2026-08-08T04:28:25,,,
COHN,COHN,2021-03-03,09:55:19,,LUDP,LULD pause,Cohen & Company Inc,NYSE American,2021-03-03,,10:00:19,,,,,,nyse,2026-08-08T04:28:25,,,
TIRX,TIRX,2021-03-03,11:58:05,,LUDP,LULD pause,TIAN RUIXIANG Holdings Ltd Class A Ordinary Shares,Nasdaq,2021-03-03,,12:03:05,,,,,,nyse,2026-08-08T04:28:25,,,
TIRX,TIRX,2021-03-03,12:07:47,,LUDP,LULD pause,TIAN RUIXIANG Holdings Ltd Class A Ordinary Shares,Nasdaq,2021-03-03,,12:12:47,,,,,,nyse,2026-08-08T04:28:25,,,
FORA,FORA,2021-03-03,12:49:32,,LUDP,LULD pause,Forian Inc. Common Stock,Nasdaq,2021-03-03,,13:04:55,,,,,,nyse,2026-08-08T04:28:25,,,
ROCHU,ROCHU,2021-03-03,13:54:33,,LUDP,LULD pause,Roth CH Acquisition I Co. Unit,Nasdaq,2021-03-03,,13:59:33,,,,,,nyse,2026-08-08T04:28:25,,,
THCBU,THCBU,2021-03-03,14:07:55,,LUDP,LULD pause,Tuscan Holdings Corp. Unit,Nasdaq,2021-03-03,,14:12:55,,,,,,nyse,2026-08-08T04:28:25,,,
SSPKU,SSPKU,2021-03-03,14:37:56,,LUDP,LULD pause,Silver Spike Acquisition Corp. Units,Nasdaq,2021-03-03,,14:42:56,,,,,,nyse,2026-08-08T04:28:25,,,
SVBI,SVBI,2021-03-03,16:57:14,,T1,News pending,Severn Bancorp Inc/MD,Nasdaq,2021-03-03,,17:30:00,,,,,,nyse,2026-08-08T04:28:25,,,
RADA,RADA,2021-03-03,19:55:01,,T1,News pending,Rada Electronic Industries Ltd,Nasdaq,2021-03-04,,09:15:00,,,,,,nyse,2026-08-08T04:28:25,,,
FPRX,FPRX,2021-03-04,08:25:10,,T1,News pending,"Five Prime Therapeutics, Inc.",Nasdaq,2021-03-04,,09:00:00,,,,,,nyse,2026-08-08T04:28:25,,,
FORA,FORA,2021-03-04,09:31:08,,LUDP,LULD pause,Forian Inc. Common Stock,Nasdaq,2021-03-04,,09:41:09,,,,,,nyse,2026-08-08T04:28:25,,,
SGOC,SGOC,2021-03-04,09:37:42,,LUDP,LULD pause,"SGOCO Group, Ltd (Cayman Islands)",Nasdaq,2021-03-04,,09:42:42,,,,,,nyse,2026-08-08T04:28:25,,,
FORA,FORA,2021-03-04,09:41:24,,LUDP,LULD pause,Forian Inc. Common Stock,Nasdaq,2021-03-04,,09:51:25,,,,,,nyse,2026-08-08T04:28:25,,,
OGCP,OGCP,2021-03-04,09:44:30,,LUDP,LULD pause,"Empire State Realty OP, L.P. Series 60",NYSE Arca,2021-03-04,,09:49:30,,,,,,nyse,2026-08-08T04:28:25,,,
FORA,FORA,2021-03-04,09:52:11,,LUDP,LULD pause,Forian Inc. Common Stock,Nasdaq,2021-03-04,,10:02:11,,,,,,nyse,2026-08-08T04:28:25,,,
FORA,FORA,2021-03-04,10:02:28,,LUDP,LULD pause,Forian Inc. Common Stock,Nasdaq,2021-03-04,,10:07:28,,,,,,nyse,2026-08-08T04:28:25,,,
FORA,FORA,2021-03-04,10:07:50,,LUDP,LULD pause,Forian Inc. Common Stock,Nasdaq,2021-03-04,,10:24:42,,,,,,nyse,2026-08-08T04:28:25,,,
TDACU,TDACU,2021-03-04,10:09:10,,LUDP,LULD pause,Trident Acquisitions Corp. Units,Nasdaq,2021-03-04,,10:14:10,,,,,,nyse,2026-08-08T04:28:25,,,
FORA,FORA,2021-03-04,10:26:09,,LUDP,LULD pause,Forian Inc. Common Stock,Nasdaq,2021-03-04,,10:31:09,,,,,,nyse,2026-08-08T04:28:25,,,
INTG,INTG,2021-03-04,10:37:22,,LUDP,LULD pause,Intergroup Corporation (The),Nasdaq,2021-03-04,,10:47:22,,,,,,nyse,2026-08-08T04:28:25,,,
INTG,INTG,2021-03-04,10:48:01,,LUDP,LULD pause,Intergroup Corporation (The),Nasdaq,2021-03-04,,10:53:01,,,,,,nyse,2026-08-08T04:28:25,,,
WPG,WPG,2021-03-04,11:29:41,,LUDP,LULD pause,Washington Prime Group Inc.,NYSE,2021-03-04,,11:35:05,,,,,,nyse,2026-08-08T04:28:25,,,
WPG.PRI,WPG PRI,2021-03-04,11:30:06,,LUDP,LULD pause,Washington Prime Group Inc. 6.875% Series I Cumulative Redeemable Preferred Shares of Beneficial Int,NYSE,2021-03-04,,11:35:06,,,,,,nyse,2026-08-08T04:28:25,,,
WPG.PRH,WPG PRH,2021-03-04,11:30:13,,LUDP,LULD pause,Washington Prime Group Inc. 7.5% Series H Cumulative Redeemable Preferred Shares of Beneficial Inter,NYSE,2021-03-04,,11:35:29,,,,,,nyse,2026-08-08T04:28:25,,,
WPG,WPG,2021-03-04,11:35:34,,LUDP,LULD pause,Washington Prime Group Inc.,NYSE,2021-03-04,,11:40:34,,,,,,nyse,2026-08-08T04:28:25,,,
WPG.PRI,WPG PRI,2021-03-04,11:36:10,,LUDP,LULD pause,Washington Prime Group Inc. 6.875% Series I Cumulative Redeemable Preferred Shares of Beneficial Int,NYSE,2021-03-04,,11:41:10,,,,,,nyse,2026-08-08T04:28:25,,,
WPG,WPG,2021-03-04,11:42:01,,LUDP,LULD pause,Washington Prime Group Inc.,NYSE,2021-03-04,,11:47:04,,,,,,nyse,2026-08-08T04:28:25,,,
WPG.PRI,WPG PRI,2021-03-04,12:46:15,,LUDP,LULD pause,Washington Prime Group Inc. 6.875% Series I Cumulative Redeemable Preferred Shares of Beneficial Int,NYSE,2021-03-04,,12:51:15,,,,,,nyse,2026-08-08T04:28:25,,,
ROCHU,ROCHU,2021-03-04,14:15:22,,LUDP,LULD pause,Roth CH Acquisition I Co. Unit,Nasdaq,2021-03-04,,14:25:22,,,,,,nyse,2026-08-08T04:28:25,,,
CCZ,CCZ,2021-03-04,15:27:34,,LUDP,LULD pause,"Comcast Holdings Corp. 2.0% Exchangeable Subordinated Debentures due October 15, 2029 (ZONES)",NYSE,2021-03-04,,15:32:37,,,,,,nyse,2026-08-08T04:28:25,,,
PCOM,PCOM,2021-03-04,15:50:14,,T1,News pending,Points International Ltd. (Canada),Nasdaq,2021-03-04,,16:51:00,,,,,,nyse,2026-08-08T04:28:25,,,
AESE,AESE,2021-03-05,08:00:08,,T1,News pending,"Allied Esports Entertainment, Inc. Common Stock",Nasdaq,2021-03-05,,08:30:00,,,,,,nyse,2026-08-08T04:28:25,,,
WPG.PRI,WPG PRI,2021-03-05,09:31:17,,LUDP,LULD pause,Washington Prime Group Inc. 6.875% Series I Cumulative Redeemable Preferred Shares of Beneficial Int,NYSE,2021-03-05,,09:36:21,,,,,,nyse,2026-08-08T04:28:25,,,
MNTK,MNTK,2021-03-05,09:31:22,,LUDP,LULD pause,"Montauk Renewables, Inc. Common Stock",Nasdaq,2021-03-05,,09:36:22,,,,,,nyse,2026-08-08T04:28:25,,,
WPG.PRH,WPG PRH,2021-03-05,09:31:59,,LUDP,LULD pause,Washington Prime Group Inc. 7.5% Series H Cumulative Redeemable Preferred Shares of Beneficial Inter,NYSE,2021-03-05,,09:36:59,,,,,,nyse,2026-08-08T04:28:25,,,
AEI,AEI,2021-03-05,09:33:19,,LUDP,LULD pause,Alset EHome International Inc. Common Stock,Nasdaq,2021-03-05,,09:38:19,,,,,,nyse,2026-08-08T04:28:25,,,
HOVNP,HOVNP,2021-03-05,09:34:38,,LUDP,LULD pause,Hovnanian Enterprises Inc. Dep Shr Srs A Pfd,Nasdaq,2021-03-05,,09:44:38,,,,,,nyse,2026-08-08T04:28:25,,,
WPG.PRI,WPG PRI,2021-03-05,09:38:18,,LUDP,LULD pause,Washington Prime Group Inc. 6.875% Series I Cumulative Redeemable Preferred Shares of Beneficial Int,NYSE,2021-03-05,,09:43:29,,,,,,nyse,2026-08-08T04:28:25,,,
WPG.PRH,WPG PRH,2021-03-05,09:39:26,,LUDP,LULD pause,Washington Prime Group Inc. 7.5% Series H Cumulative Redeemable Preferred Shares of Beneficial Inter,NYSE,2021-03-05,,09:44:26,,,,,,nyse,2026-08-08T04:28:25,,,
AMST,AMST,2021-03-05,09:39:52,,LUDP,LULD pause,Amesite Inc.,Nasdaq,2021-03-05,,09:44:52,,,,,,nyse,2026-08-08T04:28:25,,,
HOLUU,HOLUU,2021-03-05,09:40:37,,LUDP,LULD pause,Holicity Inc. Unit,Nasdaq,2021-03-05,,09:45:37,,,,,,nyse,2026-08-08T04:28:25,,,
WPG.PRI,WPG PRI,2021-03-05,09:44:14,,LUDP,LULD pause,Washington Prime Group Inc. 6.875% Series I Cumulative Redeemable Preferred Shares of Beneficial Int,NYSE,2021-03-05,,09:49:17,,,,,,nyse,2026-08-08T04:28:25,,,
WPG.PRH,WPG PRH,2021-03-05,09:52:45,,LUDP,LULD pause,Washington Prime Group Inc. 7.5% Series H Cumulative Redeemable Preferred Shares of Beneficial Inter,NYSE,2021-03-05,,09:58:04,,,,,,nyse,2026-08-08T04:28:25,,,
HKIB,HKIB,2021-03-05,10:30:50,,LUDP,LULD pause,AMTD International Inc.,NYSE,2021-03-05,,10:35:50,,,,,,nyse,2026-08-08T04:28:25,,,
HKIB,HKIB,2021-03-05,10:40:23,,LUDP,LULD pause,AMTD International Inc.,NYSE,2021-03-05,,10:45:23,,,,,,nyse,2026-08-08T04:28:25,,,
HKIB,HKIB,2021-03-05,10:48:19,,LUDP,LULD pause,AMTD International Inc.,NYSE,2021-03-05,,10:53:19,,,,,,nyse,2026-08-08T04:28:25,,,
HKIB,HKIB,2021-03-05,10:53:56,,LUDP,LULD pause,AMTD International Inc.,NYSE,2021-03-05,,10:58:56,,,,,,nyse,2026-08-08T04:28:25,,,
SRACU,SRACU,2021-03-05,11:00:52,,LUDP,LULD pause,Stable Road Acquisition Corp. Unit,Nasdaq,2021-03-05,,11:05:52,,,,,,nyse,2026-08-08T04:28:25,,,
AUVI,AUVI,2021-03-05,11:13:09,,LUDP,LULD pause,"Applied UV, Inc. Common Stock",Nasdaq,2021-03-05,,11:18:09,,,,,,nyse,2026-08-08T04:28:25,,,
LEDS,LEDS,2021-03-05,11:14:10,,LUDP,LULD pause,SemiLEDS Corporation,Nasdaq,2021-03-05,,11:19:10,,,,,,nyse,2026-08-08T04:28:25,,,
OPOF,OPOF,2021-03-05,11:38:52,,LUDP,LULD pause,Old Point Financial Corp,Nasdaq,2021-03-05,,11:43:52,,,,,,nyse,2026-08-08T04:28:25,,,
AEI,AEI,2021-03-05,13:28:36,,LUDP,LULD pause,Alset EHome International Inc. Common Stock,Nasdaq,2021-03-05,,13:33:36,,,,,,nyse,2026-08-08T04:28:25,,,
MLPO,MLPO,2021-03-05,14:33:01,,LUDP,LULD pause,Credit Suisse S&P MLP Index ETN,NYSE Arca,2021-03-05,,14:38:01,,,,,,nyse,2026-08-08T04:28:25,,,
PEI.PRC,PEI PRC,2021-03-05,15:44:44,,LUDP,LULD pause,Pennsylvania Real Estate Investment Trust 7.20% Series C Cumulative Redeemable Perpetual Preferred S,NYSE,2021-03-05,,15:49:46,,,,,,nyse,2026-08-08T04:28:25,,,
NCSM,NCSM,2021-03-05,15:48:42,,LUDP,LULD pause,"NCS Multistage Holdings, Inc.",Nasdaq,2021-03-05,,16:00:00,,,,,,nyse,2026-08-08T04:28:25,,,
OXFD,OXFD,2021-03-05,19:50:05,,T1,News pending,Oxford Immunotec Global PLC Ordinary Shares,Nasdaq,,,,,,,,,nyse,2026-08-08T04:28:25,no_reanudo,,
NHIC,NHIC,2021-03-08,07:00:52,,T1,News pending,NewHold Investment Corp. Class A Common Stock,Nasdaq,2021-03-08,,07:30:00,,,,,,nyse,2026-08-08T04:28:25,,,
NHICU,NHICU,2021-03-08,07:00:52,,T1,News pending,NewHold Investment Corp. Unit,Nasdaq,2021-03-08,,07:30:00,,,,,,nyse,2026-08-08T04:28:25,,,
NHICW,NHICW,2021-03-08,07:00:52,,T1,News pending,NewHold Investment Corp. Warrant,Nasdaq,2021-03-08,,07:30:00,,,,,,nyse,2026-08-08T04:28:25,,,
ANAB,ANAB,2021-03-08,07:55:09,,T1,News pending,"AnaptysBio, Inc. Common Stock",Nasdaq,2021-03-08,,08:30:00,,,,,,nyse,2026-08-08T04:28:25,,,
RBCN,RBCN,2021-03-08,09:30:18,,LUDP,LULD pause,"Rubicon Technology, Inc.",Nasdaq,2021-03-08,,09:35:18,,,,,,nyse,2026-08-08T04:28:25,,,
FORA,FORA,2021-03-08,09:31:15,,LUDP,LULD pause,Forian Inc. Common Stock,Nasdaq,2021-03-08,,09:41:15,,,,,,nyse,2026-08-08T04:28:25,,,
PRTC,PRTC,2021-03-08,09:36:13,,LUDP,LULD pause,PureTech Health plc American Depositary Shares,Nasdaq,2021-03-08,,09:41:13,,,,,,nyse,2026-08-08T04:28:25,,,
EYES,EYES,2021-03-08,09:39:50,,LUDP,LULD pause,"Second Sight Medical Products, Inc",Nasdaq,2021-03-08,,09:44:50,,,,,,nyse,2026-08-08T04:28:25,,,
FORA,FORA,2021-03-08,09:44:22,,LUDP,LULD pause,Forian Inc. Common Stock,Nasdaq,2021-03-08,,09:49:22,,,,,,nyse,2026-08-08T04:28:25,,,
TIRX,TIRX,2021-03-08,09:47:15,,LUDP,LULD pause,TIAN RUIXIANG Holdings Ltd Class A Ordinary Shares,Nasdaq,2021-03-08,,09:52:15,,,,,,nyse,2026-08-08T04:28:25,,,
HKIB,HKIB,2021-03-08,09:48:09,,LUDP,LULD pause,AMTD International Inc.,NYSE,2021-03-08,,09:53:12,,,,,,nyse,2026-08-08T04:28:25,,,
SRACU,SRACU,2021-03-08,09:51:31,,LUDP,LULD pause,Stable Road Acquisition Corp. Unit,Nasdaq,2021-03-08,,10:01:31,,,,,,nyse,2026-08-08T04:28:25,,,
HKIB,HKIB,2021-03-08,09:56:10,,LUDP,LULD pause,AMTD International Inc.,NYSE,2021-03-08,,10:01:15,,,,,,nyse,2026-08-08T04:28:25,,,
EYES,EYES,2021-03-08,09:57:26,,LUDP,LULD pause,"Second Sight Medical Products, Inc",Nasdaq,2021-03-08,,10:02:26,,,,,,nyse,2026-08-08T04:28:25,,,
HKIB,HKIB,2021-03-08,10:01:38,,LUDP,LULD pause,AMTD International Inc.,NYSE,2021-03-08,,10:06:48,,,,,,nyse,2026-08-08T04:28:25,,,
ARDS,ARDS,2021-03-08,10:02:47,,LUDP,LULD pause,Aridis Pharmaceuticals Inc. Common Stock,Nasdaq,2021-03-08,,10:07:47,,,,,,nyse,2026-08-08T04:28:25,,,
HKIB,HKIB,2021-03-08,10:07:23,,LUDP,LULD pause,AMTD International Inc.,NYSE,2021-03-08,,10:12:31,,,,,,nyse,2026-08-08T04:28:25,,,
PBLA,PBLA,2021-03-08,10:07:49,,LUDP,LULD pause,"Panbela Therapeutics, Inc. Common Stock",Nasdaq,2021-03-08,,10:35:41,,,,,,nyse,2026-08-08T04:28:25,,,
EYES,EYES,2021-03-08,10:11:10,,LUDP,LULD pause,"Second Sight Medical Products, Inc",Nasdaq,2021-03-08,,10:16:10,,,,,,nyse,2026-08-08T04:28:25,,,
HKIB,HKIB,2021-03-08,10:13:09,,LUDP,LULD pause,AMTD International Inc.,NYSE,2021-03-08,,10:18:20,,,,,,nyse,2026-08-08T04:28:25,,,
HKIB,HKIB,2021-03-08,10:25:47,,LUDP,LULD pause,AMTD International Inc.,NYSE,2021-03-08,,10:31:55,,,,,,nyse,2026-08-08T04:28:25,,,
HKIB,HKIB,2021-03-08,10:32:25,,LUDP,LULD pause,AMTD International Inc.,NYSE,2021-03-08,,10:37:30,,,,,,nyse,2026-08-08T04:28:25,,,
WKHS,WKHS,2021-03-08,10:47:56,,LUDP,LULD pause,"Workhorse Group, Inc",Nasdaq,2021-03-08,,10:52:56,,,,,,nyse,2026-08-08T04:28:25,,,
GLSI,GLSI,2021-03-08,13:18:25,,LUDP,LULD pause,"Greenwich LifeSciences, Inc.",Nasdaq,2021-03-08,,13:23:25,,,,,,nyse,2026-08-08T04:28:25,,,
GLSI,GLSI,2021-03-08,13:36:04,,LUDP,LULD pause,"Greenwich LifeSciences, Inc.",Nasdaq,2021-03-08,,13:41:04,,,,,,nyse,2026-08-08T04:28:25,,,
GLSI,GLSI,2021-03-08,13:44:38,,LUDP,LULD pause,"Greenwich LifeSciences, Inc.",Nasdaq,2021-03-08,,13:49:38,,,,,,nyse,2026-08-08T04:28:25,,,
GLSI,GLSI,2021-03-08,13:58:58,,LUDP,LULD pause,"Greenwich LifeSciences, Inc.",Nasdaq,2021-03-08,,14:03:58,,,,,,nyse,2026-08-08T04:28:25,,,
EYES,EYES,2021-03-08,15:53:52,,LUDP,LULD pause,"Second Sight Medical Products, Inc",Nasdaq,2021-03-08,,16:00:00,,,,,,nyse,2026-08-08T04:28:25,,,
ACAD,ACAD,2021-03-08,16:00:20,,T1,News pending,Acadia Pharmaceuticals Inc.,Nasdaq,2021-03-08,,17:30:00,,,,,,nyse,2026-08-08T04:28:25,,,
JE,JE,2021-03-09,07:23:36,,T1,News pending,Just Energy Group Inc,NYSE,2021-03-10,,09:38:38,,,,,,nyse,2026-08-08T04:28:25,,,
TSIAU,TSIAU,2021-03-09,09:36:01,,LUDP,LULD pause,TS Innovation Acquisitions Corp. Unit,Nasdaq,2021-03-09,,09:41:01,,,,,,nyse,2026-08-08T04:28:25,,,
INVO,INVO,2021-03-09,09:37:18,,LUDP,LULD pause,"INVO BioScience,INC Common Stock",Nasdaq,2021-03-09,,09:42:18,,,,,,nyse,2026-08-08T04:28:25,,,
TSIAU,TSIAU,2021-03-09,09:41:16,,LUDP,LULD pause,TS Innovation Acquisitions Corp. Unit,Nasdaq,2021-03-09,,09:46:16,,,,,,nyse,2026-08-08T04:28:25,,,
INVO,INVO,2021-03-09,09:42:42,,LUDP,LULD pause,"INVO BioScience,INC Common Stock",Nasdaq,2021-03-09,,09:52:42,,,,,,nyse,2026-08-08T04:28:25,,,
INVO,INVO,2021-03-09,09:53:14,,LUDP,LULD pause,"INVO BioScience,INC Common Stock",Nasdaq,2021-03-09,,10:03:14,,,,,,nyse,2026-08-08T04:28:25,,,
INVO,INVO,2021-03-09,10:04:44,,LUDP,LULD pause,"INVO BioScience,INC Common Stock",Nasdaq,2021-03-09,,10:09:44,,,,,,nyse,2026-08-08T04:28:25,,,
EARS,EARS,2021-03-09,10:10:31,,LUDP,LULD pause,Auris Medical Holding Ltd. Common Shares 0.01 SF (Bermuda),Nasdaq,2021-03-09,,10:15:31,,,,,,nyse,2026-08-08T04:28:25,,,
INVO,INVO,2021-03-09,10:19:43,,LUDP,LULD pause,"INVO BioScience,INC Common Stock",Nasdaq,2021-03-09,,10:24:43,,,,,,nyse,2026-08-08T04:28:25,,,
INVO,INVO,2021-03-09,10:28:00,,LUDP,LULD pause,"INVO BioScience,INC Common Stock",Nasdaq,2021-03-09,,10:33:00,,,,,,nyse,2026-08-08T04:28:25,,,
INVO,INVO,2021-03-09,10:40:24,,LUDP,LULD pause,"INVO BioScience,INC Common Stock",Nasdaq,2021-03-09,,10:45:24,,,,,,nyse,2026-08-08T04:28:25,,,
VERI,VERI,2021-03-09,10:45:04,,LUDP,LULD pause,"Veritone, Inc. Common Stock",Nasdaq,2021-03-09,,10:50:04,,,,,,nyse,2026-08-08T04:28:25,,,
EXPCU,EXPCU,2021-03-09,11:22:49,,LUDP,LULD pause,Experience Investment Corp. Unit,Nasdaq,2021-03-09,,11:27:49,,,,,,nyse,2026-08-08T04:28:25,,,
INVO,INVO,2021-03-09,11:29:37,,LUDP,LULD pause,"INVO BioScience,INC Common Stock",Nasdaq,2021-03-09,,11:34:37,,,,,,nyse,2026-08-08T04:28:25,,,
ARTW,ARTW,2021-03-09,12:47:43,,LUDP,LULD pause,Arts-Way Manufacturing Co Inc,Nasdaq,2021-03-09,,12:52:43,,,,,,nyse,2026-08-08T04:28:25,,,
ARTW,ARTW,2021-03-09,13:05:14,,LUDP,LULD pause,Arts-Way Manufacturing Co Inc,Nasdaq,2021-03-09,,13:15:14,,,,,,nyse,2026-08-08T04:28:25,,,
WPG.PRH,WPG PRH,2021-03-09,13:07:14,,LUDP,LULD pause,Washington Prime Group Inc. 7.5% Series H Cumulative Redeemable Preferred Shares of Beneficial Inter,NYSE,2021-03-09,,13:12:33,,,,,,nyse,2026-08-08T04:28:25,,,
ARTW,ARTW,2021-03-09,13:18:48,,LUDP,LULD pause,Arts-Way Manufacturing Co Inc,Nasdaq,2021-03-09,,13:23:48,,,,,,nyse,2026-08-08T04:28:25,,,
SRACU,SRACU,2021-03-09,14:28:18,,LUDP,LULD pause,Stable Road Acquisition Corp. Unit,Nasdaq,2021-03-09,,14:33:18,,,,,,nyse,2026-08-08T04:28:25,,,
TLND,TLND,2021-03-10,08:25:02,,T1,News pending,Talend S.A. American Depositary Shares,Nasdaq,2021-03-10,,09:00:00,,,,,,nyse,2026-08-08T04:28:25,,,
BMTC,BMTC,2021-03-10,08:31:58,,T1,News pending,Bryn Mawr Bank Corp,Nasdaq,2021-03-10,,09:00:00,,,,,,nyse,2026-08-08T04:28:25,,,
MCF,MCF,2021-03-10,09:34:36,,LUDP,LULD pause,Contango Oil & Gas Co.,NYSE American,2021-03-10,,09:39:36,,,,,,nyse,2026-08-08T04:28:25,,,
XELA,XELA,2021-03-10,09:35:02,,LUDP,LULD pause,"Exela Technologies, Inc. Common Stock",Nasdaq,2021-03-10,,09:40:02,,,,,,nyse,2026-08-08T04:28:25,,,
EUSG,EUSG,2021-03-10,09:35:23,,LUDP,LULD pause,European Sustainable Growth Acquisition Corp. Class A Ordinary Shares,Nasdaq,2021-03-10,,10:00:24,,,,,,nyse,2026-08-08T04:28:25,,,
JE,JE,2021-03-10,09:39:00,,LUDP,LULD pause,Just Energy Group Inc,NYSE,2021-03-10,,09:44:45,,,,,,nyse,2026-08-08T04:28:25,,,
JE,JE,2021-03-10,09:45:17,,LUDP,LULD pause,Just Energy Group Inc,NYSE,2021-03-10,,09:50:24,,,,,,nyse,2026-08-08T04:28:25,,,
XELA,XELA,2021-03-10,09:49:06,,LUDP,LULD pause,"Exela Technologies, Inc. Common Stock",Nasdaq,2021-03-10,,09:54:06,,,,,,nyse,2026-08-08T04:28:25,,,
WPG,WPG,2021-03-10,09:50:10,,LUDP,LULD pause,Washington Prime Group Inc.,NYSE,2021-03-10,,09:55:10,,,,,,nyse,2026-08-08T04:28:25,,,
STPK.U,STPK U,2021-03-10,09:51:17,,LUDP,LULD pause,"Star Peak Energy Transition Corp. Units, each consisting of one share of Class A common stock, and o",NYSE,2021-03-10,,09:56:24,,,,,,nyse,2026-08-08T04:28:25,,,
JE,JE,2021-03-10,09:51:46,,LUDP,LULD pause,Just Energy Group Inc,NYSE,2021-03-10,,09:57:10,,,,,,nyse,2026-08-08T04:28:25,,,
JE,JE,2021-03-10,10:01:33,,LUDP,LULD pause,Just Energy Group Inc,NYSE,2021-03-10,,10:06:45,,,,,,nyse,2026-08-08T04:28:25,,,
JE,JE,2021-03-10,10:08:22,,LUDP,LULD pause,Just Energy Group Inc,NYSE,2021-03-10,,10:13:23,,,,,,nyse,2026-08-08T04:28:25,,,
JE,JE,2021-03-10,10:14:53,,LUDP,LULD pause,Just Energy Group Inc,NYSE,2021-03-10,,10:20:08,,,,,,nyse,2026-08-08T04:28:25,,,
GROY,GROY,2021-03-10,10:20:10,,LUDP,LULD pause,Gold Royalty Corp.,NYSE American,2021-03-10,,10:25:10,,,,,,nyse,2026-08-08T04:28:25,,,
RZLT,RZLT,2021-03-10,11:37:33,,LUDP,LULD pause,"Rezolute, Inc. Common Stock",Nasdaq,2021-03-10,,11:42:33,,,,,,nyse,2026-08-08T04:28:25,,,
GME,GME,2021-03-10,12:22:06,,LUDP,LULD pause,GameStop Corp. Class A,NYSE,2021-03-10,,12:27:12,,,,,,nyse,2026-08-08T04:28:25,,,
KOSS,KOSS,2021-03-10,12:22:07,,LUDP,LULD pause,Koss Corp,Nasdaq,2021-03-10,,12:27:07,,,,,,nyse,2026-08-08T04:28:25,,,
GME,GME,2021-03-10,12:29:53,,LUDP,LULD pause,GameStop Corp. Class A,NYSE,2021-03-10,,12:34:58,,,,,,nyse,2026-08-08T04:28:25,,,
KOSS,KOSS,2021-03-10,12:29:57,,LUDP,LULD pause,Koss Corp,Nasdaq,2021-03-10,,12:34:57,,,,,,nyse,2026-08-08T04:28:25,,,
GME,GME,2021-03-10,12:35:36,,LUDP,LULD pause,GameStop Corp. Class A,NYSE,2021-03-10,,12:40:44,,,,,,nyse,2026-08-08T04:28:25,,,
KOSS,KOSS,2021-03-10,12:40:32,,LUDP,LULD pause,Koss Corp,Nasdaq,2021-03-10,,12:45:32,,,,,,nyse,2026-08-08T04:28:25,,,
GME,GME,2021-03-10,12:41:05,,LUDP,LULD pause,GameStop Corp. Class A,NYSE,2021-03-10,,12:46:10,,,,,,nyse,2026-08-08T04:28:25,,,
GME,GME,2021-03-10,12:46:49,,LUDP,LULD pause,GameStop Corp. Class A,NYSE,2021-03-10,,12:51:55,,,,,,nyse,2026-08-08T04:28:25,,,
GME,GME,2021-03-10,12:53:54,,LUDP,LULD pause,GameStop Corp. Class A,NYSE,2021-03-10,,12:58:58,,,,,,nyse,2026-08-08T04:28:25,,,
GME,GME,2021-03-10,13:12:46,,LUDP,LULD pause,GameStop Corp. Class A,NYSE,2021-03-10,,13:17:51,,,,,,nyse,2026-08-08T04:28:25,,,
TLIS,TLIS,2021-03-10,13:16:44,,LUDP,LULD pause,Talis Biomedical Corporation Common Stock,Nasdaq,2021-03-10,,13:21:44,,,,,,nyse,2026-08-08T04:28:25,,,
GBR,GBR,2021-03-10,13:23:08,,LUDP,LULD pause,New Concept Energy Inc,NYSE American,2021-03-10,,13:33:08,,,,,,nyse,2026-08-08T04:28:25,,,
GBR,GBR,2021-03-10,13:33:50,,LUDP,LULD pause,New Concept Energy Inc,NYSE American,2021-03-10,,13:38:50,,,,,,nyse,2026-08-08T04:28:25,,,
GBR,GBR,2021-03-10,13:48:12,,LUDP,LULD pause,New Concept Energy Inc,NYSE American,2021-03-10,,13:53:12,,,,,,nyse,2026-08-08T04:28:25,,,
AVEO,AVEO,2021-03-10,14:51:52,,LUDP,LULD pause,"AVEO Pharmaceuticals, Inc.",Nasdaq,2021-03-10,,15:06:53,,,,,,nyse,2026-08-08T04:28:25,,,
AVEO,AVEO,2021-03-10,15:07:37,,LUDP,LULD pause,"AVEO Pharmaceuticals, Inc.",Nasdaq,2021-03-10,,15:12:37,,,,,,nyse,2026-08-08T04:28:25,,,
STPK.U,STPK U,2021-03-11,09:30:37,,LUDP,LULD pause,"Star Peak Energy Transition Corp. Units, each consisting of one share of Class A common stock, and o",NYSE,2021-03-11,,09:35:37,,,,,,nyse,2026-08-08T04:28:25,,,
CANG,CANG,2021-03-11,09:35:21,,T1,News pending,"Cango Inc. American Depositary Shares,  each representing two (2) Class A Ordinary Shares",NYSE,2021-03-11,,10:00:52,,,,,,nyse,2026-08-08T04:28:25,,,
LGVN,LGVN,2021-03-11,09:38:40,,LUDP,LULD pause,Longeveron Inc. Common Stock,Nasdaq,2021-03-11,,09:43:40,,,,,,nyse,2026-08-08T04:28:25,,,
MRAM,MRAM,2021-03-11,10:01:07,,LUDP,LULD pause,"Everspin Technologies, Inc",Nasdaq,2021-03-11,,10:06:07,,,,,,nyse,2026-08-08T04:28:25,,,
EXN,EXN,2021-03-12,09:30:17,,LUDP,LULD pause,Excellon Resources Inc.,NYSE American,2021-03-12,,09:35:17,,,,,,nyse,2026-08-08T04:28:25,,,
ENTX,ENTX,2021-03-12,09:34:44,,LUDP,LULD pause,Entera Bio Ltd. Ordinary Shares,Nasdaq,2021-03-12,,09:46:15,,,,,,nyse,2026-08-08T04:28:25,,,
THBRU,THBRU,2021-03-12,09:40:15,,LUDP,LULD pause,"Thunder Bridge Acquisition II, Ltd. Units",Nasdaq,2021-03-12,,09:45:15,,,,,,nyse,2026-08-08T04:28:25,,,
ENTX,ENTX,2021-03-12,09:46:41,,LUDP,LULD pause,Entera Bio Ltd. Ordinary Shares,Nasdaq,2021-03-12,,09:56:41,,,,,,nyse,2026-08-08T04:28:25,,,
ENTX,ENTX,2021-03-12,09:57:37,,LUDP,LULD pause,Entera Bio Ltd. Ordinary Shares,Nasdaq,2021-03-12,,10:02:37,,,,,,nyse,2026-08-08T04:28:25,,,
ENTX,ENTX,2021-03-12,10:08:20,,LUDP,LULD pause,Entera Bio Ltd. Ordinary Shares,Nasdaq,2021-03-12,,10:13:20,,,,,,nyse,2026-08-08T04:28:25,,,
GENE,GENE,2021-03-12,11:01:33,,LUDP,LULD pause,Genetic Technologies Ltd.,Nasdaq,2021-03-12,,11:06:33,,,,,,nyse,2026-08-08T04:28:25,,,
VIE,VIE,2021-03-12,19:50:01,,T1,News pending,"Viela Bio, Inc. Common Stock",Nasdaq,,,,,,,,,nyse,2026-08-08T04:28:25,no_reanudo,,
GNRS,GNRS,2021-03-15,07:00:10,,T1,News pending,Greenrose Acquisition Corp. Common Stock,Nasdaq,2021-03-15,,07:30:00,,,,,,nyse,2026-08-08T04:28:25,,,
GNRSU,GNRSU,2021-03-15,07:00:10,,T1,News pending,Greenrose Acquisition Corp. Unit,Nasdaq,2021-03-15,,07:30:00,,,,,,nyse,2026-08-08T04:28:25,,,
GNRSW,GNRSW,2021-03-15,07:00:10,,T1,News pending,Greenrose Acquisition Corp. Warrant,Nasdaq,2021-03-15,,07:30:00,,,,,,nyse,2026-08-08T04:28:25,,,
RMBL,RMBL,2021-03-15,07:22:10,,T1,News pending,"RumbleOn, Inc. Class B Common Stock",Nasdaq,2021-03-15,,07:50:00,,,,,,nyse,2026-08-08T04:28:25,,,
STAY,STAY,2021-03-15,07:47:43,,T1,News pending,"Extended Stay America, Inc. Paired Share Unit",Nasdaq,2021-03-15,,08:30:00,,,,,,nyse,2026-08-08T04:28:25,,,
NGA.U,NGA U,2021-03-15,09:31:41,,LUDP,LULD pause,"Northern Genesis Acquisition Corp. Units, each consisting of one share of common stock and one-half",NYSE,2021-03-15,,09:36:41,,,,,,nyse,2026-08-08T04:28:25,,,
SGLB,SGLB,2021-03-15,09:34:17,,LUDP,LULD pause,"Sigma Labs, Inc. Common Stock",Nasdaq,2021-03-15,,09:39:17,,,,,,nyse,2026-08-08T04:28:25,,,
RUBY,RUBY,2021-03-15,09:56:28,,LUDP,LULD pause,"Rubius Therapeutics, Inc",Nasdaq,2021-03-15,,10:01:28,,,,,,nyse,2026-08-08T04:28:25,,,
RUBY,RUBY,2021-03-15,10:04:12,,LUDP,LULD pause,"Rubius Therapeutics, Inc",Nasdaq,2021-03-15,,10:09:12,,,,,,nyse,2026-08-08T04:28:25,,,
FLEH,FLEH,2021-03-15,10:14:48,,LUDP,LULD pause,Franklin FTSE Europe Hedged ETF,NYSE Arca,2021-03-15,,10:19:48,,,,,,nyse,2026-08-08T04:28:25,,,
GBR,GBR,2021-03-15,10:57:00,,LUDP,LULD pause,New Concept Energy Inc,NYSE American,2021-03-15,,11:02:00,,,,,,nyse,2026-08-08T04:28:25,,,
GME,GME,2021-03-15,11:19:41,,LUDP,LULD pause,GameStop Corp. Class A,NYSE,2021-03-15,,11:24:43,,,,,,nyse,2026-08-08T04:28:25,,,
AEVA,AEVA,2021-03-15,11:25:45,,LUDP,LULD pause,"Aeva Technologies, Inc.",NYSE,2021-03-15,,11:31:35,,,,,,nyse,2026-08-08T04:28:25,,,
AEVA,AEVA,2021-03-15,11:32:06,,LUDP,LULD pause,"Aeva Technologies, Inc.",NYSE,2021-03-15,,11:37:21,,,,,,nyse,2026-08-08T04:28:25,,,
DNK,DNK,2021-03-15,11:41:46,,T1,News pending,"Phoenix Tree Holdings Limited American Depositary Shares, each representing ten (10) Class A ordinar",NYSE,,,,,,,,,nyse,2026-08-08T04:28:25,no_reanudo,,
RCMT,RCMT,2021-03-15,14:05:43,,LUDP,LULD pause,RCM Technologies Inc,Nasdaq,2021-03-15,,14:10:43,,,,,,nyse,2026-08-08T04:28:25,,,
KMPH,KMPH,2021-03-15,14:33:51,,LUDP,LULD pause,"KemPharm, Inc. Common Stock",Nasdaq,2021-03-15,,14:38:51,,,,,,nyse,2026-08-08T04:28:25,,,
TKAT,TKAT,2021-03-15,15:26:55,,LUDP,LULD pause,"Takung Art Co., Ltd.",NYSE American,2021-03-15,,15:31:55,,,,,,nyse,2026-08-08T04:28:25,,,
TKAT,TKAT,2021-03-15,15:40:05,,LUDP,LULD pause,"Takung Art Co., Ltd.",NYSE American,2021-03-15,,15:45:05,,,,,,nyse,2026-08-08T04:28:25,,,
ZYNE,ZYNE,2021-03-15,15:55:28,,LUDP,LULD pause,"Zynerba Pharmaceuticals, Inc",Nasdaq,2021-03-15,,16:00:00,,,,,,nyse,2026-08-08T04:28:25,,,
FTCV,FTCV,2021-03-16,07:14:06,,T1,News pending,FinTech Acquisition Corp. V Class A Common Stock,Nasdaq,2021-03-16,,07:45:00,,,,,,nyse,2026-08-08T04:28:25,,,
FTCVU,FTCVU,2021-03-16,07:14:06,,T1,News pending,FinTech Acquisition Corp. V Unit,Nasdaq,2021-03-16,,07:45:00,,,,,,nyse,2026-08-08T04:28:25,,,
FTCVW,FTCVW,2021-03-16,07:14:06,,T1,News pending,FinTech Acquisition Corp. V Warrant,Nasdaq,2021-03-16,,07:45:00,,,,,,nyse,2026-08-08T04:28:25,,,
TSRI,TSRI,2021-03-16,09:34:12,,LUDP,LULD pause,TSR Inc. New,Nasdaq,2021-03-16,,09:44:45,,,,,,nyse,2026-08-08T04:28:25,,,
BIOX,BIOX,2021-03-16,09:42:07,,LUDP,LULD pause,Bioceres Crop Solutions Corp. Ordinary Shares,NYSE American,2021-03-16,,10:17:27,,,,,,nyse,2026-08-08T04:28:25,,,
SSY,SSY,2021-03-16,09:43:08,,LUDP,LULD pause,"SunLink Health Systems, Inc",NYSE American,2021-03-16,,09:48:08,,,,,,nyse,2026-08-08T04:28:25,,,
TSRI,TSRI,2021-03-16,09:45:54,,LUDP,LULD pause,TSR Inc. New,Nasdaq,2021-03-16,,09:50:54,,,,,,nyse,2026-08-08T04:28:25,,,
TSRI,TSRI,2021-03-16,09:51:23,,LUDP,LULD pause,TSR Inc. New,Nasdaq,2021-03-16,,10:01:23,,,,,,nyse,2026-08-08T04:28:25,,,
JILL,JILL,2021-03-16,10:04:28,,LUDP,LULD pause,"J.Jill, Inc. Common Stock",NYSE,2021-03-16,,10:09:34,,,,,,nyse,2026-08-08T04:28:25,,,
TSRI,TSRI,2021-03-16,10:06:58,,LUDP,LULD pause,TSR Inc. New,Nasdaq,2021-03-16,,10:11:58,,,,,,nyse,2026-08-08T04:28:25,,,
ANCN,ANCN,2021-03-16,10:09:00,,LUDP,LULD pause,Anchiano Therapeutics Ltd. American Depositary Share,Nasdaq,2021-03-16,,10:14:00,,,,,,nyse,2026-08-08T04:28:25,,,
BIOX,BIOX,2021-03-16,10:20:00,,LUDP,LULD pause,Bioceres Crop Solutions Corp. Ordinary Shares,NYSE American,2021-03-16,,10:30:00,,,,,,nyse,2026-08-08T04:28:25,,,
VINCU,VINCU,2021-03-16,10:21:45,,LUDP,LULD pause,"Vincerx Pharma, Inc. Unit",Nasdaq,2021-03-16,,10:26:45,,,,,,nyse,2026-08-08T04:28:25,,,
BIOX,BIOX,2021-03-16,10:30:35,,LUDP,LULD pause,Bioceres Crop Solutions Corp. Ordinary Shares,NYSE American,2021-03-16,,10:45:35,,,,,,nyse,2026-08-08T04:28:25,,,
PHAS,PHAS,2021-03-16,10:39:35,,LUDP,LULD pause,"PhaseBio Pharmaceuticals, Inc. Common Stock",Nasdaq,2021-03-16,,10:44:35,,,,,,nyse,2026-08-08T04:28:25,,,
LIZI,LIZI,2021-03-16,11:14:21,,LUDP,LULD pause,LIZHI INC. American Depositary Shares,Nasdaq,2021-03-16,,11:24:21,,,,,,nyse,2026-08-08T04:28:25,,,
MDLY,MDLY,2021-03-16,12:44:45,,LUDP,LULD pause,Medley Management Inc,NYSE,2021-03-16,,12:50:00,,,,,,nyse,2026-08-08T04:28:25,,,
MDLX,MDLX,2021-03-16,12:45:05,,LUDP,LULD pause,Medley LLC  6.875% Senior Notes due 2026,NYSE,2021-03-16,,12:50:05,,,,,,nyse,2026-08-08T04:28:25,,,
MDLX,MDLX,2021-03-16,12:55:37,,LUDP,LULD pause,Medley LLC  6.875% Senior Notes due 2026,NYSE,2021-03-16,,13:00:37,,,,,,nyse,2026-08-08T04:28:25,,,
QEP,QEP,2021-03-17,08:46:59,,UNKNOWN,News dissemination,"QEP RESOURCES, INC.",NYSE,,,,,,,,,nyse,2026-08-08T04:28:25,no_reanudo,,
SUMR,SUMR,2021-03-17,09:30:19,,LUDP,LULD pause,"Summer Infant, Inc.",Nasdaq,2021-03-17,,09:40:20,,,,,,nyse,2026-08-08T04:28:25,,,
CMMB,CMMB,2021-03-17,09:34:49,,LUDP,LULD pause,Chemomab Therapeutics Ltd. American Depositary Share,Nasdaq,2021-03-17,,09:39:49,,,,,,nyse,2026-08-08T04:28:25,,,
NPAUU,NPAUU,2021-03-17,09:36:47,,LUDP,LULD pause,New Providence Acquisition Corp. Unit,Nasdaq,2021-03-17,,09:41:47,,,,,,nyse,2026-08-08T04:28:25,,,
CMMB,CMMB,2021-03-17,09:42:21,,LUDP,LULD pause,Chemomab Therapeutics Ltd. American Depositary Share,Nasdaq,2021-03-17,,09:47:21,,,,,,nyse,2026-08-08T04:28:25,,,
PUYI,PUYI,2021-03-17,09:45:12,,LUDP,LULD pause,Puyi Inc. American Depository Shares,Nasdaq,2021-03-17,,10:05:13,,,,,,nyse,2026-08-08T04:28:25,,,
PUYI,PUYI,2021-03-17,10:12:12,,LUDP,LULD pause,Puyi Inc. American Depository Shares,Nasdaq,2021-03-17,,10:17:12,,,,,,nyse,2026-08-08T04:28:25,,,
JWEL,JWEL,2021-03-17,10:53:30,,LUDP,LULD pause,Jowell Global Ltd. Ordinary Shares,Nasdaq,2021-03-17,,11:03:30,,,,,,nyse,2026-08-08T04:28:25,,,
JWEL,JWEL,2021-03-17,11:07:24,,LUDP,LULD pause,Jowell Global Ltd. Ordinary Shares,Nasdaq,2021-03-17,,11:12:24,,,,,,nyse,2026-08-08T04:28:25,,,
TKAT,TKAT,2021-03-17,11:26:23,,LUDP,LULD pause,"Takung Art Co., Ltd.",NYSE American,2021-03-17,,11:31:23,,,,,,nyse,2026-08-08T04:28:25,,,
TKAT,TKAT,2021-03-17,11:33:16,,LUDP,LULD pause,"Takung Art Co., Ltd.",NYSE American,2021-03-17,,11:38:16,,,,,,nyse,2026-08-08T04:28:25,,,
SSPKU,SSPKU,2021-03-17,11:40:15,,LUDP,LULD pause,Silver Spike Acquisition Corp. Units,Nasdaq,2021-03-17,,11:45:15,,,,,,nyse,2026-08-08T04:28:25,,,
IMTE,IMTE,2021-03-17,12:02:09,,LUDP,LULD pause,Integrated Media Technology Limited Ordinary Shares,Nasdaq,2021-03-17,,12:12:09,,,,,,nyse,2026-08-08T04:28:25,,,
IMTE,IMTE,2021-03-17,12:12:43,,LUDP,LULD pause,Integrated Media Technology Limited Ordinary Shares,Nasdaq,2021-03-17,,12:17:43,,,,,,nyse,2026-08-08T04:28:25,,,
TKAT,TKAT,2021-03-17,12:18:44,,LUDP,LULD pause,"Takung Art Co., Ltd.",NYSE American,2021-03-17,,12:23:44,,,,,,nyse,2026-08-08T04:28:25,,,
XYF,XYF,2021-03-17,12:33:16,,LUDP,LULD pause,"X Financial American Depositary Shares, each representing six Class A Ordinary Shares",NYSE,2021-03-17,,12:38:27,,,,,,nyse,2026-08-08T04:28:25,,,
MFH,MFH,2021-03-17,12:38:51,,LUDP,LULD pause,Mercurity Fintech Holding Inc. ADS,Nasdaq,2021-03-17,,12:43:51,,,,,,nyse,2026-08-08T04:28:25,,,
MFH,MFH,2021-03-17,12:48:28,,LUDP,LULD pause,Mercurity Fintech Holding Inc. ADS,Nasdaq,2021-03-17,,12:53:28,,,,,,nyse,2026-08-08T04:28:25,,,
OCG,OCG,2021-03-17,13:17:50,,LUDP,LULD pause,Oriental Culture Holding LTD Ordinary Shares,Nasdaq,2021-03-17,,13:22:50,,,,,,nyse,2026-08-08T04:28:25,,,
STRRP,STRRP,2021-03-17,13:53:02,,LUDP,LULD pause,"Star Equity Holdings, Inc. Series A Cumulative Perpetual Preferred Stock",Nasdaq,2021-03-17,,13:58:02,,,,,,nyse,2026-08-08T04:28:25,,,
PHCF,PHCF,2021-03-17,14:14:27,,LUDP,LULD pause,"Puhui Wealth Investment Management Co., Ltd.",Nasdaq,2021-03-17,,14:24:27,,,,,,nyse,2026-08-08T04:28:25,,,
MDIA,MDIA,2021-03-17,14:18:18,,LUDP,LULD pause,Mediaco Holding Inc. Class A Common Stock,Nasdaq,2021-03-17,,14:28:18,,,,,,nyse,2026-08-08T04:28:25,,,
KUKE,KUKE,2021-03-17,14:53:23,,LUDP,LULD pause,"Kuke Music Holding Limited American Depositary Shares, each representing one Ordinary Share",NYSE,2021-03-17,,14:58:44,,,,,,nyse,2026-08-08T04:28:25,,,
TKAT,TKAT,2021-03-18,09:31:26,,LUDP,LULD pause,"Takung Art Co., Ltd.",NYSE American,2021-03-18,,09:36:26,,,,,,nyse,2026-08-08T04:28:25,,,
YVR,YVR,2021-03-18,09:31:33,,LUDP,LULD pause,Liquid Media Group Ltd. Common Shares,Nasdaq,2021-03-18,,09:36:33,,,,,,nyse,2026-08-08T04:28:25,,,
EVOL,EVOL,2021-03-18,09:34:25,,LUDP,LULD pause,"Evolving Systems, Inc.",Nasdaq,2021-03-18,,09:44:26,,,,,,nyse,2026-08-08T04:28:25,,,
TKAT,TKAT,2021-03-18,09:44:48,,LUDP,LULD pause,"Takung Art Co., Ltd.",NYSE American,2021-03-18,,09:49:48,,,,,,nyse,2026-08-08T04:28:25,,,
OCG,OCG,2021-03-18,09:45:29,,LUDP,LULD pause,Oriental Culture Holding LTD Ordinary Shares,Nasdaq,2021-03-18,,09:55:29,,,,,,nyse,2026-08-08T04:28:25,,,
TKAT,TKAT,2021-03-18,09:52:02,,LUDP,LULD pause,"Takung Art Co., Ltd.",NYSE American,2021-03-18,,09:57:02,,,,,,nyse,2026-08-08T04:28:25,,,
MFH,MFH,2021-03-18,09:56:58,,LUDP,LULD pause,Mercurity Fintech Holding Inc. ADS,Nasdaq,2021-03-18,,10:01:58,,,,,,nyse,2026-08-08T04:28:25,,,
YVR,YVR,2021-03-18,10:00:00,,LUDP,LULD pause,Liquid Media Group Ltd. Common Shares,Nasdaq,2021-03-18,,10:05:00,,,,,,nyse,2026-08-08T04:28:25,,,
JFIN,JFIN,2021-03-18,10:00:38,,LUDP,LULD pause,Jiayin Group Inc. American Depositary Shares,Nasdaq,2021-03-18,,10:05:38,,,,,,nyse,2026-08-08T04:28:25,,,
IPDN,IPDN,2021-03-18,10:01:37,,LUDP,LULD pause,"Professional Diversity Network, Inc.",Nasdaq,2021-03-18,,10:11:38,,,,,,nyse,2026-08-08T04:28:25,,,
PCTTU,PCTTU,2021-03-18,10:23:44,,LUDP,LULD pause,"PureCycle Technologies, Inc. Unit",Nasdaq,2021-03-18,,11:09:05,,,,,,nyse,2026-08-08T04:28:25,,,
TKAT,TKAT,2021-03-18,10:24:49,,LUDP,LULD pause,"Takung Art Co., Ltd.",NYSE American,2021-03-18,,10:29:49,,,,,,nyse,2026-08-08T04:28:25,,,
JFIN,JFIN,2021-03-18,11:18:29,,LUDP,LULD pause,Jiayin Group Inc. American Depositary Shares,Nasdaq,2021-03-18,,11:23:29,,,,,,nyse,2026-08-08T04:28:25,,,
TKAT,TKAT,2021-03-18,11:25:23,,T1,News pending,"Takung Art Co., Ltd.",NYSE American,2021-03-18,,12:45:00,,,,,,nyse,2026-08-08T04:28:25,,,
HIG,HIG,2021-03-18,12:20:12,,LUDP,LULD pause,"The Hartford Financial Services Group, Inc.",NYSE,2021-03-18,,12:25:36,,,,,,nyse,2026-08-08T04:28:25,,,
TKAT,TKAT,2021-03-18,12:45:19,,LUDP,LULD pause,"Takung Art Co., Ltd.",NYSE American,2021-03-18,,12:56:22,,,,,,nyse,2026-08-08T04:28:25,,,
WKEY,WKEY,2021-03-18,13:00:19,,LUDP,LULD pause,WISeKey International Holding AG American Depositary Shares,Nasdaq,2021-03-18,,13:10:20,,,,,,nyse,2026-08-08T04:28:25,,,
PCTTU,PCTTU,2021-03-18,13:08:16,,LUDP,LULD pause,"PureCycle Technologies, Inc. Unit",Nasdaq,2021-03-18,,13:13:16,,,,,,nyse,2026-08-08T04:28:25,,,
WKEY,WKEY,2021-03-18,13:10:56,,LUDP,LULD pause,WISeKey International Holding AG American Depositary Shares,Nasdaq,2021-03-18,,13:20:56,,,,,,nyse,2026-08-08T04:28:25,,,
JFIN,JFIN,2021-03-18,14:14:38,,LUDP,LULD pause,Jiayin Group Inc. American Depositary Shares,Nasdaq,2021-03-18,,14:19:38,,,,,,nyse,2026-08-08T04:28:25,,,
XYF,XYF,2021-03-18,14:52:43,,LUDP,LULD pause,"X Financial American Depositary Shares, each representing six Class A Ordinary Shares",NYSE,2021-03-18,,14:57:57,,,,,,nyse,2026-08-08T04:28:25,,,
KSU.PR,KSU PR,2021-03-18,15:03:28,,LUDP,LULD pause,Kansas City Southern Non-Cumulative Preferred Stock,NYSE,2021-03-18,,15:10:16,,,,,,nyse,2026-08-08T04:28:25,,,
ITAC,ITAC,2021-03-18,16:00:18,,T1,News pending,"Industrial Tech Acquisitions, Inc. Class A common stock",Nasdaq,2021-03-18,,16:30:00,,,,,,nyse,2026-08-08T04:28:25,,,
ITACU,ITACU,2021-03-18,16:00:18,,T1,News pending,"Industrial Tech Acquisitions, Inc. Unit",Nasdaq,2021-03-18,,16:30:00,,,,,,nyse,2026-08-08T04:28:25,,,
ITACW,ITACW,2021-03-18,16:00:18,,T1,News pending,"Industrial Tech Acquisitions, Inc. Warrant",Nasdaq,2021-03-18,,16:30:00,,,,,,nyse,2026-08-08T04:28:25,,,
IDRA,IDRA,2021-03-18,16:10:28,,T1,News pending,"Idera Pharmaceuticals, Inc.",Nasdaq,2021-03-18,,16:45:00,,,,,,nyse,2026-08-08T04:28:25,,,
OCSI,OCSI,2021-03-18,19:50:04,,T1,News pending,Oaktree Strategic Income Corporation,Nasdaq,2021-03-19,,03:58:00,,,,,,nyse,2026-08-08T04:28:25,,,
OCSI,OCSI,2021-03-19,03:58:00,,T1,News pending,Oaktree Strategic Income Corporation,Nasdaq,,,,,,,,,nyse,2026-08-08T04:28:25,no_reanudo,,
TKAT,TKAT,2021-03-19,09:44:11,,LUDP,LULD pause,"Takung Art Co., Ltd.",NYSE American,2021-03-19,,09:49:11,,,,,,nyse,2026-08-08T04:28:25,,,
OCG,OCG,2021-03-19,10:07:22,,LUDP,LULD pause,Oriental Culture Holding LTD Ordinary Shares,Nasdaq,2021-03-19,,10:12:22,,,,,,nyse,2026-08-08T04:28:25,,,
PHCF,PHCF,2021-03-19,10:23:44,,LUDP,LULD pause,"Puhui Wealth Investment Management Co., Ltd.",Nasdaq,2021-03-19,,10:28:44,,,,,,nyse,2026-08-08T04:28:25,,,
GBNH,GBNH,2021-03-19,10:46:57,,LUDP,LULD pause,Greenbrook TMS Inc. Common Shares,Nasdaq,2021-03-19,,10:51:57,,,,,,nyse,2026-08-08T04:28:25,,,
NAV.PRD,NAV PRD,2021-03-19,12:13:10,,LUDP,LULD pause,"Navistar International Corporation Cumulative Convertible Junior Preference Stock, Series D",NYSE,2021-03-19,,12:19:54,,,,,,nyse,2026-08-08T04:28:25,,,
GANX,GANX,2021-03-19,13:47:05,,LUDP,LULD pause,"Gain Therapeutics, Inc. Common Stock",Nasdaq,2021-03-19,,13:52:05,,,,,,nyse,2026-08-08T04:28:25,,,
ODT,ODT,2021-03-22,07:55:01,,T1,News pending,"Odonate Therapeutics, Inc. Common Stock",Nasdaq,2021-03-22,,08:30:00,,,,,,nyse,2026-08-08T04:28:25,,,
STON,STON,2021-03-22,09:32:37,,LUDP,LULD pause,StoneMor Inc.,NYSE,2021-03-22,,09:37:37,,,,,,nyse,2026-08-08T04:28:25,,,
SUMR,SUMR,2021-03-22,09:42:45,,LUDP,LULD pause,"Summer Infant, Inc.",Nasdaq,2021-03-22,,09:47:45,,,,,,nyse,2026-08-08T04:28:25,,,
SUMR,SUMR,2021-03-22,09:48:45,,LUDP,LULD pause,"Summer Infant, Inc.",Nasdaq,2021-03-22,,09:53:45,,,,,,nyse,2026-08-08T04:28:25,,,
CTIC,CTIC,2021-03-22,10:01:35,,LUDP,LULD pause,CTI BioPharma Corp. (DE) Common Stock,Nasdaq,2021-03-22,,10:11:35,,,,,,nyse,2026-08-08T04:28:25,,,
KSU.PR,KSU PR,2021-03-22,10:09:15,,LUDP,LULD pause,Kansas City Southern Non-Cumulative Preferred Stock,NYSE,2021-03-22,,10:15:34,,,,,,nyse,2026-08-08T04:28:25,,,
JFIN,JFIN,2021-03-22,10:16:46,,LUDP,LULD pause,Jiayin Group Inc. American Depositary Shares,Nasdaq,2021-03-22,,10:21:46,,,,,,nyse,2026-08-08T04:28:25,,,
MOXC,MOXC,2021-03-22,10:19:06,,LUDP,LULD pause,"Moxian, Inc. Common Stock",Nasdaq,2021-03-22,,10:24:06,,,,,,nyse,2026-08-08T04:28:25,,,
KSU.PR,KSU PR,2021-03-22,11:12:28,,LUDP,LULD pause,Kansas City Southern Non-Cumulative Preferred Stock,NYSE,2021-03-22,,11:17:32,,,,,,nyse,2026-08-08T04:28:25,,,
WATT,WATT,2021-03-22,12:58:44,,LUDP,LULD pause,Energous Corporation,Nasdaq,2021-03-22,,13:03:44,,,,,,nyse,2026-08-08T04:28:25,,,
KUKE,KUKE,2021-03-22,13:38:51,,LUDP,LULD pause,"Kuke Music Holding Limited American Depositary Shares, each representing one Ordinary Share",NYSE,2021-03-22,,13:43:58,,,,,,nyse,2026-08-08T04:28:25,,,
CRTD,CRTD,2021-03-22,14:41:35,,LUDP,LULD pause,Creatd Inc. Common Stock,Nasdaq,2021-03-22,,14:46:35,,,,,,nyse,2026-08-08T04:28:25,,,
JE,JE,2021-03-22,15:39:58,,T1,News pending,Just Energy Group Inc,NYSE,,,,,,,,,nyse,2026-08-08T04:28:25,no_reanudo,,
IONS,IONS,2021-03-22,16:00:12,,T1,News pending,"Ionis Pharmaceuticals, Inc. Common Stock",Nasdaq,2021-03-22,,16:30:00,,,,,,nyse,2026-08-08T04:28:25,,,
PLL,PLL,2021-03-22,18:38:42,,T1,News pending,Piedmont Lithium Limited American Depositary Receipts,Nasdaq,2021-03-23,,19:00:00,,,,,,nyse,2026-08-08T04:28:25,,,
MBINN,MBINN,2021-03-23,04:00:00,,T1,News pending,Merchants Bancorp Depositary Shares Preferred Series C,Nasdaq,2021-03-23,,10:35:00,,,,,,nyse,2026-08-08T04:28:25,,,
YVR,YVR,2021-03-23,09:35:20,,LUDP,LULD pause,Liquid Media Group Ltd. Common Shares,Nasdaq,2021-03-23,,09:45:20,,,,,,nyse,2026-08-08T04:28:25,,,
DLPN,DLPN,2021-03-23,09:47:12,,LUDP,LULD pause,"Dolphin Entertainment, Inc.",Nasdaq,2021-03-23,,09:52:12,,,,,,nyse,2026-08-08T04:28:25,,,
BBIG,BBIG,2021-03-23,09:49:23,,LUDP,LULD pause,"Vinco Ventures, Inc. Common Stock",Nasdaq,2021-03-23,,09:59:23,,,,,,nyse,2026-08-08T04:28:25,,,
DLPN,DLPN,2021-03-23,09:59:42,,LUDP,LULD pause,"Dolphin Entertainment, Inc.",Nasdaq,2021-03-23,,10:04:42,,,,,,nyse,2026-08-08T04:28:25,,,
UPC,UPC,2021-03-23,10:40:45,,LUDP,LULD pause,Universe Pharmaceuticals Inc. Ordinary Shares,Nasdaq,2021-03-23,,10:45:45,,,,,,nyse,2026-08-08T04:28:25,,,
SRAX,SRAX,2021-03-23,11:06:00,,LUDP,LULD pause,"SRAX, Inc. Class A Common Stock",Nasdaq,2021-03-23,,11:11:00,,,,,,nyse,2026-08-08T04:28:25,,,
MOVE,MOVE,2021-03-23,12:03:11,,LUDP,LULD pause,Movano Inc. Common Stock,Nasdaq,2021-03-23,,12:08:11,,,,,,nyse,2026-08-08T04:28:25,,,
DISCB,DISCB,2021-03-23,12:21:21,,LUDP,LULD pause,"Discovery, Inc. Series B Common Stock",Nasdaq,2021-03-23,,12:26:21,,,,,,nyse,2026-08-08T04:28:25,,,
DLPN,DLPN,2021-03-23,12:22:19,,LUDP,LULD pause,"Dolphin Entertainment, Inc.",Nasdaq,2021-03-23,,12:27:19,,,,,,nyse,2026-08-08T04:28:25,,,
AAME,AAME,2021-03-23,12:54:04,,LUDP,LULD pause,Atlantic American Corp,Nasdaq,2021-03-23,,13:04:40,,,,,,nyse,2026-08-08T04:28:25,,,
YVR,YVR,2021-03-23,13:05:05,,LUDP,LULD pause,Liquid Media Group Ltd. Common Shares,Nasdaq,2021-03-23,,13:10:05,,,,,,nyse,2026-08-08T04:28:25,,,
CYCCP,CYCCP,2021-03-24,09:30:17,,LUDP,LULD pause,"Cyclacel Pharmaceuticals, Inc. 6% Cnvrtbl. Prfrd. Stock",Nasdaq,2021-03-24,,09:35:17,,,,,,nyse,2026-08-08T04:28:25,,,
DLPN,DLPN,2021-03-24,09:36:20,,LUDP,LULD pause,"Dolphin Entertainment, Inc.",Nasdaq,2021-03-24,,09:41:20,,,,,,nyse,2026-08-08T04:28:25,,,
SQBG,SQBG,2021-03-24,10:20:02,,LUDP,LULD pause,"Sequential Brands Group, Inc.",Nasdaq,2021-03-24,,10:30:02,,,,,,nyse,2026-08-08T04:28:25,,,
WKEY,WKEY,2021-03-24,13:05:01,,LUDP,LULD pause,WISeKey International Holding AG American Depositary Shares,Nasdaq,2021-03-24,,13:15:01,,,,,,nyse,2026-08-08T04:28:25,,,
HPR,HPR,2021-03-24,14:15:05,,LUDP,LULD pause,HighPoint Resources Corporation,NYSE,2021-03-24,,14:20:46,,,,,,nyse,2026-08-08T04:28:25,,,
HPR,HPR,2021-03-24,14:21:11,,LUDP,LULD pause,HighPoint Resources Corporation,NYSE,2021-03-24,,14:26:26,,,,,,nyse,2026-08-08T04:28:25,,,
HPR,HPR,2021-03-24,14:27:52,,LUDP,LULD pause,HighPoint Resources Corporation,NYSE,2021-03-24,,14:33:05,,,,,,nyse,2026-08-08T04:28:25,,,
HPR,HPR,2021-03-24,14:33:30,,LUDP,LULD pause,HighPoint Resources Corporation,NYSE,2021-03-25,,09:39:37,,,,,,nyse,2026-08-08T04:28:25,,,
DISCB,DISCB,2021-03-24,14:37:39,,LUDP,LULD pause,"Discovery, Inc. Series B Common Stock",Nasdaq,2021-03-24,,14:42:39,,,,,,nyse,2026-08-08T04:28:25,,,
OVV,OVV,2021-03-24,14:42:21,,T1,News pending,Ovintiv Inc.,NYSE,2021-03-24,,15:30:11,,,,,,nyse,2026-08-08T04:28:25,,,
NPAUU,NPAUU,2021-03-24,14:50:28,,LUDP,LULD pause,New Providence Acquisition Corp. Unit,Nasdaq,2021-03-24,,14:55:28,,,,,,nyse,2026-08-08T04:28:25,,,
LACQU,LACQU,2021-03-24,15:50:43,,LUDP,LULD pause,Leisure Acquisition Corp. Unit,Nasdaq,2021-03-24,,16:03:17,,,,,,nyse,2026-08-08T04:28:25,,,
VINO,VINO,2021-03-25,09:30:57,,LUDP,LULD pause,"Gaucho Group Holdings, Inc. Common Stock",Nasdaq,2021-03-25,,09:35:57,,,,,,nyse,2026-08-08T04:28:25,,,
ASAXU,ASAXU,2021-03-25,09:37:11,,LUDP,LULD pause,Astrea Acquisition Corp. Unit,Nasdaq,2021-03-25,,09:42:11,,,,,,nyse,2026-08-08T04:28:25,,,
SWETU,SWETU,2021-03-25,09:37:55,,LUDP,LULD pause,Athlon Acquisition Corp. Unit,Nasdaq,2021-03-25,,09:42:55,,,,,,nyse,2026-08-08T04:28:25,,,
HPR,HPR,2021-03-25,09:40:06,,LUDP,LULD pause,HighPoint Resources Corporation,NYSE,2021-03-25,,09:45:22,,,,,,nyse,2026-08-08T04:28:25,,,
HPR,HPR,2021-03-25,09:46:04,,LUDP,LULD pause,HighPoint Resources Corporation,NYSE,2021-03-25,,09:51:56,,,,,,nyse,2026-08-08T04:28:25,,,
HPR,HPR,2021-03-25,09:53:06,,LUDP,LULD pause,HighPoint Resources Corporation,NYSE,2021-03-25,,09:58:20,,,,,,nyse,2026-08-08T04:28:25,,,
TAOP,TAOP,2021-03-25,09:58:31,,LUDP,LULD pause,Taoping Inc. BVI Ordinary Shares (0 par),Nasdaq,2021-03-25,,10:03:31,,,,,,nyse,2026-08-08T04:28:25,,,
HPR,HPR,2021-03-25,10:02:21,,LUDP,LULD pause,HighPoint Resources Corporation,NYSE,2021-03-25,,10:07:42,,,,,,nyse,2026-08-08T04:28:25,,,
LINK,LINK,2021-03-25,10:11:33,,LUDP,LULD pause,"Interlink Electronics, Inc. Common Stock",Nasdaq,2021-03-25,,10:16:33,,,,,,nyse,2026-08-08T04:28:25,,,
SRACU,SRACU,2021-03-25,10:34:18,,LUDP,LULD pause,Stable Road Acquisition Corp. Unit,Nasdaq,2021-03-25,,10:39:18,,,,,,nyse,2026-08-08T04:28:25,,,
RAIL,RAIL,2021-03-25,10:44:33,,LUDP,LULD pause,"FreightCar America, Inc.",Nasdaq,2021-03-25,,10:49:33,,,,,,nyse,2026-08-08T04:28:25,,,
PRQR,PRQR,2021-03-25,11:41:03,,LUDP,LULD pause,ProQR Therapeutics N.V. Ordinary Shares,Nasdaq,2021-03-25,,11:46:03,,,,,,nyse,2026-08-08T04:28:25,,,
WHLM,WHLM,2021-03-25,12:14:23,,LUDP,LULD pause,"Wilhelmina International, Inc",Nasdaq,2021-03-25,,12:19:23,,,,,,nyse,2026-08-08T04:28:25,,,
SYBX,SYBX,2021-03-25,13:34:00,,LUDP,LULD pause,"Synlogic, Inc. Common Stock",Nasdaq,2021-03-25,,13:39:00,,,,,,nyse,2026-08-08T04:28:25,,,
ZKIN,ZKIN,2021-03-25,13:44:21,,LUDP,LULD pause,"ZK International Group Co., Ltd Ordinary Share",Nasdaq,2021-03-25,,13:55:06,,,,,,nyse,2026-08-08T04:28:25,,,
RCON,RCON,2021-03-25,14:49:06,,LUDP,LULD pause,"Recon Technology, Ltd.",Nasdaq,2021-03-25,,14:59:06,,,,,,nyse,2026-08-08T04:28:25,,,
LTBR,LTBR,2021-03-25,14:50:18,,LUDP,LULD pause,Lightbridge Corp.,Nasdaq,2021-03-25,,15:00:18,,,,,,nyse,2026-08-08T04:28:25,,,
THCAU,THCAU,2021-03-25,14:53:22,,LUDP,LULD pause,Tuscan Holdings Corp. II Unit,Nasdaq,2021-03-25,,14:58:22,,,,,,nyse,2026-08-08T04:28:25,,,
AGBAU,AGBAU,2021-03-25,15:54:45,,LUDP,LULD pause,AGBA Acquisition Limited Unit,Nasdaq,2021-03-25,,16:00:00,,,,,,nyse,2026-08-08T04:28:25,,,
NNVC,NNVC,2021-03-25,15:59:10,,LUDP,LULD pause,NanoViricides Inc.,NYSE American,2021-03-25,,16:00:00,,,,,,nyse,2026-08-08T04:28:25,,,
KZIA,KZIA,2021-03-25,18:24:31,,T1,News pending,Kazia Therapeutics Limited American Depositary Shares,Nasdaq,2021-03-29,,06:30:00,,,,,,nyse,2026-08-08T04:28:25,,,
BOWX,BOWX,2021-03-26,06:50:22,,T1,News pending,BowX Acquisition Corp. Class A Common Stock,Nasdaq,2021-03-26,,07:45:00,,,,,,nyse,2026-08-08T04:28:25,,,
BOWXU,BOWXU,2021-03-26,06:50:22,,T1,News pending,BowX Acquisition Corp. Unit,Nasdaq,2021-03-26,,07:45:00,,,,,,nyse,2026-08-08T04:28:25,,,
BOWXW,BOWXW,2021-03-26,06:50:22,,T1,News pending,BowX Acquisition Corp. Warrant,Nasdaq,2021-03-26,,07:45:00,,,,,,nyse,2026-08-08T04:28:25,,,
EEIQ,EEIQ,2021-03-26,09:30:23,,LUDP,LULD pause,Elite Education Group International Ltd. Common Stock,Nasdaq,2021-03-26,,09:40:23,,,,,,nyse,2026-08-08T04:28:25,,,
PFX,PFX,2021-03-26,09:30:30,,LUDP,LULD pause,PhenixFIN Corporation Common Stock,Nasdaq,2021-03-26,,09:40:30,,,,,,nyse,2026-08-08T04:28:25,,,
WAFU,WAFU,2021-03-26,09:31:15,,LUDP,LULD pause,Wah Fu Education Group Limited Ordinary Shares,Nasdaq,2021-03-26,,09:36:15,,,,,,nyse,2026-08-08T04:28:25,,,
ATNF,ATNF,2021-03-26,09:34:52,,LUDP,LULD pause,180 Life Sciences Corp. Common Stock,Nasdaq,2021-03-26,,09:39:52,,,,,,nyse,2026-08-08T04:28:25,,,
WAFU,WAFU,2021-03-26,09:37:27,,LUDP,LULD pause,Wah Fu Education Group Limited Ordinary Shares,Nasdaq,2021-03-26,,09:42:27,,,,,,nyse,2026-08-08T04:28:25,,,
EEIQ,EEIQ,2021-03-26,09:40:44,,LUDP,LULD pause,Elite Education Group International Ltd. Common Stock,Nasdaq,2021-03-26,,09:50:44,,,,,,nyse,2026-08-08T04:28:25,,,
WAFU,WAFU,2021-03-26,09:44:30,,LUDP,LULD pause,Wah Fu Education Group Limited Ordinary Shares,Nasdaq,2021-03-26,,09:49:30,,,,,,nyse,2026-08-08T04:28:25,,,
FHS,FHS,2021-03-26,09:47:29,,LUDP,LULD pause,"First High-School Education Group Co., Ltd. American Depositary Shares (each representing three (3)",NYSE,2021-03-26,,09:52:42,,,,,,nyse,2026-08-08T04:28:25,,,
THCAU,THCAU,2021-03-26,09:49:22,,LUDP,LULD pause,Tuscan Holdings Corp. II Unit,Nasdaq,2021-03-26,,09:59:22,,,,,,nyse,2026-08-08T04:28:25,,,
EEIQ,EEIQ,2021-03-26,09:51:05,,LUDP,LULD pause,Elite Education Group International Ltd. Common Stock,Nasdaq,2021-03-26,,10:06:10,,,,,,nyse,2026-08-08T04:28:25,,,
WAFU,WAFU,2021-03-26,09:53:10,,LUDP,LULD pause,Wah Fu Education Group Limited Ordinary Shares,Nasdaq,2021-03-26,,09:58:10,,,,,,nyse,2026-08-08T04:28:25,,,
WAFU,WAFU,2021-03-26,09:59:09,,LUDP,LULD pause,Wah Fu Education Group Limited Ordinary Shares,Nasdaq,2021-03-26,,10:04:09,,,,,,nyse,2026-08-08T04:28:25,,,
AGBAU,AGBAU,2021-03-26,09:59:55,,LUDP,LULD pause,AGBA Acquisition Limited Unit,Nasdaq,2021-03-26,,10:04:55,,,,,,nyse,2026-08-08T04:28:25,,,
CLEU,CLEU,2021-03-26,10:01:18,,LUDP,LULD pause,China Liberal Education Holdings Limited Ordinary Shares,Nasdaq,2021-03-26,,10:11:18,,,,,,nyse,2026-08-08T04:28:25,,,
WAFU,WAFU,2021-03-26,10:05:38,,LUDP,LULD pause,Wah Fu Education Group Limited Ordinary Shares,Nasdaq,2021-03-26,,10:10:38,,,,,,nyse,2026-08-08T04:28:25,,,
EEIQ,EEIQ,2021-03-26,10:06:52,,LUDP,LULD pause,Elite Education Group International Ltd. Common Stock,Nasdaq,2021-03-26,,10:11:52,,,,,,nyse,2026-08-08T04:28:25,,,
LXEH,LXEH,2021-03-26,10:07:53,,LUDP,LULD pause,"Lixiang Education Holding Co., Ltd. American Depositary Shares",Nasdaq,2021-03-26,,10:12:53,,,,,,nyse,2026-08-08T04:28:25,,,
WAFU,WAFU,2021-03-26,10:11:09,,LUDP,LULD pause,Wah Fu Education Group Limited Ordinary Shares,Nasdaq,2021-03-26,,10:26:09,,,,,,nyse,2026-08-08T04:28:25,,,
CLEU,CLEU,2021-03-26,10:12:02,,LUDP,LULD pause,China Liberal Education Holdings Limited Ordinary Shares,Nasdaq,2021-03-26,,10:17:02,,,,,,nyse,2026-08-08T04:28:25,,,
EEIQ,EEIQ,2021-03-26,10:12:09,,LUDP,LULD pause,Elite Education Group International Ltd. Common Stock,Nasdaq,2021-03-26,,10:47:09,,,,,,nyse,2026-08-08T04:28:25,,,
FHS,FHS,2021-03-26,10:12:36,,LUDP,LULD pause,"First High-School Education Group Co., Ltd. American Depositary Shares (each representing three (3)",NYSE,2021-03-26,,10:17:36,,,,,,nyse,2026-08-08T04:28:25,,,
LXEH,LXEH,2021-03-26,10:13:15,,LUDP,LULD pause,"Lixiang Education Holding Co., Ltd. American Depositary Shares",Nasdaq,2021-03-26,,10:23:15,,,,,,nyse,2026-08-08T04:28:25,,,
CLEU,CLEU,2021-03-26,10:17:21,,LUDP,LULD pause,China Liberal Education Holdings Limited Ordinary Shares,Nasdaq,2021-03-26,,10:27:21,,,,,,nyse,2026-08-08T04:28:25,,,
IKNA,IKNA,2021-03-26,10:18:43,,LUDP,LULD pause,"Ikena Oncology, Inc. Common Stock",Nasdaq,2021-03-26,,10:23:43,,,,,,nyse,2026-08-08T04:28:25,,,
DISCK,DISCK,2021-03-26,10:42:53,,LUDP,LULD pause,"Discovery, Inc. Series C Common Stock",Nasdaq,2021-03-26,,10:47:53,,,,,,nyse,2026-08-08T04:28:25,,,
DISCA,DISCA,2021-03-26,10:42:54,,LUDP,LULD pause,"Discovery, Inc. Series A Common Stock",Nasdaq,2021-03-26,,10:47:54,,,,,,nyse,2026-08-08T04:28:25,,,
EEIQ,EEIQ,2021-03-26,10:47:41,,LUDP,LULD pause,Elite Education Group International Ltd. Common Stock,Nasdaq,2021-03-26,,10:52:41,,,,,,nyse,2026-08-08T04:28:25,,,
HYW,HYW,2021-03-26,10:50:12,,LUDP,LULD pause,Hywin Holdings Ltd. American Depositary Shares,Nasdaq,2021-03-26,,10:55:12,,,,,,nyse,2026-08-08T04:28:25,,,
DISCK,DISCK,2021-03-26,10:50:32,,LUDP,LULD pause,"Discovery, Inc. Series C Common Stock",Nasdaq,2021-03-26,,10:55:32,,,,,,nyse,2026-08-08T04:28:25,,,
EEIQ,EEIQ,2021-03-26,10:55:10,,LUDP,LULD pause,Elite Education Group International Ltd. Common Stock,Nasdaq,2021-03-26,,11:00:10,,,,,,nyse,2026-08-08T04:28:25,,,
IKNA,IKNA,2021-03-26,10:59:59,,LUDP,LULD pause,"Ikena Oncology, Inc. Common Stock",Nasdaq,2021-03-26,,11:04:59,,,,,,nyse,2026-08-08T04:28:25,,,
IKNA,IKNA,2021-03-26,11:09:47,,LUDP,LULD pause,"Ikena Oncology, Inc. Common Stock",Nasdaq,2021-03-26,,11:14:47,,,,,,nyse,2026-08-08T04:28:25,,,
EEIQ,EEIQ,2021-03-26,11:27:05,,LUDP,LULD pause,Elite Education Group International Ltd. Common Stock,Nasdaq,2021-03-26,,11:32:05,,,,,,nyse,2026-08-08T04:28:25,,,
HSDT,HSDT,2021-03-26,11:38:11,,LUDP,LULD pause,"Helius Medical Technologies, Inc. Class A Common Stock (DE)",Nasdaq,2021-03-26,,11:48:12,,,,,,nyse,2026-08-08T04:28:25,,,
EEIQ,EEIQ,2021-03-26,12:17:51,,LUDP,LULD pause,Elite Education Group International Ltd. Common Stock,Nasdaq,2021-03-26,,12:22:51,,,,,,nyse,2026-08-08T04:28:25,,,
EEIQ,EEIQ,2021-03-26,12:24:18,,LUDP,LULD pause,Elite Education Group International Ltd. Common Stock,Nasdaq,2021-03-26,,12:29:18,,,,,,nyse,2026-08-08T04:28:25,,,
EEIQ,EEIQ,2021-03-26,12:34:08,,LUDP,LULD pause,Elite Education Group International Ltd. Common Stock,Nasdaq,2021-03-26,,12:39:08,,,,,,nyse,2026-08-08T04:28:25,,,
VIAC,VIAC,2021-03-26,12:49:12,,LUDP,LULD pause,ViacomCBS Inc. Class B Common Stock,Nasdaq,2021-03-26,,12:54:12,,,,,,nyse,2026-08-08T04:28:25,,,
VIAC,VIAC,2021-03-26,12:54:54,,LUDP,LULD pause,ViacomCBS Inc. Class B Common Stock,Nasdaq,2021-03-26,,12:59:54,,,,,,nyse,2026-08-08T04:28:25,,,
LIVX,LIVX,2021-03-26,12:57:15,,LUDP,LULD pause,"LiveXLive Media, Inc. Common Stock",Nasdaq,2021-03-26,,13:02:15,,,,,,nyse,2026-08-08T04:28:25,,,
EEIQ,EEIQ,2021-03-26,13:04:15,,LUDP,LULD pause,Elite Education Group International Ltd. Common Stock,Nasdaq,2021-03-26,,13:09:15,,,,,,nyse,2026-08-08T04:28:25,,,
DISCA,DISCA,2021-03-26,13:58:02,,LUDP,LULD pause,"Discovery, Inc. Series A Common Stock",Nasdaq,2021-03-26,,14:03:02,,,,,,nyse,2026-08-08T04:28:25,,,
IKNA,IKNA,2021-03-26,14:03:23,,LUDP,LULD pause,"Ikena Oncology, Inc. Common Stock",Nasdaq,2021-03-26,,14:08:23,,,,,,nyse,2026-08-08T04:28:25,,,
DISCK,DISCK,2021-03-26,14:04:36,,LUDP,LULD pause,"Discovery, Inc. Series C Common Stock",Nasdaq,2021-03-26,,14:09:36,,,,,,nyse,2026-08-08T04:28:25,,,
WAFU,WAFU,2021-03-26,14:20:47,,LUDP,LULD pause,Wah Fu Education Group Limited Ordinary Shares,Nasdaq,2021-03-26,,14:25:47,,,,,,nyse,2026-08-08T04:28:25,,,
IKNA,IKNA,2021-03-26,14:21:24,,LUDP,LULD pause,"Ikena Oncology, Inc. Common Stock",Nasdaq,2021-03-26,,14:26:24,,,,,,nyse,2026-08-08T04:28:25,,,
EEIQ,EEIQ,2021-03-26,14:23:59,,LUDP,LULD pause,Elite Education Group International Ltd. Common Stock,Nasdaq,2021-03-26,,14:28:59,,,,,,nyse,2026-08-08T04:28:25,,,
DISCA,DISCA,2021-03-26,14:24:40,,LUDP,LULD pause,"Discovery, Inc. Series A Common Stock",Nasdaq,2021-03-26,,14:29:40,,,,,,nyse,2026-08-08T04:28:25,,,
DISCK,DISCK,2021-03-26,14:24:48,,LUDP,LULD pause,"Discovery, Inc. Series C Common Stock",Nasdaq,2021-03-26,,14:29:48,,,,,,nyse,2026-08-08T04:28:25,,,
VIAC,VIAC,2021-03-26,14:24:50,,LUDP,LULD pause,ViacomCBS Inc. Class B Common Stock,Nasdaq,2021-03-26,,14:29:50,,,,,,nyse,2026-08-08T04:28:25,,,
VIACA,VIACA,2021-03-26,14:25:04,,LUDP,LULD pause,ViacomCBS Inc. Class A Common Stock,Nasdaq,2021-03-26,,14:30:04,,,,,,nyse,2026-08-08T04:28:25,,,
GSX,GSX,2021-03-26,14:25:28,,LUDP,LULD pause,GSX Techedu Inc.,NYSE,2021-03-26,,14:30:39,,,,,,nyse,2026-08-08T04:28:25,,,
DISCA,DISCA,2021-03-26,14:32:52,,LUDP,LULD pause,"Discovery, Inc. Series A Common Stock",Nasdaq,2021-03-26,,14:37:52,,,,,,nyse,2026-08-08T04:28:25,,,
IKNA,IKNA,2021-03-26,14:35:21,,LUDP,LULD pause,"Ikena Oncology, Inc. Common Stock",Nasdaq,2021-03-26,,14:45:21,,,,,,nyse,2026-08-08T04:28:25,,,
GSX,GSX,2021-03-26,14:54:09,,LUDP,LULD pause,GSX Techedu Inc.,NYSE,2021-03-26,,14:59:16,,,,,,nyse,2026-08-08T04:28:25,,,
TCRR,TCRR,2021-03-26,15:11:52,,LUDP,LULD pause,TCR2 Therapeutics Inc. Common Stock,Nasdaq,2021-03-26,,15:16:52,,,,,,nyse,2026-08-08T04:28:25,,,
EWTX,EWTX,2021-03-26,15:27:12,,LUDP,LULD pause,"Edgewise Therapeutics, Inc. Common Stock",Nasdaq,2021-03-26,,15:32:12,,,,,,nyse,2026-08-08T04:28:25,,,
EEIQ,EEIQ,2021-03-26,15:35:01,,LUDP,LULD pause,Elite Education Group International Ltd. Common Stock,Nasdaq,2021-03-26,,15:40:01,,,,,,nyse,2026-08-08T04:28:25,,,
EQOSW,EQOSW,2021-03-26,16:05:01,,T1,News pending,Diginex Limited Warrant,Nasdaq,,,,,,,,,nyse,2026-08-08T04:28:25,no_reanudo,,
UROV,UROV,2021-03-26,19:55:30,,T1,News pending,Urovant Sciences Ltd.,Nasdaq,,,,,,,,,nyse,2026-08-08T04:28:25,no_reanudo,,
CMIIU,CMIIU,2021-03-29,06:58:14,,T1,News pending,CM Life Sciences II Inc. Unit,Nasdaq,2021-03-29,,07:30:00,,,,,,nyse,2026-08-08T04:28:25,,,
MLND,MLND,2021-03-29,07:00:18,,T1,News pending,"Millendo Therapeutics, Inc. Common Stock",Nasdaq,2021-03-29,,07:30:00,,,,,,nyse,2026-08-08T04:28:25,,,
PFBI,PFBI,2021-03-29,07:00:18,,T1,News pending,Premier Financial Bancorp,Nasdaq,2021-03-29,,07:30:00,,,,,,nyse,2026-08-08T04:28:25,,,
CLII.U,CLII U,2021-03-29,09:30:16,,LUDP,LULD pause,"Climate Change Crisis Real Impact I Acquisition Corporation Units, each consisting of one share of C",NYSE,2021-03-29,,09:35:16,,,,,,nyse,2026-08-08T04:28:25,,,
EEIQ,EEIQ,2021-03-29,09:31:16,,LUDP,LULD pause,Elite Education Group International Ltd. Common Stock,Nasdaq,2021-03-29,,09:41:16,,,,,,nyse,2026-08-08T04:28:25,,,
FISK,FISK,2021-03-29,09:31:17,,LUDP,LULD pause,"Empire State Realty OP, L.P. Series 250",NYSE Arca,2021-03-29,,09:44:04,,,,,,nyse,2026-08-08T04:28:25,,,
WAFU,WAFU,2021-03-29,09:31:42,,LUDP,LULD pause,Wah Fu Education Group Limited Ordinary Shares,Nasdaq,2021-03-29,,09:36:42,,,,,,nyse,2026-08-08T04:28:25,,,
CYAN,CYAN,2021-03-29,09:33:27,,LUDP,LULD pause,Cyanotech Corp,Nasdaq,2021-03-29,,09:38:27,,,,,,nyse,2026-08-08T04:28:25,,,
SUMR,SUMR,2021-03-29,09:34:42,,LUDP,LULD pause,"Summer Infant, Inc.",Nasdaq,2021-03-29,,09:39:42,,,,,,nyse,2026-08-08T04:28:25,,,
BRPA,BRPA,2021-03-29,09:34:46,,LUDP,LULD pause,Big Rock Partners Acquisition Corp. Common Stock,Nasdaq,2021-03-29,,09:39:46,,,,,,nyse,2026-08-08T04:28:25,,,
UPC,UPC,2021-03-29,09:35:26,,LUDP,LULD pause,Universe Pharmaceuticals Inc. Ordinary Shares,Nasdaq,2021-03-29,,09:40:26,,,,,,nyse,2026-08-08T04:28:25,,,
CYAN,CYAN,2021-03-29,09:42:01,,LUDP,LULD pause,Cyanotech Corp,Nasdaq,2021-03-29,,09:47:01,,,,,,nyse,2026-08-08T04:28:25,,,
EEIQ,EEIQ,2021-03-29,09:42:50,,LUDP,LULD pause,Elite Education Group International Ltd. Common Stock,Nasdaq,2021-03-29,,09:52:50,,,,,,nyse,2026-08-08T04:28:25,,,
KBSF,KBSF,2021-03-29,09:45:28,,LUDP,LULD pause,KBS Fashion Group Limited,Nasdaq,2021-03-29,,09:55:29,,,,,,nyse,2026-08-08T04:28:25,,,
HGEN,HGEN,2021-03-29,09:50:30,,LUDP,LULD pause,"HUMANIGEN, INC.",Nasdaq,2021-03-29,,09:55:30,,,,,,nyse,2026-08-08T04:28:25,,,
ZKIN,ZKIN,2021-03-29,10:03:53,,LUDP,LULD pause,"ZK International Group Co., Ltd Ordinary Share",Nasdaq,2021-03-29,,10:08:53,,,,,,nyse,2026-08-08T04:28:25,,,
EDAP,EDAP,2021-03-29,10:34:26,,LUDP,LULD pause,EDAP TMS SA,Nasdaq,2021-03-29,,10:39:26,,,,,,nyse,2026-08-08T04:28:25,,,
SSPKU,SSPKU,2021-03-29,11:40:57,,LUDP,LULD pause,Silver Spike Acquisition Corp. Units,Nasdaq,2021-03-29,,11:45:57,,,,,,nyse,2026-08-08T04:28:25,,,
BRPAU,BRPAU,2021-03-29,13:13:49,,LUDP,LULD pause,Big Rock Partners Acquisition Corp. Unit,Nasdaq,2021-03-29,,13:18:49,,,,,,nyse,2026-08-08T04:28:25,,,
BRPAU,BRPAU,2021-03-29,13:55:17,,LUDP,LULD pause,Big Rock Partners Acquisition Corp. Unit,Nasdaq,2021-03-29,,14:00:17,,,,,,nyse,2026-08-08T04:28:25,,,
HMSY,HMSY,2021-03-29,19:55:19,,T1,News pending,HMS Holdings Corp.,Nasdaq,2021-03-30,,09:15:00,,,,,,nyse,2026-08-08T04:28:25,,,
ACY,ACY,2021-03-30,08:42:01,,T2,News Released,AeroCentury Corporation,NYSE American,2021-03-30,,12:06:06,,,,,,nyse,2026-08-08T04:28:25,,,
ORPH,ORPH,2021-03-30,09:33:43,,LUDP,LULD pause,Orphazyme A/S,Nasdaq,2021-03-30,,09:43:44,,,,,,nyse,2026-08-08T04:28:25,,,
VTSI,VTSI,2021-03-30,09:36:26,,LUDP,LULD pause,"VirTra, Inc. Common Stock",Nasdaq,2021-03-30,,09:46:26,,,,,,nyse,2026-08-08T04:28:25,,,
BIVI,BIVI,2021-03-30,09:38:24,,LUDP,LULD pause,"BioVie, Inc. Common Stock",Nasdaq,2021-03-30,,09:43:24,,,,,,nyse,2026-08-08T04:28:25,,,
ORPH,ORPH,2021-03-30,09:44:15,,LUDP,LULD pause,Orphazyme A/S,Nasdaq,2021-03-30,,09:49:15,,,,,,nyse,2026-08-08T04:28:25,,,
ORPH,ORPH,2021-03-30,09:49:50,,LUDP,LULD pause,Orphazyme A/S,Nasdaq,2021-03-30,,09:54:50,,,,,,nyse,2026-08-08T04:28:25,,,
VTSI,VTSI,2021-03-30,09:54:32,,LUDP,LULD pause,"VirTra, Inc. Common Stock",Nasdaq,2021-03-30,,09:59:32,,,,,,nyse,2026-08-08T04:28:25,,,
ORPH,ORPH,2021-03-30,09:55:13,,LUDP,LULD pause,Orphazyme A/S,Nasdaq,2021-03-30,,10:15:13,,,,,,nyse,2026-08-08T04:28:25,,,
ORPH,ORPH,2021-03-30,10:26:37,,LUDP,LULD pause,Orphazyme A/S,Nasdaq,2021-03-30,,10:31:37,,,,,,nyse,2026-08-08T04:28:25,,,
DISCB,DISCB,2021-03-30,10:38:33,,LUDP,LULD pause,"Discovery, Inc. Series B Common Stock",Nasdaq,2021-03-30,,10:48:33,,,,,,nyse,2026-08-08T04:28:25,,,
VTSI,VTSI,2021-03-30,11:43:54,,LUDP,LULD pause,"VirTra, Inc. Common Stock",Nasdaq,2021-03-30,,11:48:54,,,,,,nyse,2026-08-08T04:28:25,,,
ACY,ACY,2021-03-30,12:06:21,,LUDP,LULD pause,AeroCentury Corporation,NYSE American,2021-03-30,,12:11:21,,,,,,nyse,2026-08-08T04:28:25,,,
ACY,ACY,2021-03-30,12:11:44,,LUDP,LULD pause,AeroCentury Corporation,NYSE American,2021-03-30,,12:16:44,,,,,,nyse,2026-08-08T04:28:25,,,
ACY,ACY,2021-03-30,12:26:53,,LUDP,LULD pause,AeroCentury Corporation,NYSE American,2021-03-30,,12:31:53,,,,,,nyse,2026-08-08T04:28:25,,,
MNPR,MNPR,2021-03-30,13:05:45,,LUDP,LULD pause,Monopar Therapeutics Inc. Common Stock,Nasdaq,2021-03-30,,13:10:45,,,,,,nyse,2026-08-08T04:28:25,,,
HPR,HPR,2021-03-30,13:40:27,,LUDP,LULD pause,HighPoint Resources Corporation,NYSE,2021-03-30,,13:45:38,,,,,,nyse,2026-08-08T04:28:25,,,
HPR,HPR,2021-03-30,13:51:32,,LUDP,LULD pause,HighPoint Resources Corporation,NYSE,2021-03-30,,13:57:00,,,,,,nyse,2026-08-08T04:28:25,,,
DCTH,DCTH,2021-03-31,07:30:02,,T1,News pending,Delcath Systems Inc,Nasdaq,2021-03-31,,08:00:00,,,,,,nyse,2026-08-08T04:28:25,,,
LATN,LATN,2021-03-31,07:55:06,,T1,News pending,Union Acquisition Corp. II Ordinary Shares,Nasdaq,2021-03-31,,08:15:00,,,,,,nyse,2026-08-08T04:28:25,,,
LATNU,LATNU,2021-03-31,07:55:06,,T1,News pending,Union Acquisition Corp. II Units containing one ordinary share and one redeemable warrant,Nasdaq,2021-03-31,,08:15:00,,,,,,nyse,2026-08-08T04:28:25,,,
LATNW,LATNW,2021-03-31,07:55:06,,T1,News pending,Union Acquisition Corp. II Warrant,Nasdaq,2021-03-31,,08:15:00,,,,,,nyse,2026-08-08T04:28:25,,,
WAFU,WAFU,2021-03-31,09:38:15,,LUDP,LULD pause,Wah Fu Education Group Limited Ordinary Shares,Nasdaq,2021-03-31,,09:48:16,,,,,,nyse,2026-08-08T04:28:25,,,
EEIQ,EEIQ,2021-03-31,09:38:56,,LUDP,LULD pause,Elite Education Group International Ltd. Common Stock,Nasdaq,2021-03-31,,09:48:56,,,,,,nyse,2026-08-08T04:28:25,,,
YVR,YVR,2021-03-31,09:40:42,,LUDP,LULD pause,Liquid Media Group Ltd. Common Shares,Nasdaq,2021-03-31,,09:45:42,,,,,,nyse,2026-08-08T04:28:25,,,
DISCB,DISCB,2021-03-31,09:40:58,,LUDP,LULD pause,"Discovery, Inc. Series B Common Stock",Nasdaq,2021-03-31,,09:45:58,,,,,,nyse,2026-08-08T04:28:25,,,
RCON,RCON,2021-03-31,09:42:08,,LUDP,LULD pause,"Recon Technology, Ltd.",Nasdaq,2021-03-31,,09:52:08,,,,,,nyse,2026-08-08T04:28:25,,,
DISCB,DISCB,2021-03-31,10:01:03,,LUDP,LULD pause,"Discovery, Inc. Series B Common Stock",Nasdaq,2021-03-31,,10:11:03,,,,,,nyse,2026-08-08T04:28:25,,,
DISCB,DISCB,2021-03-31,10:11:23,,LUDP,LULD pause,"Discovery, Inc. Series B Common Stock",Nasdaq,2021-03-31,,10:16:23,,,,,,nyse,2026-08-08T04:28:25,,,
CETXP,CETXP,2021-03-31,10:15:07,,LUDP,LULD pause,Cemtrex Inc. Series 1 Preferred Stock,Nasdaq,2021-03-31,,10:20:07,,,,,,nyse,2026-08-08T04:28:25,,,
DISCB,DISCB,2021-03-31,10:17:02,,LUDP,LULD pause,"Discovery, Inc. Series B Common Stock",Nasdaq,2021-03-31,,10:22:02,,,,,,nyse,2026-08-08T04:28:25,,,
DISCB,DISCB,2021-03-31,10:23:13,,LUDP,LULD pause,"Discovery, Inc. Series B Common Stock",Nasdaq,2021-03-31,,10:28:13,,,,,,nyse,2026-08-08T04:28:25,,,
DISCB,DISCB,2021-03-31,10:31:10,,LUDP,LULD pause,"Discovery, Inc. Series B Common Stock",Nasdaq,2021-03-31,,10:41:10,,,,,,nyse,2026-08-08T04:28:25,,,
DISCB,DISCB,2021-03-31,10:42:15,,LUDP,LULD pause,"Discovery, Inc. Series B Common Stock",Nasdaq,2021-03-31,,10:52:15,,,,,,nyse,2026-08-08T04:28:25,,,
DISCB,DISCB,2021-03-31,10:52:35,,LUDP,LULD pause,"Discovery, Inc. Series B Common Stock",Nasdaq,2021-03-31,,11:02:35,,,,,,nyse,2026-08-08T04:28:25,,,
SCOR,SCOR,2021-03-31,11:00:54,,LUDP,LULD pause,"comScore, Inc. Common Stock",Nasdaq,2021-03-31,,11:05:54,,,,,,nyse,2026-08-08T04:28:25,,,
DISCB,DISCB,2021-03-31,11:04:39,,LUDP,LULD pause,"Discovery, Inc. Series B Common Stock",Nasdaq,2021-03-31,,11:09:39,,,,,,nyse,2026-08-08T04:28:25,,,
DISCB,DISCB,2021-03-31,11:12:34,,LUDP,LULD pause,"Discovery, Inc. Series B Common Stock",Nasdaq,2021-03-31,,11:17:34,,,,,,nyse,2026-08-08T04:28:25,,,
LVTX,LVTX,2021-03-31,11:19:06,,LUDP,LULD pause,LAVA Therapeutics N.V. Ordinary Shares,Nasdaq,2021-03-31,,11:24:06,,,,,,nyse,2026-08-08T04:28:25,,,
LTRPB,LTRPB,2021-03-31,13:39:20,,LUDP,LULD pause,"Liberty TripAdvisor Holdings, Inc. Series B",Nasdaq,2021-03-31,,13:49:21,,,,,,nyse,2026-08-08T04:28:25,,,
LTRPB,LTRPB,2021-03-31,13:51:02,,LUDP,LULD pause,"Liberty TripAdvisor Holdings, Inc. Series B",Nasdaq,2021-03-31,,13:56:02,,,,,,nyse,2026-08-08T04:28:25,,,
LBTYB,LBTYB,2021-03-31,13:51:35,,LUDP,LULD pause,Liberty Global plc Class B,Nasdaq,2021-03-31,,13:56:35,,,,,,nyse,2026-08-08T04:28:25,,,
LTRPB,LTRPB,2021-03-31,13:56:43,,LUDP,LULD pause,"Liberty TripAdvisor Holdings, Inc. Series B",Nasdaq,2021-03-31,,14:01:43,,,,,,nyse,2026-08-08T04:28:25,,,
LTRPB,LTRPB,2021-03-31,14:02:17,,LUDP,LULD pause,"Liberty TripAdvisor Holdings, Inc. Series B",Nasdaq,2021-03-31,,14:12:17,,,,,,nyse,2026-08-08T04:28:25,,,
LBTYB,LBTYB,2021-03-31,14:02:37,,LUDP,LULD pause,Liberty Global plc Class B,Nasdaq,2021-03-31,,14:07:37,,,,,,nyse,2026-08-08T04:28:25,,,
MTR,MTR,2021-03-31,15:05:43,,T1,News pending,Mesa Royalty Trust,NYSE,2021-03-31,,15:27:53,,,,,,nyse,2026-08-08T04:28:25,,,
IVAC,IVAC,2021-03-31,15:07:24,,LUDP,LULD pause,Intevac Inc,Nasdaq,2021-03-31,,15:17:25,,,,,,nyse,2026-08-08T04:28:25,,,
IVAC,IVAC,2021-03-31,15:17:59,,LUDP,LULD pause,Intevac Inc,Nasdaq,2021-03-31,,15:27:59,,,,,,nyse,2026-08-08T04:28:25,,,
HMSY,HMSY,2021-03-31,19:50:03,,T1,News pending,HMS Holdings Corp.,Nasdaq,,,,,,,,,nyse,2026-08-08T04:28:25,no_reanudo,,
PAND,PAND,2021-03-31,19:50:03,,T1,News pending,Pandion Therapeutics Inc. Common Stock,Nasdaq,,,,,,,,,nyse,2026-08-08T04:28:25,no_reanudo,,
SYNC,SYNC,2021-03-31,19:50:03,,T1,News pending,"Synacor, Inc.",Nasdaq,,,,,,,,,nyse,2026-08-08T04:28:25,no_reanudo,,
ELOX,ELOX,2021-04-01,07:43:34,,T1,News pending,"Eloxx Pharmaceuticals, Inc. Common Stock",Nasdaq,2021-04-01,,08:15:00,,,,,,nyse,2026-08-08T04:28:25,,,
THBRU,THBRU,2021-04-01,09:30:16,,LUDP,LULD pause,"Thunder Bridge Acquisition II, Ltd. Units",Nasdaq,2021-04-01,,09:40:16,,,,,,nyse,2026-08-08T04:28:25,,,
DFAE,DFAE,2021-04-01,09:30:21,,LUDP,LULD pause,Dimensional Emerging Core Equity Market ETF,NYSE Arca,2021-04-01,,09:35:21,,,,,,nyse,2026-08-08T04:28:25,,,
LTRPB,LTRPB,2021-04-01,09:31:31,,LUDP,LULD pause,"Liberty TripAdvisor Holdings, Inc. Series B",Nasdaq,2021-04-01,,09:41:31,,,,,,nyse,2026-08-08T04:28:25,,,
ACY,ACY,2021-04-01,09:33:48,,LUDP,LULD pause,AeroCentury Corporation,NYSE American,2021-04-01,,09:45:36,,,,,,nyse,2026-08-08T04:28:25,,,
UPC,UPC,2021-04-01,09:35:17,,LUDP,LULD pause,Universe Pharmaceuticals Inc. Ordinary Shares,Nasdaq,2021-04-01,,09:45:18,,,,,,nyse,2026-08-08T04:28:25,,,
LTRPB,LTRPB,2021-04-01,09:44:21,,LUDP,LULD pause,"Liberty TripAdvisor Holdings, Inc. Series B",Nasdaq,2021-04-01,,09:49:21,,,,,,nyse,2026-08-08T04:28:25,,,
LTRPB,LTRPB,2021-04-01,09:50:10,,LUDP,LULD pause,"Liberty TripAdvisor Holdings, Inc. Series B",Nasdaq,2021-04-01,,10:00:10,,,,,,nyse,2026-08-08T04:28:25,,,
LBTYB,LBTYB,2021-04-01,09:59:59,,LUDP,LULD pause,Liberty Global plc Class B,Nasdaq,2021-04-01,,10:04:59,,,,,,nyse,2026-08-08T04:28:25,,,
LTRPB,LTRPB,2021-04-01,10:00:40,,LUDP,LULD pause,"Liberty TripAdvisor Holdings, Inc. Series B",Nasdaq,2021-04-01,,10:10:40,,,,,,nyse,2026-08-08T04:28:25,,,
ACY,ACY,2021-04-01,10:03:44,,LUDP,LULD pause,AeroCentury Corporation,NYSE American,2021-04-01,,10:08:44,,,,,,nyse,2026-08-08T04:28:25,,,
KELYB,KELYB,2021-04-01,10:04:44,,LUDP,LULD pause,Kelly Services Inc,Nasdaq,2021-04-01,,10:14:44,,,,,,nyse,2026-08-08T04:28:25,,,
LBTYB,LBTYB,2021-04-01,10:07:24,,LUDP,LULD pause,Liberty Global plc Class B,Nasdaq,2021-04-01,,10:12:24,,,,,,nyse,2026-08-08T04:28:25,,,
ACY,ACY,2021-04-01,10:09:21,,LUDP,LULD pause,AeroCentury Corporation,NYSE American,2021-04-01,,10:14:21,,,,,,nyse,2026-08-08T04:28:25,,,
LTRPB,LTRPB,2021-04-01,10:11:09,,LUDP,LULD pause,"Liberty TripAdvisor Holdings, Inc. Series B",Nasdaq,2021-04-01,,10:26:08,,,,,,nyse,2026-08-08T04:28:25,,,
LBTYB,LBTYB,2021-04-01,10:12:59,,LUDP,LULD pause,Liberty Global plc Class B,Nasdaq,2021-04-01,,10:17:59,,,,,,nyse,2026-08-08T04:28:25,,,
ACY,ACY,2021-04-01,10:15:01,,LUDP,LULD pause,AeroCentury Corporation,NYSE American,2021-04-01,,10:20:01,,,,,,nyse,2026-08-08T04:28:25,,,
KELYB,KELYB,2021-04-01,10:15:16,,LUDP,LULD pause,Kelly Services Inc,Nasdaq,2021-04-01,,10:25:30,,,,,,nyse,2026-08-08T04:28:25,,,
KELYB,KELYB,2021-04-01,10:26:06,,LUDP,LULD pause,Kelly Services Inc,Nasdaq,2021-04-01,,10:31:06,,,,,,nyse,2026-08-08T04:28:25,,,
KELYB,KELYB,2021-04-01,10:31:22,,LUDP,LULD pause,Kelly Services Inc,Nasdaq,2021-04-01,,10:41:23,,,,,,nyse,2026-08-08T04:28:25,,,
GBNH,GBNH,2021-04-01,10:37:22,,LUDP,LULD pause,Greenbrook TMS Inc. Common Shares,Nasdaq,2021-04-01,,10:42:22,,,,,,nyse,2026-08-08T04:28:25,,,
KOSS,KOSS,2021-04-01,11:01:04,,LUDP,LULD pause,Koss Corp,Nasdaq,2021-04-01,,11:06:04,,,,,,nyse,2026-08-08T04:28:25,,,
FTFT,FTFT,2021-04-01,11:06:56,,LUDP,LULD pause,Future FinTech Group Inc.,Nasdaq,2021-04-01,,11:11:56,,,,,,nyse,2026-08-08T04:28:25,,,
ACY,ACY,2021-04-01,11:12:03,,LUDP,LULD pause,AeroCentury Corporation,NYSE American,2021-04-01,,11:17:03,,,,,,nyse,2026-08-08T04:28:25,,,
ACY,ACY,2021-04-01,11:19:34,,LUDP,LULD pause,AeroCentury Corporation,NYSE American,2021-04-01,,11:24:34,,,,,,nyse,2026-08-08T04:28:25,,,
KELYB,KELYB,2021-04-01,11:22:35,,LUDP,LULD pause,Kelly Services Inc,Nasdaq,2021-04-01,,11:27:35,,,,,,nyse,2026-08-08T04:28:25,,,
ACY,ACY,2021-04-01,11:28:17,,LUDP,LULD pause,AeroCentury Corporation,NYSE American,2021-04-01,,11:33:17,,,,,,nyse,2026-08-08T04:28:25,,,
ACY,ACY,2021-04-01,11:39:27,,LUDP,LULD pause,AeroCentury Corporation,NYSE American,2021-04-01,,11:44:27,,,,,,nyse,2026-08-08T04:28:25,,,
ACY,ACY,2021-04-01,11:53:16,,LUDP,LULD pause,AeroCentury Corporation,NYSE American,2021-04-01,,11:58:16,,,,,,nyse,2026-08-08T04:28:25,,,
CLWT,CLWT,2021-04-01,11:55:04,,LUDP,LULD pause,Euro Tech Holdings Co Ltd. New,Nasdaq,2021-04-01,,12:05:04,,,,,,nyse,2026-08-08T04:28:25,,,
WKEY,WKEY,2021-04-01,12:00:41,,LUDP,LULD pause,WISeKey International Holding AG American Depositary Shares,Nasdaq,2021-04-01,,12:05:41,,,,,,nyse,2026-08-08T04:28:25,,,
ACY,ACY,2021-04-01,12:20:24,,LUDP,LULD pause,AeroCentury Corporation,NYSE American,2021-04-01,,12:25:24,,,,,,nyse,2026-08-08T04:28:25,,,
KELYB,KELYB,2021-04-01,12:21:16,,LUDP,LULD pause,Kelly Services Inc,Nasdaq,2021-04-01,,12:31:16,,,,,,nyse,2026-08-08T04:28:25,,,
SJ,SJ,2021-04-01,12:33:08,,LUDP,LULD pause,Scienjoy Holding Corporation Ordinary Shares,Nasdaq,2021-04-01,,12:38:08,,,,,,nyse,2026-08-08T04:28:25,,,
KELYB,KELYB,2021-04-01,12:35:09,,LUDP,LULD pause,Kelly Services Inc,Nasdaq,2021-04-01,,12:40:09,,,,,,nyse,2026-08-08T04:28:25,,,
KELYB,KELYB,2021-04-01,12:41:28,,LUDP,LULD pause,Kelly Services Inc,Nasdaq,2021-04-01,,12:56:29,,,,,,nyse,2026-08-08T04:28:25,,,
MDLY,MDLY,2021-04-01,13:11:00,,LUDP,LULD pause,Medley Management Inc,NYSE,2021-04-01,,13:16:02,,,,,,nyse,2026-08-08T04:28:25,,,
JAN,JAN,2021-04-01,13:14:09,,LUDP,LULD pause,JanOne Inc. Common Stock (NV),Nasdaq,2021-04-01,,13:19:09,,,,,,nyse,2026-08-08T04:28:25,,,
MDLY,MDLY,2021-04-01,13:21:53,,LUDP,LULD pause,Medley Management Inc,NYSE,2021-04-01,,13:26:56,,,,,,nyse,2026-08-08T04:28:25,,,
KELYB,KELYB,2021-04-01,13:35:25,,LUDP,LULD pause,Kelly Services Inc,Nasdaq,2021-04-01,,13:40:25,,,,,,nyse,2026-08-08T04:28:25,,,
LTRPB,LTRPB,2021-04-01,14:07:04,,LUDP,LULD pause,"Liberty TripAdvisor Holdings, Inc. Series B",Nasdaq,2021-04-01,,14:12:04,,,,,,nyse,2026-08-08T04:28:25,,,
ACY,ACY,2021-04-01,15:11:56,,LUDP,LULD pause,AeroCentury Corporation,NYSE American,2021-04-01,,15:21:56,,,,,,nyse,2026-08-08T04:28:25,,,
KELYB,KELYB,2021-04-01,15:12:18,,LUDP,LULD pause,Kelly Services Inc,Nasdaq,2021-04-01,,15:17:18,,,,,,nyse,2026-08-08T04:28:25,,,
UFAB,UFAB,2021-04-01,15:40:26,,T1,News pending,"Unique Fabricating, Inc.",NYSE American,2021-04-01,,16:30:00,,,,,,nyse,2026-08-08T04:28:25,,,
LTRPB,LTRPB,2021-04-01,15:45:53,,LUDP,LULD pause,"Liberty TripAdvisor Holdings, Inc. Series B",Nasdaq,2021-04-01,,16:00:00,,,,,,nyse,2026-08-08T04:28:25,,,
SMTX,SMTX,2021-04-01,19:51:42,,T1,News pending,SMTC Corporation,Nasdaq,,,,,,,,,nyse,2026-08-08T04:28:25,no_reanudo,,
RMO.WS,RMO WS,2021-04-05,03:50:42,,M1,Corporate Action,"Romeo Power, Inc. Warrants, each whole warrant exercisable for one share of Common Stock at an exerc",NYSE,,,,,,,,,nyse,2026-08-08T04:28:25,no_reanudo,,
ACY,ACY,2021-04-05,09:31:22,,LUDP,LULD pause,AeroCentury Corporation,NYSE American,2021-04-05,,09:41:22,,,,,,nyse,2026-08-08T04:28:25,,,
KELYB,KELYB,2021-04-05,09:33:34,,LUDP,LULD pause,Kelly Services Inc,Nasdaq,2021-04-05,,10:38:35,,,,,,nyse,2026-08-08T04:28:25,,,
LSXMB,LSXMB,2021-04-05,09:38:01,,LUDP,LULD pause,Liberty Media Corporation Series B Liberty SiriusXM Common Stock,Nasdaq,2021-04-05,,09:43:01,,,,,,nyse,2026-08-08T04:28:25,,,
LTRPB,LTRPB,2021-04-05,09:40:57,,LUDP,LULD pause,"Liberty TripAdvisor Holdings, Inc. Series B",Nasdaq,2021-04-05,,09:45:57,,,,,,nyse,2026-08-08T04:28:25,,,
ACY,ACY,2021-04-05,09:42:52,,LUDP,LULD pause,AeroCentury Corporation,NYSE American,2021-04-05,,09:47:52,,,,,,nyse,2026-08-08T04:28:25,,,
AWX,AWX,2021-04-05,09:45:11,,LUDP,LULD pause,Avalon Holdings Corp.,NYSE American,2021-04-05,,09:55:11,,,,,,nyse,2026-08-08T04:28:25,,,
AMTR,AMTR,2021-04-05,09:46:18,,LUDP,LULD pause,ETRACS Alerian Midstream Energy Total Return Index ETN,NYSE Arca,2021-04-05,,09:51:18,,,,,,nyse,2026-08-08T04:28:25,,,
ACY,ACY,2021-04-05,09:48:19,,LUDP,LULD pause,AeroCentury Corporation,NYSE American,2021-04-05,,09:53:19,,,,,,nyse,2026-08-08T04:28:25,,,
KBSF,KBSF,2021-04-05,09:50:21,,LUDP,LULD pause,KBS Fashion Group Limited,Nasdaq,2021-04-05,,10:00:22,,,,,,nyse,2026-08-08T04:28:25,,,
MDLY,MDLY,2021-04-05,09:52:11,,LUDP,LULD pause,Medley Management Inc,NYSE,2021-04-05,,09:57:23,,,,,,nyse,2026-08-08T04:28:25,,,
ACY,ACY,2021-04-05,09:53:37,,LUDP,LULD pause,AeroCentury Corporation,NYSE American,2021-04-05,,10:03:37,,,,,,nyse,2026-08-08T04:28:25,,,
AWX,AWX,2021-04-05,10:00:10,,LUDP,LULD pause,Avalon Holdings Corp.,NYSE American,2021-04-05,,10:05:10,,,,,,nyse,2026-08-08T04:28:25,,,
ACY,ACY,2021-04-05,10:04:40,,LUDP,LULD pause,AeroCentury Corporation,NYSE American,2021-04-05,,10:09:40,,,,,,nyse,2026-08-08T04:28:25,,,
ACY,ACY,2021-04-05,10:26:46,,LUDP,LULD pause,AeroCentury Corporation,NYSE American,2021-04-05,,10:31:46,,,,,,nyse,2026-08-08T04:28:25,,,
KELYB,KELYB,2021-04-05,10:38:50,,LUDP,LULD pause,Kelly Services Inc,Nasdaq,2021-04-05,,11:08:51,,,,,,nyse,2026-08-08T04:28:25,,,
RHE,RHE,2021-04-05,11:09:30,,LUDP,LULD pause,"Regional Health Properties, Inc.",NYSE American,2021-04-05,,11:14:30,,,,,,nyse,2026-08-08T04:28:25,,,
KELYB,KELYB,2021-04-05,11:09:49,,LUDP,LULD pause,Kelly Services Inc,Nasdaq,2021-04-05,,11:14:49,,,,,,nyse,2026-08-08T04:28:25,,,
KELYB,KELYB,2021-04-05,11:16:58,,LUDP,LULD pause,Kelly Services Inc,Nasdaq,2021-04-05,,11:26:58,,,,,,nyse,2026-08-08T04:28:25,,,
BMRA,BMRA,2021-04-05,11:40:40,,LUDP,LULD pause,BIOMERICA INC,Nasdaq,2021-04-05,,11:45:40,,,,,,nyse,2026-08-08T04:28:25,,,
PCTTU,PCTTU,2021-04-05,15:01:05,,LUDP,LULD pause,"PureCycle Technologies, Inc. Unit",Nasdaq,2021-04-05,,15:11:06,,,,,,nyse,2026-08-08T04:28:25,,,
DMYD.U,DMYD U,2021-04-05,15:40:29,,LUDP,LULD pause,"dMY Technology Group, Inc. II Units, each consisting of one share of Class A common stock and one-th",NYSE,2021-04-05,,15:45:32,,,,,,nyse,2026-08-08T04:28:25,,,
PS,PS,2021-04-05,19:50:10,,T1,News pending,"Pluralsight, Inc. Class A Common Stock",Nasdaq,,,,,,,,,nyse,2026-08-08T04:28:25,no_reanudo,,
TMDX,TMDX,2021-04-06,06:55:13,,T1,News pending,"TransMedics Group, Inc. Common Stock",Nasdaq,2021-04-07,,07:10:00,,,,,,nyse,2026-08-08T04:28:25,,,
ANDAU,ANDAU,2021-04-06,09:30:15,,LUDP,LULD pause,Andina Acquisition Corp. III Unit,Nasdaq,2021-04-06,,09:46:08,,,,,,nyse,2026-08-08T04:28:25,,,
SLN,SLN,2021-04-06,09:30:15,,LUDP,LULD pause,Silence Therapeutics Plc American Depository Share,Nasdaq,2021-04-06,,09:35:15,,,,,,nyse,2026-08-08T04:28:25,,,
EVOJ,EVOJ,2021-04-06,09:30:17,,LUDP,LULD pause,Evo Acquisition Corp. Class A Common Stock,Nasdaq,2021-04-06,,09:35:17,,,,,,nyse,2026-08-08T04:28:25,,,
KELYB,KELYB,2021-04-06,09:31:08,,LUDP,LULD pause,Kelly Services Inc,Nasdaq,2021-04-06,,09:41:08,,,,,,nyse,2026-08-08T04:28:25,,,
ACY,ACY,2021-04-06,09:31:53,,LUDP,LULD pause,AeroCentury Corporation,NYSE American,2021-04-06,,09:36:53,,,,,,nyse,2026-08-08T04:28:25,,,
LTRPB,LTRPB,2021-04-06,09:34:51,,LUDP,LULD pause,"Liberty TripAdvisor Holdings, Inc. Series B",Nasdaq,2021-04-06,,09:39:51,,,,,,nyse,2026-08-08T04:28:25,,,
EVOJ,EVOJ,2021-04-06,09:35:35,,LUDP,LULD pause,Evo Acquisition Corp. Class A Common Stock,Nasdaq,2021-04-06,,09:40:35,,,,,,nyse,2026-08-08T04:28:25,,,
FORE,FORE,2021-04-06,09:40:15,,LUDP,LULD pause,Foresight Acquisition Corp. Class A Common Stock,Nasdaq,2021-04-06,,09:45:15,,,,,,nyse,2026-08-08T04:28:25,,,
FORE,FORE,2021-04-06,09:48:46,,LUDP,LULD pause,Foresight Acquisition Corp. Class A Common Stock,Nasdaq,2021-04-06,,09:53:46,,,,,,nyse,2026-08-08T04:28:25,,,
LGAC,LGAC,2021-04-06,10:29:19,,LUDP,LULD pause,Lazard Growth Acquisition Corp. I Ordinary Shares,Nasdaq,2021-04-06,,10:34:19,,,,,,nyse,2026-08-08T04:28:25,,,
SJ,SJ,2021-04-06,10:34:43,,LUDP,LULD pause,Scienjoy Holding Corporation Ordinary Shares,Nasdaq,2021-04-06,,10:39:43,,,,,,nyse,2026-08-08T04:28:25,,,
ENNV,ENNV,2021-04-06,10:47:46,,LUDP,LULD pause,ECP Environmental Growth Opportunities Corp. Class A Common Stock,Nasdaq,2021-04-06,,10:57:46,,,,,,nyse,2026-08-08T04:28:25,,,
ENNV,ENNV,2021-04-06,11:00:29,,LUDP,LULD pause,ECP Environmental Growth Opportunities Corp. Class A Common Stock,Nasdaq,2021-04-06,,11:05:29,,,,,,nyse,2026-08-08T04:28:25,,,
SGBX,SGBX,2021-04-06,11:00:58,,LUDP,LULD pause,"SG Blocks, Inc. Common Stock",Nasdaq,2021-04-06,,11:10:59,,,,,,nyse,2026-08-08T04:28:25,,,
UTME,UTME,2021-04-06,11:28:02,,LUDP,LULD pause,UTime Limited Ordinary Shares,Nasdaq,2021-04-06,,11:38:02,,,,,,nyse,2026-08-08T04:28:25,,,
UTME,UTME,2021-04-06,11:38:27,,LUDP,LULD pause,UTime Limited Ordinary Shares,Nasdaq,2021-04-06,,11:48:27,,,,,,nyse,2026-08-08T04:28:25,,,
SCLE,SCLE,2021-04-06,11:43:46,,LUDP,LULD pause,Broadscale Acquisition Corp. Class A common stock,Nasdaq,2021-04-06,,11:53:47,,,,,,nyse,2026-08-08T04:28:25,,,
UTME,UTME,2021-04-06,11:48:51,,LUDP,LULD pause,UTime Limited Ordinary Shares,Nasdaq,2021-04-06,,11:58:51,,,,,,nyse,2026-08-08T04:28:25,,,
SCLE,SCLE,2021-04-06,11:54:02,,LUDP,LULD pause,Broadscale Acquisition Corp. Class A common stock,Nasdaq,2021-04-06,,11:59:02,,,,,,nyse,2026-08-08T04:28:25,,,
UTME,UTME,2021-04-06,11:59:07,,LUDP,LULD pause,UTime Limited Ordinary Shares,Nasdaq,2021-04-06,,12:09:07,,,,,,nyse,2026-08-08T04:28:25,,,
SCLE,SCLE,2021-04-06,11:59:17,,LUDP,LULD pause,Broadscale Acquisition Corp. Class A common stock,Nasdaq,2021-04-06,,12:04:17,,,,,,nyse,2026-08-08T04:28:25,,,
UTME,UTME,2021-04-06,12:09:40,,LUDP,LULD pause,UTime Limited Ordinary Shares,Nasdaq,2021-04-06,,12:14:40,,,,,,nyse,2026-08-08T04:28:25,,,
UTME,UTME,2021-04-06,12:15:02,,LUDP,LULD pause,UTime Limited Ordinary Shares,Nasdaq,2021-04-06,,12:25:02,,,,,,nyse,2026-08-08T04:28:25,,,
UTME,UTME,2021-04-06,12:25:31,,LUDP,LULD pause,UTime Limited Ordinary Shares,Nasdaq,2021-04-06,,12:35:32,,,,,,nyse,2026-08-08T04:28:25,,,
UTME,UTME,2021-04-06,12:35:55,,LUDP,LULD pause,UTime Limited Ordinary Shares,Nasdaq,2021-04-06,,12:45:55,,,,,,nyse,2026-08-08T04:28:25,,,
UTME,UTME,2021-04-06,12:46:10,,LUDP,LULD pause,UTime Limited Ordinary Shares,Nasdaq,2021-04-06,,13:06:11,,,,,,nyse,2026-08-08T04:28:25,,,
SCOB,SCOB,2021-04-06,12:47:35,,LUDP,LULD pause,ScION Tech Growth II Class A Ordinary Shares,Nasdaq,2021-04-06,,12:52:35,,,,,,nyse,2026-08-08T04:28:25,,,
HTGM,HTGM,2021-04-06,13:01:40,,LUDP,LULD pause,"HTG Molecular Diagnostics, Inc. Common Stock",Nasdaq,2021-04-06,,13:06:40,,,,,,nyse,2026-08-08T04:28:25,,,
UTME,UTME,2021-04-06,13:06:32,,LUDP,LULD pause,UTime Limited Ordinary Shares,Nasdaq,2021-04-06,,13:16:32,,,,,,nyse,2026-08-08T04:28:25,,,
UTME,UTME,2021-04-06,13:17:30,,LUDP,LULD pause,UTime Limited Ordinary Shares,Nasdaq,2021-04-06,,13:22:30,,,,,,nyse,2026-08-08T04:28:25,,,
UTME,UTME,2021-04-06,13:40:05,,LUDP,LULD pause,UTime Limited Ordinary Shares,Nasdaq,2021-04-06,,13:45:05,,,,,,nyse,2026-08-08T04:28:25,,,
PCTTU,PCTTU,2021-04-06,14:21:45,,LUDP,LULD pause,"PureCycle Technologies, Inc. Unit",Nasdaq,2021-04-06,,14:26:45,,,,,,nyse,2026-08-08T04:28:25,,,
STRRP,STRRP,2021-04-06,14:58:04,,LUDP,LULD pause,"Star Equity Holdings, Inc. Series A Cumulative Perpetual Preferred Stock",Nasdaq,2021-04-06,,15:03:04,,,,,,nyse,2026-08-08T04:28:25,,,
GYRO,GYRO,2021-04-06,15:03:28,,LUDP,LULD pause,"Gyrodyne, LLC Common Stock",Nasdaq,2021-04-06,,15:08:28,,,,,,nyse,2026-08-08T04:28:25,,,
UTME,UTME,2021-04-06,15:50:57,,LUDP,LULD pause,UTime Limited Ordinary Shares,Nasdaq,2021-04-06,,16:00:00,,,,,,nyse,2026-08-08T04:28:25,,,
MTSC,MTSC,2021-04-06,19:52:00,,T1,News pending,MTS Systems Corp,Nasdaq,,,,,,,,,nyse,2026-08-08T04:28:25,no_reanudo,,
UTME,UTME,2021-04-07,09:30:20,,LUDP,LULD pause,UTime Limited Ordinary Shares,Nasdaq,2021-04-07,,09:40:39,,,,,,nyse,2026-08-08T04:28:25,,,
ISIG,ISIG,2021-04-07,09:38:01,,LUDP,LULD pause,Insignia Systems Inc,Nasdaq,2021-04-07,,09:43:01,,,,,,nyse,2026-08-08T04:28:25,,,
UTME,UTME,2021-04-07,09:43:19,,LUDP,LULD pause,UTime Limited Ordinary Shares,Nasdaq,2021-04-07,,09:48:19,,,,,,nyse,2026-08-08T04:28:25,,,
UTME,UTME,2021-04-07,10:04:00,,LUDP,LULD pause,UTime Limited Ordinary Shares,Nasdaq,2021-04-07,,10:09:00,,,,,,nyse,2026-08-08T04:28:25,,,
UTME,UTME,2021-04-07,10:09:28,,LUDP,LULD pause,UTime Limited Ordinary Shares,Nasdaq,2021-04-07,,10:14:28,,,,,,nyse,2026-08-08T04:28:25,,,
UTME,UTME,2021-04-07,10:19:58,,LUDP,LULD pause,UTime Limited Ordinary Shares,Nasdaq,2021-04-07,,10:24:58,,,,,,nyse,2026-08-08T04:28:25,,,
UTME,UTME,2021-04-07,10:26:24,,LUDP,LULD pause,UTime Limited Ordinary Shares,Nasdaq,2021-04-07,,10:31:24,,,,,,nyse,2026-08-08T04:28:25,,,
UTME,UTME,2021-04-07,10:31:42,,LUDP,LULD pause,UTime Limited Ordinary Shares,Nasdaq,2021-04-07,,10:41:43,,,,,,nyse,2026-08-08T04:28:25,,,
BNSO,BNSO,2021-04-07,10:37:29,,LUDP,LULD pause,Bonso Electronic International,Nasdaq,2021-04-07,,10:47:29,,,,,,nyse,2026-08-08T04:28:25,,,
BNSO,BNSO,2021-04-07,10:48:19,,LUDP,LULD pause,Bonso Electronic International,Nasdaq,2021-04-07,,10:58:19,,,,,,nyse,2026-08-08T04:28:25,,,
UTME,UTME,2021-04-07,10:54:19,,LUDP,LULD pause,UTime Limited Ordinary Shares,Nasdaq,2021-04-07,,10:59:19,,,,,,nyse,2026-08-08T04:28:25,,,
BNSO,BNSO,2021-04-07,10:59:59,,LUDP,LULD pause,Bonso Electronic International,Nasdaq,2021-04-07,,11:04:59,,,,,,nyse,2026-08-08T04:28:25,,,
DFHTU,DFHTU,2021-04-07,11:41:15,,LUDP,LULD pause,Deerfield Healthcare Technology Acquisitions Corp. Unit,Nasdaq,2021-04-07,,11:46:15,,,,,,nyse,2026-08-08T04:28:25,,,
COCP,COCP,2021-04-07,11:54:06,,LUDP,LULD pause,"Cocrystal Pharma, Inc. Common Stock",Nasdaq,2021-04-07,,11:59:06,,,,,,nyse,2026-08-08T04:28:25,,,
UTME,UTME,2021-04-07,12:23:18,,LUDP,LULD pause,UTime Limited Ordinary Shares,Nasdaq,2021-04-07,,12:28:18,,,,,,nyse,2026-08-08T04:28:25,,,
UTME,UTME,2021-04-07,15:10:49,,LUDP,LULD pause,UTime Limited Ordinary Shares,Nasdaq,2021-04-07,,15:15:49,,,,,,nyse,2026-08-08T04:28:25,,,
AVCT,AVCT,2021-04-07,16:10:02,,T1,News pending,"American Virtual Cloud Technologies, Inc. Common Stock",Nasdaq,2021-04-07,,16:45:00,,,,,,nyse,2026-08-08T04:28:25,,,
AVCTW,AVCTW,2021-04-07,16:10:02,,T1,News pending,"American Virtual Cloud Technologies, Inc. Warrant expiring 4/7/2025",Nasdaq,2021-04-07,,16:45:00,,,,,,nyse,2026-08-08T04:28:25,,,
TWCT,TWCT,2021-04-08,06:56:15,,T1,News pending,TWC Tech Holdings II Corp. Class A Common Stock,Nasdaq,2021-04-08,,07:30:00,,,,,,nyse,2026-08-08T04:28:25,,,
TWCTU,TWCTU,2021-04-08,06:56:15,,T1,News pending,TWC Tech Holdings II Corp. Unit,Nasdaq,2021-04-08,,07:30:00,,,,,,nyse,2026-08-08T04:28:25,,,
TWCTW,TWCTW,2021-04-08,06:56:15,,T1,News pending,TWC Tech Holdings II Corp. Warrant,Nasdaq,2021-04-08,,07:30:00,,,,,,nyse,2026-08-08T04:28:25,,,
ORBC,ORBC,2021-04-08,07:55:10,,T1,News pending,"ORBCOMM, Inc.",Nasdaq,2021-04-08,,08:30:00,,,,,,nyse,2026-08-08T04:28:25,,,
PAR,PAR,2021-04-08,09:00:02,,T1,News pending,PAR Technology Corp.,NYSE,2021-04-08,,09:33:35,,,,,,nyse,2026-08-08T04:28:25,,,
NTZ,NTZ,2021-04-08,09:34:59,,LUDP,LULD pause,"Natuzzi, S.p.A",NYSE,2021-04-08,,09:39:59,,,,,,nyse,2026-08-08T04:28:25,,,
VERY,VERY,2021-04-08,09:37:02,,LUDP,LULD pause,"Vericity, Inc. Common Stock",Nasdaq,2021-04-08,,09:47:02,,,,,,nyse,2026-08-08T04:28:25,,,
NTZ,NTZ,2021-04-08,10:12:19,,LUDP,LULD pause,"Natuzzi, S.p.A",NYSE,2021-04-08,,10:18:18,,,,,,nyse,2026-08-08T04:28:25,,,
UNAM,UNAM,2021-04-08,11:22:56,,LUDP,LULD pause,Unico American Corp,Nasdaq,2021-04-08,,11:27:56,,,,,,nyse,2026-08-08T04:28:25,,,
CMMB,CMMB,2021-04-08,14:32:48,,LUDP,LULD pause,Chemomab Therapeutics Ltd. American Depositary Share,Nasdaq,2021-04-08,,14:37:48,,,,,,nyse,2026-08-08T04:28:25,,,
CMMB,CMMB,2021-04-08,14:39:01,,LUDP,LULD pause,Chemomab Therapeutics Ltd. American Depositary Share,Nasdaq,2021-04-08,,14:44:01,,,,,,nyse,2026-08-08T04:28:25,,,
CMMB,CMMB,2021-04-08,14:52:53,,LUDP,LULD pause,Chemomab Therapeutics Ltd. American Depositary Share,Nasdaq,2021-04-08,,14:57:53,,,,,,nyse,2026-08-08T04:28:25,,,
CMMB,CMMB,2021-04-08,15:06:54,,LUDP,LULD pause,Chemomab Therapeutics Ltd. American Depositary Share,Nasdaq,2021-04-08,,15:11:54,,,,,,nyse,2026-08-08T04:28:25,,,
CMMB,CMMB,2021-04-08,15:50:52,,LUDP,LULD pause,Chemomab Therapeutics Ltd. American Depositary Share,Nasdaq,2021-04-08,,16:00:00,,,,,,nyse,2026-08-08T04:28:25,,,
VRPX,VRPX,2021-04-08,15:53:56,,LUDP,LULD pause,"Virpax Pharmaceuticals, Inc. Common Stock",Nasdaq,2021-04-08,,16:00:00,,,,,,nyse,2026-08-08T04:28:25,,,
PRVB,PRVB,2021-04-08,16:00:17,,T1,News pending,"Provention Bio, Inc. Common Stock",Nasdaq,2021-04-08,,16:30:00,,,,,,nyse,2026-08-08T04:28:25,,,
CELC,CELC,2021-04-08,16:00:33,,T1,News pending,Celcuity Inc. Common Stock,Nasdaq,2021-04-08,,16:35:00,,,,,,nyse,2026-08-08T04:28:25,,,
FUE,FUE,2021-04-09,09:32:22,,LUDP,LULD pause,ELEMENTS Linked to the ICE BofAML Commodity Index eXtra Biofuels Total Return,NYSE Arca,2021-04-09,,09:37:22,,,,,,nyse,2026-08-08T04:28:25,,,
CMMB,CMMB,2021-04-09,09:32:34,,LUDP,LULD pause,Chemomab Therapeutics Ltd. American Depositary Share,Nasdaq,2021-04-09,,09:37:34,,,,,,nyse,2026-08-08T04:28:25,,,
FKWL,FKWL,2021-04-09,09:34:26,,LUDP,LULD pause,Franklin Wireless Corp. Common Stock,Nasdaq,2021-04-09,,09:44:26,,,,,,nyse,2026-08-08T04:28:25,,,
UTME,UTME,2021-04-09,09:38:49,,LUDP,LULD pause,UTime Limited Ordinary Shares,Nasdaq,2021-04-09,,09:43:49,,,,,,nyse,2026-08-08T04:28:25,,,
BNSO,BNSO,2021-04-09,09:42:50,,LUDP,LULD pause,Bonso Electronic International,Nasdaq,2021-04-09,,09:47:50,,,,,,nyse,2026-08-08T04:28:25,,,
CMMB,CMMB,2021-04-09,09:52:56,,LUDP,LULD pause,Chemomab Therapeutics Ltd. American Depositary Share,Nasdaq,2021-04-09,,09:57:56,,,,,,nyse,2026-08-08T04:28:25,,,
CELC,CELC,2021-04-09,10:35:49,,LUDP,LULD pause,Celcuity Inc. Common Stock,Nasdaq,2021-04-09,,10:40:49,,,,,,nyse,2026-08-08T04:28:25,,,
NCSM,NCSM,2021-04-09,11:59:43,,LUDP,LULD pause,"NCS Multistage Holdings, Inc.",Nasdaq,2021-04-09,,12:04:43,,,,,,nyse,2026-08-08T04:28:25,,,
NCSM,NCSM,2021-04-09,12:05:56,,LUDP,LULD pause,"NCS Multistage Holdings, Inc.",Nasdaq,2021-04-09,,12:10:56,,,,,,nyse,2026-08-08T04:28:25,,,
MRM,MRM,2021-04-09,12:33:41,,LUDP,LULD pause,MEDIROM Healthcare Technologies Inc. American Depositary Share,Nasdaq,2021-04-09,,12:38:41,,,,,,nyse,2026-08-08T04:28:25,,,
VECT,VECT,2021-04-09,12:37:15,,LUDP,LULD pause,VectivBio Holding AG Ordinary Shares,Nasdaq,2021-04-09,,12:42:15,,,,,,nyse,2026-08-08T04:28:25,,,
REPX,REPX,2021-04-09,13:23:17,,LUDP,LULD pause,"Riley Exploration Permian, Inc.",NYSE American,2021-04-09,,13:33:17,,,,,,nyse,2026-08-08T04:28:25,,,
VECT,VECT,2021-04-09,14:26:55,,LUDP,LULD pause,VectivBio Holding AG Ordinary Shares,Nasdaq,2021-04-09,,14:31:55,,,,,,nyse,2026-08-08T04:28:25,,,
REPX,REPX,2021-04-09,15:22:12,,LUDP,LULD pause,"Riley Exploration Permian, Inc.",NYSE American,2021-04-09,,15:27:12,,,,,,nyse,2026-08-08T04:28:25,,,
NUAN,NUAN,2021-04-12,08:04:33,,T1,News pending,"Nuance Communications, Inc.",Nasdaq,2021-04-12,,09:00:00,,,,,,nyse,2026-08-08T04:28:25,,,
GANX,GANX,2021-04-12,09:37:38,,LUDP,LULD pause,"Gain Therapeutics, Inc. Common Stock",Nasdaq,2021-04-12,,09:42:38,,,,,,nyse,2026-08-08T04:28:25,,,
IKNA,IKNA,2021-04-12,09:38:45,,LUDP,LULD pause,"Ikena Oncology, Inc. Common Stock",Nasdaq,2021-04-12,,09:48:46,,,,,,nyse,2026-08-08T04:28:25,,,
WHLM,WHLM,2021-04-12,09:41:01,,LUDP,LULD pause,"Wilhelmina International, Inc",Nasdaq,2021-04-12,,09:46:01,,,,,,nyse,2026-08-08T04:28:25,,,
IKNA,IKNA,2021-04-12,09:51:54,,LUDP,LULD pause,"Ikena Oncology, Inc. Common Stock",Nasdaq,2021-04-12,,09:56:54,,,,,,nyse,2026-08-08T04:28:25,,,
ACY,ACY,2021-04-12,09:56:05,,LUDP,LULD pause,AeroCentury Corporation,NYSE American,2021-04-12,,10:06:05,,,,,,nyse,2026-08-08T04:28:25,,,
IKNA,IKNA,2021-04-12,09:57:26,,LUDP,LULD pause,"Ikena Oncology, Inc. Common Stock",Nasdaq,2021-04-12,,10:02:26,,,,,,nyse,2026-08-08T04:28:25,,,
ACY,ACY,2021-04-12,10:07:49,,LUDP,LULD pause,AeroCentury Corporation,NYSE American,2021-04-12,,10:12:49,,,,,,nyse,2026-08-08T04:28:25,,,
AKTX,AKTX,2021-04-12,10:16:52,,LUDP,LULD pause,Akari Therapeutics plc ADR (0.01 USD),Nasdaq,2021-04-12,,10:26:52,,,,,,nyse,2026-08-08T04:28:25,,,
CUEN,CUEN,2021-04-12,11:04:11,,LUDP,LULD pause,Cuentas Inc. Common Stock,Nasdaq,2021-04-12,,11:09:11,,,,,,nyse,2026-08-08T04:28:25,,,
TIRX,TIRX,2021-04-12,11:06:00,,LUDP,LULD pause,TIAN RUIXIANG Holdings Ltd Class A Ordinary Shares,Nasdaq,2021-04-12,,11:18:28,,,,,,nyse,2026-08-08T04:28:25,,,
TIRX,TIRX,2021-04-12,11:18:57,,LUDP,LULD pause,TIAN RUIXIANG Holdings Ltd Class A Ordinary Shares,Nasdaq,2021-04-12,,11:47:48,,,,,,nyse,2026-08-08T04:28:25,,,
MOSY,MOSY,2021-04-12,11:19:38,,LUDP,LULD pause,"MoSys, Inc. Common Stock",Nasdaq,2021-04-12,,11:24:38,,,,,,nyse,2026-08-08T04:28:25,,,
TIRX,TIRX,2021-04-12,11:48:05,,LUDP,LULD pause,TIAN RUIXIANG Holdings Ltd Class A Ordinary Shares,Nasdaq,2021-04-12,,11:53:05,,,,,,nyse,2026-08-08T04:28:25,,,
TIRX,TIRX,2021-04-12,11:53:33,,LUDP,LULD pause,TIAN RUIXIANG Holdings Ltd Class A Ordinary Shares,Nasdaq,2021-04-12,,11:58:33,,,,,,nyse,2026-08-08T04:28:25,,,
TIRX,TIRX,2021-04-12,11:58:59,,LUDP,LULD pause,TIAN RUIXIANG Holdings Ltd Class A Ordinary Shares,Nasdaq,2021-04-12,,12:03:59,,,,,,nyse,2026-08-08T04:28:25,,,
TIRX,TIRX,2021-04-12,12:05:01,,LUDP,LULD pause,TIAN RUIXIANG Holdings Ltd Class A Ordinary Shares,Nasdaq,2021-04-12,,12:15:02,,,,,,nyse,2026-08-08T04:28:25,,,
TIRX,TIRX,2021-04-12,12:15:25,,LUDP,LULD pause,TIAN RUIXIANG Holdings Ltd Class A Ordinary Shares,Nasdaq,2021-04-12,,12:20:25,,,,,,nyse,2026-08-08T04:28:25,,,
APDN,APDN,2021-04-12,13:15:39,,LUDP,LULD pause,"Applied DNA Sciences, Inc.",Nasdaq,2021-04-12,,13:20:39,,,,,,nyse,2026-08-08T04:28:25,,,
TIRX,TIRX,2021-04-12,14:48:26,,LUDP,LULD pause,TIAN RUIXIANG Holdings Ltd Class A Ordinary Shares,Nasdaq,2021-04-12,,14:58:26,,,,,,nyse,2026-08-08T04:28:25,,,
MFNC,MFNC,2021-04-12,16:00:14,,T1,News pending,Mackinac Financial Corporation,Nasdaq,2021-04-12,,16:30:00,,,,,,nyse,2026-08-08T04:28:25,,,
TIRX,TIRX,2021-04-13,09:31:53,,LUDP,LULD pause,TIAN RUIXIANG Holdings Ltd Class A Ordinary Shares,Nasdaq,2021-04-13,,09:41:53,,,,,,nyse,2026-08-08T04:28:25,,,
IUS,IUS,2021-04-13,09:34:14,,LUDP,LULD pause,Invesco Exchange-Traded Self-Indexed Fund Trust Invesco RAFI Strategic US ETF,Nasdaq,2021-04-13,,09:39:14,,,,,,nyse,2026-08-08T04:28:25,,,
MFNC,MFNC,2021-04-13,09:49:26,,LUDP,LULD pause,Mackinac Financial Corporation,Nasdaq,2021-04-13,,09:54:26,,,,,,nyse,2026-08-08T04:28:25,,,
PCTTU,PCTTU,2021-04-13,10:12:58,,LUDP,LULD pause,"PureCycle Technologies, Inc. Unit",Nasdaq,2021-04-13,,10:17:58,,,,,,nyse,2026-08-08T04:28:25,,,
PCTTU,PCTTU,2021-04-13,13:02:06,,LUDP,LULD pause,"PureCycle Technologies, Inc. Unit",Nasdaq,2021-04-13,,13:07:06,,,,,,nyse,2026-08-08T04:28:25,,,
PXSAP,PXSAP,2021-04-13,14:10:52,,LUDP,LULD pause,Pyxis Tankers Inc. 7.75% Series A Cumulative Convertible Preferred Shares,Nasdaq,2021-04-13,,14:15:52,,,,,,nyse,2026-08-08T04:28:25,,,
AMPG,AMPG,2021-04-13,15:02:40,,LUDP,LULD pause,AMPLITECH GROUP INC. COM,Nasdaq,2021-04-13,,15:12:40,,,,,,nyse,2026-08-08T04:28:25,,,
ALIM,ALIM,2021-04-14,08:25:04,,T1,News pending,"Alimera Sciences, Inc.",Nasdaq,2021-04-14,,09:20:00,,,,,,nyse,2026-08-08T04:28:25,,,
AMTR,AMTR,2021-04-14,09:31:27,,LUDP,LULD pause,ETRACS Alerian Midstream Energy Total Return Index ETN,NYSE Arca,2021-04-14,,09:36:27,,,,,,nyse,2026-08-08T04:28:25,,,
DISCB,DISCB,2021-04-14,09:33:09,,LUDP,LULD pause,"Discovery, Inc. Series B Common Stock",Nasdaq,2021-04-14,,09:38:09,,,,,,nyse,2026-08-08T04:28:25,,,
DISCB,DISCB,2021-04-14,10:06:50,,LUDP,LULD pause,"Discovery, Inc. Series B Common Stock",Nasdaq,2021-04-14,,10:11:50,,,,,,nyse,2026-08-08T04:28:25,,,
KELYB,KELYB,2021-04-14,10:14:39,,LUDP,LULD pause,Kelly Services Inc,Nasdaq,2021-04-14,,10:19:39,,,,,,nyse,2026-08-08T04:28:25,,,
DISCB,DISCB,2021-04-14,10:35:44,,LUDP,LULD pause,"Discovery, Inc. Series B Common Stock",Nasdaq,2021-04-14,,10:45:44,,,,,,nyse,2026-08-08T04:28:25,,,
WKEY,WKEY,2021-04-14,12:55:10,,LUDP,LULD pause,WISeKey International Holding AG American Depositary Shares,Nasdaq,2021-04-14,,13:05:10,,,,,,nyse,2026-08-08T04:28:25,,,
LCII,LCII,2021-04-14,14:28:50,,T1,News pending,LCI Industries,NYSE,2021-04-14,,15:18:19,,,,,,nyse,2026-08-08T04:28:25,,,
KELYB,KELYB,2021-04-14,14:46:34,,LUDP,LULD pause,Kelly Services Inc,Nasdaq,2021-04-14,,14:51:34,,,,,,nyse,2026-08-08T04:28:25,,,
PPD,PPD,2021-04-14,15:47:22,,LUDP,LULD pause,"PPD, Inc. Common Stock",Nasdaq,2021-04-14,,16:00:00,,,,,,nyse,2026-08-08T04:28:25,,,
MIK,MIK,2021-04-14,19:50:06,,T1,News pending,"Michaels Stores, Inc",Nasdaq,,,,,,,,,nyse,2026-08-08T04:28:25,no_reanudo,,
VAR,VAR,2021-04-15,08:37:06,,UNKNOWN,Merger Effective,"Varian Medical Systems, Inc.",NYSE,,,,,,,,,nyse,2026-08-08T04:28:25,no_reanudo,,
WHLM,WHLM,2021-04-15,09:55:50,,LUDP,LULD pause,"Wilhelmina International, Inc",Nasdaq,2021-04-15,,10:00:50,,,,,,nyse,2026-08-08T04:28:25,,,
WHLM,WHLM,2021-04-15,10:01:12,,LUDP,LULD pause,"Wilhelmina International, Inc",Nasdaq,2021-04-15,,10:11:12,,,,,,nyse,2026-08-08T04:28:25,,,
EEIQ,EEIQ,2021-04-15,10:02:00,,LUDP,LULD pause,Elite Education Group International Ltd. Common Stock,Nasdaq,2021-04-15,,10:12:00,,,,,,nyse,2026-08-08T04:28:25,,,
WAFU,WAFU,2021-04-15,10:02:27,,LUDP,LULD pause,Wah Fu Education Group Limited Ordinary Shares,Nasdaq,2021-04-15,,10:07:27,,,,,,nyse,2026-08-08T04:28:25,,,
EBET,EBET,2021-04-15,10:10:27,,LUDP,LULD pause,"Esports Technologies, Inc. Common Stock",Nasdaq,2021-04-15,,10:19:51,,,,,,nyse,2026-08-08T04:28:25,,,
EBET,EBET,2021-04-15,10:20:08,,LUDP,LULD pause,"Esports Technologies, Inc. Common Stock",Nasdaq,2021-04-15,,10:30:09,,,,,,nyse,2026-08-08T04:28:25,,,
WHLM,WHLM,2021-04-15,10:23:57,,LUDP,LULD pause,"Wilhelmina International, Inc",Nasdaq,2021-04-15,,10:28:57,,,,,,nyse,2026-08-08T04:28:25,,,
EBET,EBET,2021-04-15,10:30:30,,LUDP,LULD pause,"Esports Technologies, Inc. Common Stock",Nasdaq,2021-04-15,,10:35:30,,,,,,nyse,2026-08-08T04:28:25,,,
EBET,EBET,2021-04-15,10:35:46,,LUDP,LULD pause,"Esports Technologies, Inc. Common Stock",Nasdaq,2021-04-15,,10:40:46,,,,,,nyse,2026-08-08T04:28:25,,,
EBET,EBET,2021-04-15,10:45:25,,LUDP,LULD pause,"Esports Technologies, Inc. Common Stock",Nasdaq,2021-04-15,,10:50:25,,,,,,nyse,2026-08-08T04:28:25,,,
WHLM,WHLM,2021-04-15,10:45:56,,LUDP,LULD pause,"Wilhelmina International, Inc",Nasdaq,2021-04-15,,10:50:56,,,,,,nyse,2026-08-08T04:28:25,,,
EBET,EBET,2021-04-15,10:52:16,,LUDP,LULD pause,"Esports Technologies, Inc. Common Stock",Nasdaq,2021-04-15,,11:02:16,,,,,,nyse,2026-08-08T04:28:25,,,
WHLM,WHLM,2021-04-15,11:21:11,,LUDP,LULD pause,"Wilhelmina International, Inc",Nasdaq,2021-04-15,,11:26:11,,,,,,nyse,2026-08-08T04:28:25,,,
EBET,EBET,2021-04-15,11:28:22,,LUDP,LULD pause,"Esports Technologies, Inc. Common Stock",Nasdaq,2021-04-15,,11:33:22,,,,,,nyse,2026-08-08T04:28:25,,,
APRN,APRN,2021-04-15,14:06:47,,LUDP,LULD pause,"Blue Apron Holdings, Inc. Class A Common Stock",NYSE,2021-04-15,,14:12:40,,,,,,nyse,2026-08-08T04:28:25,,,
BALY,BALY,2021-04-15,14:40:02,,T1,News pending,Bally's Corporation,NYSE,2021-04-15,,15:19:07,,,,,,nyse,2026-08-08T04:28:25,,,
MTSL,MTSL,2021-04-15,16:00:16,,T1,News pending,MER Telemanagement Solutions,Nasdaq,2021-04-15,,16:35:00,,,,,,nyse,2026-08-08T04:28:25,,,
KZIA,KZIA,2021-04-15,18:59:42,,T1,News pending,Kazia Therapeutics Limited American Depositary Shares,Nasdaq,,,,,,,,,nyse,2026-08-08T04:28:25,reanudo,2021-04-19,07:00
FPRX,FPRX,2021-04-15,19:50:01,,T1,News pending,"Five Prime Therapeutics, Inc.",Nasdaq,,,,,,,,,nyse,2026-08-08T04:28:25,no_reanudo,,
MDLQ,MDLQ,2021-04-16,09:30:29,,LUDP,LULD pause,Medley LLC 7.25% Notes due 2024,NYSE,2021-04-16,,09:35:29,,,,,,nyse,2026-08-08T04:28:25,,,
UNAM,UNAM,2021-04-16,09:34:33,,LUDP,LULD pause,Unico American Corp,Nasdaq,2021-04-16,,09:39:33,,,,,,nyse,2026-08-08T04:28:25,,,
EBET,EBET,2021-04-16,09:37:43,,LUDP,LULD pause,"Esports Technologies, Inc. Common Stock",Nasdaq,2021-04-16,,09:42:43,,,,,,nyse,2026-08-08T04:28:25,,,
TIRX,TIRX,2021-04-16,09:49:03,,LUDP,LULD pause,TIAN RUIXIANG Holdings Ltd Class A Ordinary Shares,Nasdaq,2021-04-16,,09:54:03,,,,,,nyse,2026-08-08T04:28:25,,,
TIRX,TIRX,2021-04-16,10:06:15,,LUDP,LULD pause,TIAN RUIXIANG Holdings Ltd Class A Ordinary Shares,Nasdaq,2021-04-16,,10:11:15,,,,,,nyse,2026-08-08T04:28:25,,,
CXW,CXW,2021-04-16,12:18:49,,T1,News pending,"CoreCivic, Inc.",NYSE,2021-04-16,,12:53:18,,,,,,nyse,2026-08-08T04:28:25,,,
SRACU,SRACU,2021-04-16,13:31:16,,LUDP,LULD pause,Stable Road Acquisition Corp. Unit,Nasdaq,2021-04-16,,13:36:16,,,,,,nyse,2026-08-08T04:28:25,,,
PRCHW,PRCHW,2021-04-16,16:05:05,,T1,News pending,"Porch Group, Inc. Warrant",Nasdaq,,,,,,,,,nyse,2026-08-08T04:28:25,no_reanudo,,
DBDR,DBDR,2021-04-19,07:46:57,,T1,News pending,Roman DBDR Tech Acquisition Corp. Class A Common Stock,Nasdaq,2021-04-19,,08:20:00,,,,,,nyse,2026-08-08T04:28:25,,,
DBDRU,DBDRU,2021-04-19,07:46:57,,T1,News pending,Roman DBDR Tech Acquisition Corp. Unit,Nasdaq,2021-04-19,,10:08:00,,,,,,nyse,2026-08-08T04:28:25,,,
DBDRW,DBDRW,2021-04-19,07:46:57,,T1,News pending,Roman DBDR Tech Acquisition Corp. Warrant,Nasdaq,2021-04-19,,08:20:00,,,,,,nyse,2026-08-08T04:28:25,,,
MRLN,MRLN,2021-04-19,07:55:15,,T1,News pending,Marlin Business Services Corp,Nasdaq,2021-04-19,,08:30:00,,,,,,nyse,2026-08-08T04:28:25,,,
AMRB,AMRB,2021-04-19,08:15:07,,T1,News pending,American River Bankshares,Nasdaq,2021-04-19,,08:45:00,,,,,,nyse,2026-08-08T04:28:25,,,
ANIX,ANIX,2021-04-19,08:25:02,,T1,News pending,"Anixa Biosciences, Inc.",Nasdaq,2021-04-19,,09:00:00,,,,,,nyse,2026-08-08T04:28:25,,,
MYMD,MYMD,2021-04-19,09:30:18,,LUDP,LULD pause,"MyMD Pharmaceuticals, Inc. Common Stock",Nasdaq,2021-04-19,,09:35:18,,,,,,nyse,2026-08-08T04:28:25,,,
IMCC,IMCC,2021-04-19,09:30:20,,LUDP,LULD pause,IM Cannabis Corp. Common Shares,Nasdaq,2021-04-19,,09:35:20,,,,,,nyse,2026-08-08T04:28:25,,,
IMCC,IMCC,2021-04-19,09:35:48,,LUDP,LULD pause,IM Cannabis Corp. Common Shares,Nasdaq,2021-04-19,,09:40:48,,,,,,nyse,2026-08-08T04:28:25,,,
MYMD,MYMD,2021-04-19,09:41:46,,LUDP,LULD pause,"MyMD Pharmaceuticals, Inc. Common Stock",Nasdaq,2021-04-19,,09:51:46,,,,,,nyse,2026-08-08T04:28:25,,,
TPGY.U,TPGY U,2021-04-19,10:00:47,,LUDP,LULD pause,"TPG Pace Beneficial Finance Corp. Units, each consisting of one Class A ordinary share and one-fifth",NYSE,2021-04-19,,10:05:47,,,,,,nyse,2026-08-08T04:28:25,,,
LTRPB,LTRPB,2021-04-19,10:23:23,,LUDP,LULD pause,"Liberty TripAdvisor Holdings, Inc. Series B",Nasdaq,2021-04-19,,10:28:23,,,,,,nyse,2026-08-08T04:28:25,,,
CMMB,CMMB,2021-04-19,10:29:15,,LUDP,LULD pause,Chemomab Therapeutics Ltd. American Depositary Share,Nasdaq,2021-04-19,,10:44:16,,,,,,nyse,2026-08-08T04:28:25,,,
CMMB,CMMB,2021-04-19,10:55:24,,LUDP,LULD pause,Chemomab Therapeutics Ltd. American Depositary Share,Nasdaq,2021-04-19,,11:00:24,,,,,,nyse,2026-08-08T04:28:25,,,
STPK.U,STPK U,2021-04-19,11:59:06,,LUDP,LULD pause,"Star Peak Energy Transition Corp. Units, each consisting of one share of Class A common stock, and o",NYSE,2021-04-19,,12:04:45,,,,,,nyse,2026-08-08T04:28:25,,,
NSEC,NSEC,2021-04-19,14:13:57,,LUDP,LULD pause,National Security Group Inc,Nasdaq,2021-04-19,,14:18:57,,,,,,nyse,2026-08-08T04:28:25,,,
XXII,XXII,2021-04-19,15:13:04,,LUDP,LULD pause,22nd Century Group Inc.,NYSE American,2021-04-19,,15:18:04,,,,,,nyse,2026-08-08T04:28:25,,,
JCOM,JCOM,2021-04-19,16:00:09,,T1,News pending,"j2 Global, Inc.",Nasdaq,2021-04-19,,16:30:00,,,,,,nyse,2026-08-08T04:28:25,,,
RUHN,RUHN,2021-04-19,19:51:08,,T1,News pending,Ruhnn Holding Limited American Depositary Shares,Nasdaq,,,,,,,,,nyse,2026-08-08T04:28:25,no_reanudo,,
MYMD,MYMD,2021-04-20,09:30:46,,LUDP,LULD pause,"MyMD Pharmaceuticals, Inc. Common Stock",Nasdaq,2021-04-20,,09:40:46,,,,,,nyse,2026-08-08T04:28:25,,,
MYMD,MYMD,2021-04-20,09:43:32,,LUDP,LULD pause,"MyMD Pharmaceuticals, Inc. Common Stock",Nasdaq,2021-04-20,,09:48:32,,,,,,nyse,2026-08-08T04:28:25,,,
STRRP,STRRP,2021-04-20,10:04:36,,LUDP,LULD pause,"Star Equity Holdings, Inc. Series A Cumulative Perpetual Preferred Stock",Nasdaq,2021-04-20,,10:09:36,,,,,,nyse,2026-08-08T04:28:25,,,
TRKA,TRKA,2021-04-20,10:26:25,,LUDP,LULD pause,"Troika Media Group, Inc. Common Stock",Nasdaq,2021-04-20,,10:30:51,,,,,,nyse,2026-08-08T04:28:25,,,
TRKA,TRKA,2021-04-20,10:33:30,,LUDP,LULD pause,"Troika Media Group, Inc. Common Stock",Nasdaq,2021-04-20,,10:38:30,,,,,,nyse,2026-08-08T04:28:25,,,
AAP,AAP,2021-04-20,10:55:01,,T1,News pending,ADVANCE AUTO PARTS INC,NYSE,2021-04-20,,11:16:17,,,,,,nyse,2026-08-08T04:28:25,,,
FRTY,FRTY,2021-04-20,13:28:01,,LUDP,LULD pause,Alger Mid Cap 40 ETF,NYSE Arca,2021-04-20,,13:33:01,,,,,,nyse,2026-08-08T04:28:25,,,
IFBD,IFBD,2021-04-20,14:06:12,,LUDP,LULD pause,"Infobird Co., Ltd Ordinary Shares",Nasdaq,2021-04-20,,14:15:34,,,,,,nyse,2026-08-08T04:28:25,,,
IFBD,IFBD,2021-04-20,14:16:04,,LUDP,LULD pause,"Infobird Co., Ltd Ordinary Shares",Nasdaq,2021-04-20,,14:26:05,,,,,,nyse,2026-08-08T04:28:25,,,
IFBD,IFBD,2021-04-20,14:27:05,,LUDP,LULD pause,"Infobird Co., Ltd Ordinary Shares",Nasdaq,2021-04-20,,14:32:05,,,,,,nyse,2026-08-08T04:28:25,,,
IFBD,IFBD,2021-04-20,14:32:39,,LUDP,LULD pause,"Infobird Co., Ltd Ordinary Shares",Nasdaq,2021-04-20,,14:42:39,,,,,,nyse,2026-08-08T04:28:25,,,
IFBD,IFBD,2021-04-20,14:45:29,,LUDP,LULD pause,"Infobird Co., Ltd Ordinary Shares",Nasdaq,2021-04-20,,14:50:29,,,,,,nyse,2026-08-08T04:28:25,,,
IFBD,IFBD,2021-04-20,15:06:46,,LUDP,LULD pause,"Infobird Co., Ltd Ordinary Shares",Nasdaq,2021-04-20,,15:11:46,,,,,,nyse,2026-08-08T04:28:25,,,
IFBD,IFBD,2021-04-20,15:16:52,,LUDP,LULD pause,"Infobird Co., Ltd Ordinary Shares",Nasdaq,2021-04-20,,15:21:52,,,,,,nyse,2026-08-08T04:28:25,,,
IFBD,IFBD,2021-04-20,15:37:05,,LUDP,LULD pause,"Infobird Co., Ltd Ordinary Shares",Nasdaq,2021-04-20,,15:47:05,,,,,,nyse,2026-08-08T04:28:25,,,
EGOV,EGOV,2021-04-20,19:50:01,,T1,News pending,NIC Inc,Nasdaq,,,,,,,,,nyse,2026-08-08T04:28:25,no_reanudo,,
PCTTU,PCTTU,2021-04-21,09:31:21,,LUDP,LULD pause,"PureCycle Technologies, Inc. Unit",Nasdaq,2021-04-21,,09:36:21,,,,,,nyse,2026-08-08T04:28:25,,,
AGBAU,AGBAU,2021-04-21,10:33:39,,LUDP,LULD pause,AGBA Acquisition Limited Unit,Nasdaq,2021-04-21,,10:38:39,,,,,,nyse,2026-08-08T04:28:25,,,
PCTTU,PCTTU,2021-04-21,14:41:26,,LUDP,LULD pause,"PureCycle Technologies, Inc. Unit",Nasdaq,2021-04-21,,14:46:26,,,,,,nyse,2026-08-08T04:28:25,,,
PCTTU,PCTTU,2021-04-21,15:07:21,,LUDP,LULD pause,"PureCycle Technologies, Inc. Unit",Nasdaq,2021-04-21,,15:12:21,,,,,,nyse,2026-08-08T04:28:25,,,
PCTTU,PCTTU,2021-04-21,15:12:36,,LUDP,LULD pause,"PureCycle Technologies, Inc. Unit",Nasdaq,2021-04-21,,15:17:36,,,,,,nyse,2026-08-08T04:28:25,,,
PCTTU,PCTTU,2021-04-21,15:17:51,,LUDP,LULD pause,"PureCycle Technologies, Inc. Unit",Nasdaq,2021-04-21,,15:22:51,,,,,,nyse,2026-08-08T04:28:25,,,
PCTTU,PCTTU,2021-04-21,15:23:06,,LUDP,LULD pause,"PureCycle Technologies, Inc. Unit",Nasdaq,2021-04-21,,15:28:06,,,,,,nyse,2026-08-08T04:28:25,,,
PCTTU,PCTTU,2021-04-21,15:28:21,,LUDP,LULD pause,"PureCycle Technologies, Inc. Unit",Nasdaq,2021-04-21,,15:33:21,,,,,,nyse,2026-08-08T04:28:25,,,
PCTTU,PCTTU,2021-04-21,15:33:36,,LUDP,LULD pause,"PureCycle Technologies, Inc. Unit",Nasdaq,2021-04-21,,15:38:36,,,,,,nyse,2026-08-08T04:28:25,,,
PCTTU,PCTTU,2021-04-21,15:38:51,,LUDP,LULD pause,"PureCycle Technologies, Inc. Unit",Nasdaq,2021-04-21,,15:43:51,,,,,,nyse,2026-08-08T04:28:25,,,
PCTTU,PCTTU,2021-04-21,15:44:06,,LUDP,LULD pause,"PureCycle Technologies, Inc. Unit",Nasdaq,2021-04-21,,15:49:06,,,,,,nyse,2026-08-08T04:28:25,,,
MKTY,MKTY,2021-04-21,15:44:38,,LUDP,LULD pause,Mechanical Technology Incorporated Common Stock (Nevada),Nasdaq,2021-04-21,,15:49:38,,,,,,nyse,2026-08-08T04:28:25,,,
PCTTU,PCTTU,2021-04-21,15:49:21,,LUDP,LULD pause,"PureCycle Technologies, Inc. Unit",Nasdaq,2021-04-21,,16:04:45,,,,,,nyse,2026-08-08T04:28:25,,,
GNMK,GNMK,2021-04-21,19:52:41,,T1,News pending,"GenMark Diagnostics, Inc",Nasdaq,,,,,,,,,nyse,2026-08-08T04:28:25,no_reanudo,,
RP,RP,2021-04-21,19:52:41,,T1,News pending,"RealPage, Inc.",Nasdaq,,,,,,,,,nyse,2026-08-08T04:28:25,no_reanudo,,
LOVE,LOVE,2021-04-22,06:55:33,,T1,News pending,The Lovesac Company Common Stock,Nasdaq,2021-04-22,,07:20:00,,,,,,nyse,2026-08-08T04:28:25,,,
POOL,POOL,2021-04-22,06:57:45,,T1,News pending,Pool Corporation,Nasdaq,2021-04-22,,07:30:00,,,,,,nyse,2026-08-08T04:28:25,,,
FWAA,FWAA,2021-04-22,07:55:02,,T1,News pending,Fifth Wall Acquisition Corp. I Class A Common Stock,Nasdaq,2021-04-22,,08:30:00,,,,,,nyse,2026-08-08T04:28:25,,,
BTX,BTX,2021-04-22,09:53:56,,LUDP,LULD pause,"Brooklyn ImmunoTherapeutics, Inc.",NYSE American,2021-04-22,,09:58:56,,,,,,nyse,2026-08-08T04:28:25,,,
AENZ,AENZ,2021-04-22,10:15:56,,LUDP,LULD pause,Aenza S.A.A.,NYSE,2021-04-22,,10:21:17,,,,,,nyse,2026-08-08T04:28:25,,,
TKAT,TKAT,2021-04-22,10:30:24,,LUDP,LULD pause,"Takung Art Co., Ltd.",NYSE American,2021-04-22,,10:35:24,,,,,,nyse,2026-08-08T04:28:25,,,
GSMG,GSMG,2021-04-22,10:43:11,,LUDP,LULD pause,Glory Star New Media Group Holdings Limited Ordinary Share,Nasdaq,2021-04-22,,10:48:11,,,,,,nyse,2026-08-08T04:28:25,,,
CDAK,CDAK,2021-04-22,13:46:58,,LUDP,LULD pause,"Codiak BioSciences, Inc. Common Stock",Nasdaq,2021-04-22,,13:51:58,,,,,,nyse,2026-08-08T04:28:25,,,
EBSB,EBSB,2021-04-22,16:00:30,,T1,News pending,"Meridian Bancorp, Inc.",Nasdaq,2021-04-22,,16:35:00,,,,,,nyse,2026-08-08T04:28:25,,,
SLAB,SLAB,2021-04-22,16:01:06,,T1,News pending,Silicon Laboratories Inc,Nasdaq,2021-04-22,,16:35:00,,,,,,nyse,2026-08-08T04:28:25,,,
SLN,SLN,2021-04-23,09:57:00,,LUDP,LULD pause,Silence Therapeutics Plc American Depository Share,Nasdaq,2021-04-23,,10:02:00,,,,,,nyse,2026-08-08T04:28:25,,,
LTRPB,LTRPB,2021-04-23,10:41:49,,LUDP,LULD pause,"Liberty TripAdvisor Holdings, Inc. Series B",Nasdaq,2021-04-23,,10:46:49,,,,,,nyse,2026-08-08T04:28:25,,,
OCGN,OCGN,2021-04-23,15:00:39,,LUDP,LULD pause,"Ocugen, Inc. Common Stock",Nasdaq,2021-04-23,,15:05:39,,,,,,nyse,2026-08-08T04:28:25,,,
PFPT,PFPT,2021-04-26,07:55:02,,T1,News pending,"Proofpoint, Inc.",Nasdaq,2021-04-26,,08:30:00,,,,,,nyse,2026-08-08T04:28:25,,,
GRA,GRA,2021-04-26,07:57:06,,T1,News pending,W.R. Grace & Co.,NYSE,2021-04-26,,08:11:11,,,,,,nyse,2026-08-08T04:28:25,,,
CYCCP,CYCCP,2021-04-26,09:30:17,,LUDP,LULD pause,"Cyclacel Pharmaceuticals, Inc. 6% Cnvrtbl. Prfrd. Stock",Nasdaq,2021-04-26,,09:35:17,,,,,,nyse,2026-08-08T04:28:25,,,
IMCC,IMCC,2021-04-26,09:30:25,,LUDP,LULD pause,IM Cannabis Corp. Common Shares,Nasdaq,2021-04-26,,09:40:26,,,,,,nyse,2026-08-08T04:28:25,,,
ATSPT,ATSPT,2021-04-26,09:32:15,,LUDP,LULD pause,Archimedes Tech SPAC Partners Co. Subunit,Nasdaq,2021-04-26,,11:02:16,,,,,,nyse,2026-08-08T04:28:25,,,
RVPH,RVPH,2021-04-26,09:34:49,,LUDP,LULD pause,"Reviva Pharmaceuticals Holdings, Inc. Common Stock",Nasdaq,2021-04-26,,09:44:49,,,,,,nyse,2026-08-08T04:28:25,,,
RVPH,RVPH,2021-04-26,10:11:56,,LUDP,LULD pause,"Reviva Pharmaceuticals Holdings, Inc. Common Stock",Nasdaq,2021-04-26,,10:16:56,,,,,,nyse,2026-08-08T04:28:25,,,
TDACU,TDACU,2021-04-26,11:42:14,,LUDP,LULD pause,Trident Acquisitions Corp. Units,Nasdaq,2021-04-26,,11:54:30,,,,,,nyse,2026-08-08T04:28:25,,,
FTI,FTI,2021-04-26,11:43:32,,T1,News pending,TechnipFMC plc Ordinary Share,NYSE,2021-04-26,,13:56:46,,,,,,nyse,2026-08-08T04:28:25,,,
FCBP,FCBP,2021-04-26,16:00:13,,T1,News pending,First Choice Bancorp Common Stock,Nasdaq,2021-04-26,,16:30:00,,,,,,nyse,2026-08-08T04:28:25,,,
ALDX,ALDX,2021-04-27,07:01:22,,T1,News pending,"Aldeyra Therapeutics, Inc.",Nasdaq,2021-04-27,,07:30:00,,,,,,nyse,2026-08-08T04:28:25,,,
BLUW,BLUW,2021-04-27,07:57:56,,T1,News pending,Blue Water Acquisition Corp. Class A Common Stock,Nasdaq,2021-04-27,,09:10:00,,,,,,nyse,2026-08-08T04:28:25,,,
BLUWU,BLUWU,2021-04-27,07:57:56,,T1,News pending,Blue Water Acquisition Corp. Unit,Nasdaq,2021-04-27,,09:10:00,,,,,,nyse,2026-08-08T04:28:25,,,
BLUWW,BLUWW,2021-04-27,07:57:56,,T1,News pending,Blue Water Acquisition Corp. Warrant,Nasdaq,2021-04-27,,09:10:00,,,,,,nyse,2026-08-08T04:28:25,,,
NTWK,NTWK,2021-04-27,09:39:11,,LUDP,LULD pause,"NetSol Technologies, Inc.",Nasdaq,2021-04-27,,09:44:11,,,,,,nyse,2026-08-08T04:28:25,,,
TIRX,TIRX,2021-04-27,09:43:04,,LUDP,LULD pause,TIAN RUIXIANG Holdings Ltd Class A Ordinary Shares,Nasdaq,2021-04-27,,09:48:04,,,,,,nyse,2026-08-08T04:28:25,,,
NSPR,NSPR,2021-04-27,09:45:15,,LUDP,LULD pause,"InspireMD, Inc.",NYSE American,2021-04-27,,09:50:15,,,,,,nyse,2026-08-08T04:28:25,,,
MNMD,MNMD,2021-04-27,09:48:18,,LUDP,LULD pause,Mind Medicine (MindMed) Inc. Subordinate Voting Shares,Nasdaq,2021-04-27,,09:53:18,,,,,,nyse,2026-08-08T04:28:25,,,
MKTY,MKTY,2021-04-27,09:51:44,,LUDP,LULD pause,Mechanical Technology Incorporated Common Stock (Nevada),Nasdaq,2021-04-27,,09:56:44,,,,,,nyse,2026-08-08T04:28:25,,,
MYT,MYT,2021-04-27,11:27:24,,LUDP,LULD pause,"Urban Tea, Inc. Ordinary Shares",Nasdaq,2021-04-27,,11:32:24,,,,,,nyse,2026-08-08T04:28:25,,,
MYT,MYT,2021-04-27,12:42:39,,LUDP,LULD pause,"Urban Tea, Inc. Ordinary Shares",Nasdaq,2021-04-27,,12:47:39,,,,,,nyse,2026-08-08T04:28:25,,,
CTEK,CTEK,2021-04-27,13:00:32,,LUDP,LULD pause,"CynergisTek, Inc.",NYSE American,2021-04-27,,13:05:32,,,,,,nyse,2026-08-08T04:28:25,,,
BRPAU,BRPAU,2021-04-27,13:35:19,,LUDP,LULD pause,Big Rock Partners Acquisition Corp. Unit,Nasdaq,2021-04-27,,13:40:19,,,,,,nyse,2026-08-08T04:28:25,,,
BRPAU,BRPAU,2021-04-27,14:52:35,,LUDP,LULD pause,Big Rock Partners Acquisition Corp. Unit,Nasdaq,2021-04-27,,14:57:35,,,,,,nyse,2026-08-08T04:28:25,,,
UROY,UROY,2021-04-28,04:00:00,,T1,News pending,Uranium Royalty Corp. Common Stock,Nasdaq,2021-04-28,,09:45:00,,,,,,nyse,2026-08-08T04:28:25,,,
MRAC,MRAC,2021-04-28,07:27:03,,T1,News pending,Marquee Raine Acquisition Corp. Class A Ordinary Shares,Nasdaq,2021-04-28,,08:00:00,,,,,,nyse,2026-08-08T04:28:25,,,
MRACU,MRACU,2021-04-28,07:27:03,,T1,News pending,Marquee Raine Acquisition Corp. Unit,Nasdaq,2021-04-28,,08:00:00,,,,,,nyse,2026-08-08T04:28:25,,,
MRACW,MRACW,2021-04-28,07:27:03,,T1,News pending,Marquee Raine Acquisition Corp. Warrant,Nasdaq,2021-04-28,,08:00:00,,,,,,nyse,2026-08-08T04:28:25,,,
BTX,BTX,2021-04-28,09:37:40,,LUDP,LULD pause,"Brooklyn ImmunoTherapeutics, Inc.",NYSE American,2021-04-28,,09:42:40,,,,,,nyse,2026-08-08T04:28:25,,,
THCBU,THCBU,2021-04-28,10:12:53,,LUDP,LULD pause,Tuscan Holdings Corp. Unit,Nasdaq,2021-04-28,,10:17:53,,,,,,nyse,2026-08-08T04:28:25,,,
SSPKU,SSPKU,2021-04-28,11:43:08,,LUDP,LULD pause,Silver Spike Acquisition Corp. Units,Nasdaq,2021-04-28,,11:48:08,,,,,,nyse,2026-08-08T04:28:25,,,
PLX,PLX,2021-04-28,13:29:03,,LUDP,LULD pause,"Protalix BioTherapeutics, Inc. Common Stock",NYSE American,2021-04-28,,13:34:03,,,,,,nyse,2026-08-08T04:28:25,,,
BTX,BTX,2021-04-28,15:15:38,,LUDP,LULD pause,"Brooklyn ImmunoTherapeutics, Inc.",NYSE American,2021-04-28,,15:20:38,,,,,,nyse,2026-08-08T04:28:25,,,
RHE,RHE,2021-04-28,15:32:43,,LUDP,LULD pause,"Regional Health Properties, Inc.",NYSE American,2021-04-28,,15:37:43,,,,,,nyse,2026-08-08T04:28:25,,,
ADVM,ADVM,2021-04-28,16:00:25,,T1,News pending,"Adverum Biotechnologies, Inc. Common Stock",Nasdaq,2021-04-28,,16:30:00,,,,,,nyse,2026-08-08T04:28:25,,,
GLUU,GLUU,2021-04-28,19:51:09,,T1,News pending,Glu Mobile Inc.,Nasdaq,,,,,,,,,nyse,2026-08-08T04:28:25,no_reanudo,,
BTX,BTX,2021-04-29,09:36:31,,LUDP,LULD pause,"Brooklyn ImmunoTherapeutics, Inc.",NYSE American,2021-04-29,,09:41:31,,,,,,nyse,2026-08-08T04:28:25,,,
RHE,RHE,2021-04-29,09:41:24,,LUDP,LULD pause,"Regional Health Properties, Inc.",NYSE American,2021-04-29,,09:51:24,,,,,,nyse,2026-08-08T04:28:25,,,
CPAC,CPAC,2021-04-29,10:15:19,,T1,News pending,CEMENTOS PACASMAYO S.A.A.,NYSE,2021-04-29,,12:12:14,,,,,,nyse,2026-08-08T04:28:25,,,
GTN,GTN,2021-04-29,12:44:45,,T1,News pending,"Gray Television, Inc.",NYSE,2021-04-29,,13:22:29,,,,,,nyse,2026-08-08T04:28:25,,,
GTN.A,GTN A,2021-04-29,12:45:37,,T1,News pending,"Gray Television, Inc. Class A",NYSE,2021-04-29,,13:22:57,,,,,,nyse,2026-08-08T04:28:25,,,
PHAT,PHAT,2021-04-29,16:00:21,,T1,News pending,"Phathom Pharmaceuticals, Inc. Common Stock",Nasdaq,2021-04-29,,16:30:00,,,,,,nyse,2026-08-08T04:28:25,,,
TEDU,TEDU,2021-04-30,08:00:15,,T1,News pending,"Tarena International, Inc",Nasdaq,2021-04-30,,08:30:00,,,,,,nyse,2026-08-08T04:28:25,,,
TEDUX,TEDUX,2021-04-30,08:00:15,,T1,News pending,"Tarena International, Inc",Nasdaq,2021-04-30,,08:30:00,,,,,,nyse,2026-08-08T04:28:25,,,
HOWL,HOWL,2021-04-30,10:42:33,,LUDP,LULD pause,"Werewolf Therapeutics, Inc. Common Stock",Nasdaq,2021-04-30,,10:52:34,,,,,,nyse,2026-08-08T04:28:25,,,
TKC,TKC,2021-04-30,12:14:57,,T1,News pending,TURKCELL ILETISIM HIZMETLERI A.S. ADS,NYSE,2021-04-30,,12:46:52,,,,,,nyse,2026-08-08T04:28:25,,,
RHE,RHE,2021-04-30,12:26:07,,LUDP,LULD pause,"Regional Health Properties, Inc.",NYSE American,2021-04-30,,12:31:07,,,,,,nyse,2026-08-08T04:28:25,,,
BTX,BTX,2021-04-30,15:25:43,,LUDP,LULD pause,"Brooklyn ImmunoTherapeutics, Inc.",NYSE American,2021-04-30,,15:30:43,,,,,,nyse,2026-08-08T04:28:25,,,
VINO,VINO,2021-04-30,15:38:17,,LUDP,LULD pause,"Gaucho Group Holdings, Inc. Common Stock",Nasdaq,2021-04-30,,15:43:17,,,,,,nyse,2026-08-08T04:28:25,,,
NSEC,NSEC,2021-04-30,15:40:02,,LUDP,LULD pause,National Security Group Inc,Nasdaq,2021-04-30,,15:45:02,,,,,,nyse,2026-08-08T04:28:25,,,
ISNS,ISNS,2021-04-30,15:40:51,,LUDP,LULD pause,Image Sensing Systems Inc,Nasdaq,2021-04-30,,16:00:00,,,,,,nyse,2026-08-08T04:28:25,,,
GTX,GTX,2021-05-03,04:00:00,,T1,News pending,Garrett Motion Inc. Common Stock,Nasdaq,2021-05-03,,09:45:00,,,,,,nyse,2026-08-08T04:28:25,,,
MAAC,MAAC,2021-05-03,06:54:21,,T1,News pending,Montes Archimedes Acquisition Corp. Class A Common Stock,Nasdaq,2021-05-03,,07:30:00,,,,,,nyse,2026-08-08T04:28:25,,,
MAACU,MAACU,2021-05-03,06:54:21,,T1,News pending,Montes Archimedes Acquisition Corp. Unit,Nasdaq,2021-05-03,,07:30:00,,,,,,nyse,2026-08-08T04:28:25,,,
MAACW,MAACW,2021-05-03,06:54:21,,T1,News pending,Montes Archimedes Acquisition Corp. Warrant,Nasdaq,2021-05-03,,07:30:00,,,,,,nyse,2026-08-08T04:28:25,,,
PCTTU,PCTTU,2021-05-03,09:30:18,,LUDP,LULD pause,"PureCycle Technologies, Inc. Unit",Nasdaq,2021-05-03,,09:40:18,,,,,,nyse,2026-08-08T04:28:25,,,
PRPO,PRPO,2021-05-03,09:30:45,,LUDP,LULD pause,"Precipio, Inc. Common Stock",Nasdaq,2021-05-03,,09:35:45,,,,,,nyse,2026-08-08T04:28:25,,,
RHE,RHE,2021-05-03,09:31:34,,LUDP,LULD pause,"Regional Health Properties, Inc.",NYSE American,2021-05-03,,09:36:34,,,,,,nyse,2026-08-08T04:28:25,,,
BTX,BTX,2021-05-03,09:34:04,,LUDP,LULD pause,"Brooklyn ImmunoTherapeutics, Inc.",NYSE American,2021-05-03,,09:39:04,,,,,,nyse,2026-08-08T04:28:25,,,
RHE,RHE,2021-05-03,09:40:12,,LUDP,LULD pause,"Regional Health Properties, Inc.",NYSE American,2021-05-03,,09:45:12,,,,,,nyse,2026-08-08T04:28:25,,,
RHE,RHE,2021-05-03,09:45:38,,LUDP,LULD pause,"Regional Health Properties, Inc.",NYSE American,2021-05-03,,09:50:38,,,,,,nyse,2026-08-08T04:28:25,,,
RHE,RHE,2021-05-03,09:51:39,,LUDP,LULD pause,"Regional Health Properties, Inc.",NYSE American,2021-05-03,,09:56:39,,,,,,nyse,2026-08-08T04:28:25,,,
UNAM,UNAM,2021-05-03,09:59:12,,LUDP,LULD pause,Unico American Corp,Nasdaq,2021-05-03,,10:04:12,,,,,,nyse,2026-08-08T04:28:25,,,
EMAG,EMAG,2021-05-03,10:00:02,,LUDP,LULD pause,VanEck Vectors Emerging Markets Aggregate Bond ETF,NYSE Arca,2021-05-03,,10:05:02,,,,,,nyse,2026-08-08T04:28:25,,,
RHE,RHE,2021-05-03,10:20:58,,LUDP,LULD pause,"Regional Health Properties, Inc.",NYSE American,2021-05-03,,10:25:58,,,,,,nyse,2026-08-08T04:28:25,,,
ISNS,ISNS,2021-05-03,10:34:05,,LUDP,LULD pause,Image Sensing Systems Inc,Nasdaq,2021-05-03,,10:39:05,,,,,,nyse,2026-08-08T04:28:25,,,
IPVI,IPVI,2021-05-03,11:22:57,,LUDP,LULD pause,InterPrivate IV InfraTech Partners Inc. Class A Common Stock,Nasdaq,2021-05-03,,11:47:58,,,,,,nyse,2026-08-08T04:28:25,,,
IPVI,IPVI,2021-05-03,11:50:30,,LUDP,LULD pause,InterPrivate IV InfraTech Partners Inc. Class A Common Stock,Nasdaq,2021-05-03,,12:00:31,,,,,,nyse,2026-08-08T04:28:25,,,
BRN,BRN,2021-05-03,14:31:21,,LUDP,LULD pause,"Barnwell Industries, Inc.",NYSE American,2021-05-03,,14:41:21,,,,,,nyse,2026-08-08T04:28:25,,,
BRN,BRN,2021-05-03,14:41:57,,LUDP,LULD pause,"Barnwell Industries, Inc.",NYSE American,2021-05-03,,14:51:57,,,,,,nyse,2026-08-08T04:28:25,,,
GYRO,GYRO,2021-05-03,15:02:56,,LUDP,LULD pause,"Gyrodyne, LLC Common Stock",Nasdaq,2021-05-03,,15:07:56,,,,,,nyse,2026-08-08T04:28:25,,,
EEIQ,EEIQ,2021-05-03,15:23:30,,LUDP,LULD pause,Elite Education Group International Ltd. Common Stock,Nasdaq,2021-05-03,,15:28:30,,,,,,nyse,2026-08-08T04:28:25,,,
BLRX,BLRX,2021-05-04,06:55:53,,T1,News pending,BioLineRX Ltd,Nasdaq,2021-05-04,,07:30:00,,,,,,nyse,2026-08-08T04:28:25,,,
UFS,UFS,2021-05-04,09:29:26,,T1,News pending,DOMTAR CORPORATION (New),NYSE,2021-05-04,,11:00:52,,,,,,nyse,2026-08-08T04:28:25,,,
TYHT,TYHT,2021-05-04,09:31:40,,LUDP,LULD pause,"Shineco, Inc. Common Stock",Nasdaq,2021-05-04,,09:36:40,,,,,,nyse,2026-08-08T04:28:25,,,
PRPO,PRPO,2021-05-04,09:35:42,,LUDP,LULD pause,"Precipio, Inc. Common Stock",Nasdaq,2021-05-04,,09:40:42,,,,,,nyse,2026-08-08T04:28:25,,,
TYHT,TYHT,2021-05-04,09:37:11,,LUDP,LULD pause,"Shineco, Inc. Common Stock",Nasdaq,2021-05-04,,09:47:11,,,,,,nyse,2026-08-08T04:28:25,,,
APXTU,APXTU,2021-05-04,09:38:29,,LUDP,LULD pause,Apex Technology Acquisition Corporation Unit,Nasdaq,2021-05-04,,09:43:29,,,,,,nyse,2026-08-08T04:28:25,,,
VINO,VINO,2021-05-04,09:42:05,,LUDP,LULD pause,"Gaucho Group Holdings, Inc. Common Stock",Nasdaq,2021-05-04,,09:47:05,,,,,,nyse,2026-08-08T04:28:25,,,
LDHAU,LDHAU,2021-05-04,09:42:21,,LUDP,LULD pause,LDH Growth Corp I Units,Nasdaq,2021-05-04,,09:47:21,,,,,,nyse,2026-08-08T04:28:25,,,
PRPO,PRPO,2021-05-04,09:43:41,,LUDP,LULD pause,"Precipio, Inc. Common Stock",Nasdaq,2021-05-04,,09:48:41,,,,,,nyse,2026-08-08T04:28:25,,,
APXTU,APXTU,2021-05-04,09:43:44,,LUDP,LULD pause,Apex Technology Acquisition Corporation Unit,Nasdaq,2021-05-04,,09:48:44,,,,,,nyse,2026-08-08T04:28:25,,,
BLRX,BLRX,2021-05-04,09:46:55,,LUDP,LULD pause,BioLineRX Ltd,Nasdaq,2021-05-04,,09:51:55,,,,,,nyse,2026-08-08T04:28:25,,,
BLRX,BLRX,2021-05-04,10:03:13,,LUDP,LULD pause,BioLineRX Ltd,Nasdaq,2021-05-04,,10:08:13,,,,,,nyse,2026-08-08T04:28:25,,,
CCXI,CCXI,2021-05-04,10:09:09,,LUDP,LULD pause,"ChemoCentryx, Inc.",Nasdaq,2021-05-04,,10:14:09,,,,,,nyse,2026-08-08T04:28:25,,,
CCXI,CCXI,2021-05-04,10:18:49,,LUDP,LULD pause,"ChemoCentryx, Inc.",Nasdaq,2021-05-04,,10:23:49,,,,,,nyse,2026-08-08T04:28:25,,,
CCXI,CCXI,2021-05-04,10:26:29,,LUDP,LULD pause,"ChemoCentryx, Inc.",Nasdaq,2021-05-04,,10:31:29,,,,,,nyse,2026-08-08T04:28:25,,,
REED,REED,2021-05-04,10:30:58,,LUDP,LULD pause,"Reeds, Inc. Common Stock",Nasdaq,2021-05-04,,10:35:58,,,,,,nyse,2026-08-08T04:28:25,,,
ALF,ALF,2021-05-04,10:48:04,,LUDP,LULD pause,"ALFI, Inc. Common Stock",Nasdaq,2021-05-04,,10:53:04,,,,,,nyse,2026-08-08T04:28:25,,,
ALF,ALF,2021-05-04,10:54:32,,LUDP,LULD pause,"ALFI, Inc. Common Stock",Nasdaq,2021-05-04,,10:59:32,,,,,,nyse,2026-08-08T04:28:25,,,
BLRX,BLRX,2021-05-04,11:25:52,,LUDP,LULD pause,BioLineRX Ltd,Nasdaq,2021-05-04,,11:30:52,,,,,,nyse,2026-08-08T04:28:25,,,
SSPKU,SSPKU,2021-05-04,11:50:08,,LUDP,LULD pause,Silver Spike Acquisition Corp. Units,Nasdaq,2021-05-04,,11:55:08,,,,,,nyse,2026-08-08T04:28:25,,,
CCXI,CCXI,2021-05-04,12:51:49,,LUDP,LULD pause,"ChemoCentryx, Inc.",Nasdaq,2021-05-04,,12:56:49,,,,,,nyse,2026-08-08T04:28:25,,,
CCXI,CCXI,2021-05-04,13:08:01,,LUDP,LULD pause,"ChemoCentryx, Inc.",Nasdaq,2021-05-04,,13:13:01,,,,,,nyse,2026-08-08T04:28:25,,,
FTIVU,FTIVU,2021-05-04,13:46:55,,LUDP,LULD pause,FinTech Acquisition Corp. IV Unit,Nasdaq,2021-05-04,,13:51:55,,,,,,nyse,2026-08-08T04:28:25,,,
BLRX,BLRX,2021-05-04,13:51:22,,LUDP,LULD pause,BioLineRX Ltd,Nasdaq,2021-05-04,,13:56:22,,,,,,nyse,2026-08-08T04:28:25,,,
LEDS,LEDS,2021-05-04,15:16:13,,LUDP,LULD pause,SemiLEDS Corporation,Nasdaq,2021-05-04,,15:21:13,,,,,,nyse,2026-08-08T04:28:25,,,
GWPH,GWPH,2021-05-04,19:50:01,,T1,News pending,GW Pharmaceuticals Plc American Depositary Shares,Nasdaq,,,,,,,,,nyse,2026-08-08T04:28:25,no_reanudo,,
CHMA,CHMA,2021-05-05,06:55:39,,T1,News pending,"Chiasma, Inc. Common Stock",Nasdaq,2021-05-05,,07:35:00,,,,,,nyse,2026-08-08T04:28:25,,,
MCFE,MCFE,2021-05-05,09:30:19,,LUDP,LULD pause,McAfee Corp. Class A Common Stock,Nasdaq,2021-05-05,,09:35:19,,,,,,nyse,2026-08-08T04:28:25,,,
TYHT,TYHT,2021-05-05,09:30:24,,LUDP,LULD pause,"Shineco, Inc. Common Stock",Nasdaq,2021-05-05,,09:35:24,,,,,,nyse,2026-08-08T04:28:25,,,
LACQ,LACQ,2021-05-05,09:32:09,,LUDP,LULD pause,Leisure Acquisition Corp.,Nasdaq,2021-05-05,,09:37:09,,,,,,nyse,2026-08-08T04:28:25,,,
RHE,RHE,2021-05-05,09:41:43,,LUDP,LULD pause,"Regional Health Properties, Inc.",NYSE American,2021-05-05,,09:46:43,,,,,,nyse,2026-08-08T04:28:25,,,
ISNS,ISNS,2021-05-05,09:45:44,,LUDP,LULD pause,Image Sensing Systems Inc,Nasdaq,2021-05-05,,09:50:44,,,,,,nyse,2026-08-08T04:28:25,,,
NMRD,NMRD,2021-05-05,09:54:19,,LUDP,LULD pause,"Nemaura Medical, Inc. Common Stock",Nasdaq,2021-05-05,,10:04:19,,,,,,nyse,2026-08-08T04:28:25,,,
BRPAU,BRPAU,2021-05-05,10:21:29,,LUDP,LULD pause,Big Rock Partners Acquisition Corp. Unit,Nasdaq,2021-05-05,,10:31:29,,,,,,nyse,2026-08-08T04:28:25,,,
MDJH,MDJH,2021-05-05,10:30:51,,LUDP,LULD pause,MDJM LTD Ordinary Share,Nasdaq,2021-05-05,,10:35:51,,,,,,nyse,2026-08-08T04:28:25,,,
TYHT,TYHT,2021-05-05,10:46:38,,LUDP,LULD pause,"Shineco, Inc. Common Stock",Nasdaq,2021-05-05,,10:51:38,,,,,,nyse,2026-08-08T04:28:25,,,
RHE,RHE,2021-05-05,11:32:36,,LUDP,LULD pause,"Regional Health Properties, Inc.",NYSE American,2021-05-05,,11:37:36,,,,,,nyse,2026-08-08T04:28:25,,,
RHE,RHE,2021-05-05,12:24:10,,LUDP,LULD pause,"Regional Health Properties, Inc.",NYSE American,2021-05-05,,12:29:10,,,,,,nyse,2026-08-08T04:28:25,,,
RHE,RHE,2021-05-05,12:34:28,,LUDP,LULD pause,"Regional Health Properties, Inc.",NYSE American,2021-05-05,,12:39:28,,,,,,nyse,2026-08-08T04:28:25,,,
RHE,RHE,2021-05-05,12:55:04,,LUDP,LULD pause,"Regional Health Properties, Inc.",NYSE American,2021-05-05,,13:00:04,,,,,,nyse,2026-08-08T04:28:25,,,
RHE,RHE,2021-05-05,15:19:18,,LUDP,LULD pause,"Regional Health Properties, Inc.",NYSE American,2021-05-05,,15:24:18,,,,,,nyse,2026-08-08T04:28:25,,,
NMRD,NMRD,2021-05-05,15:22:26,,LUDP,LULD pause,"Nemaura Medical, Inc. Common Stock",Nasdaq,2021-05-05,,15:27:26,,,,,,nyse,2026-08-08T04:28:25,,,
VINCW,VINCW,2021-05-05,16:05:07,,T1,News pending,"Vincerx Pharma, Inc. Warrant",Nasdaq,,,,,,,,,nyse,2026-08-08T04:28:25,no_reanudo,,
CCXI,CCXI,2021-05-06,06:55:01,,T1,News pending,"ChemoCentryx, Inc.",Nasdaq,2021-05-07,,07:10:00,,,,,,nyse,2026-08-08T04:28:25,,,
AMHC,AMHC,2021-05-06,08:25:01,,T1,News pending,Amplitude Healthcare Acquisition Corporation Class A Common Stock,Nasdaq,2021-05-06,,09:15:00,,,,,,nyse,2026-08-08T04:28:25,,,
AMHCU,AMHCU,2021-05-06,08:25:01,,T1,News pending,Amplitude Healthcare Acquisition Corporation Unit,Nasdaq,2021-05-06,,09:15:00,,,,,,nyse,2026-08-08T04:28:25,,,
AMHCW,AMHCW,2021-05-06,08:25:01,,T1,News pending,Amplitude Healthcare Acquisition Corporation Warrants,Nasdaq,2021-05-06,,09:15:00,,,,,,nyse,2026-08-08T04:28:25,,,
PCTTU,PCTTU,2021-05-06,09:30:17,,LUDP,LULD pause,"PureCycle Technologies, Inc. Unit",Nasdaq,2021-05-06,,09:45:18,,,,,,nyse,2026-08-08T04:28:25,,,
LXEH,LXEH,2021-05-06,09:32:10,,LUDP,LULD pause,"Lixiang Education Holding Co., Ltd. American Depositary Shares",Nasdaq,2021-05-06,,09:42:10,,,,,,nyse,2026-08-08T04:28:25,,,
ADT,ADT,2021-05-06,09:32:14,,LUDP,LULD pause,ADT Inc.,NYSE,2021-05-06,,09:37:23,,,,,,nyse,2026-08-08T04:28:25,,,
LEDS,LEDS,2021-05-06,09:32:33,,LUDP,LULD pause,SemiLEDS Corporation,Nasdaq,2021-05-06,,09:37:33,,,,,,nyse,2026-08-08T04:28:25,,,
AMS,AMS,2021-05-06,09:33:49,,LUDP,LULD pause,American Shared Hospital Services,NYSE American,2021-05-06,,09:38:49,,,,,,nyse,2026-08-08T04:28:25,,,
LEXX,LEXX,2021-05-06,09:35:36,,LUDP,LULD pause,Lexaria Bioscience Corp. Common Stock,Nasdaq,2021-05-06,,09:40:36,,,,,,nyse,2026-08-08T04:28:25,,,
HOME,HOME,2021-05-06,09:42:27,,T1,News pending,At Home Group Inc.,NYSE,2021-05-06,,10:03:21,,,,,,nyse,2026-08-08T04:28:25,,,
AMS,AMS,2021-05-06,09:45:06,,LUDP,LULD pause,American Shared Hospital Services,NYSE American,2021-05-06,,09:50:06,,,,,,nyse,2026-08-08T04:28:25,,,
LEXX,LEXX,2021-05-06,09:46:34,,LUDP,LULD pause,Lexaria Bioscience Corp. Common Stock,Nasdaq,2021-05-06,,09:51:34,,,,,,nyse,2026-08-08T04:28:25,,,
BFRA,BFRA,2021-05-06,10:03:00,,LUDP,LULD pause,Biofrontera AG American Depositary Shares,Nasdaq,2021-05-06,,10:08:00,,,,,,nyse,2026-08-08T04:28:25,,,
PCTTU,PCTTU,2021-05-06,10:04:13,,LUDP,LULD pause,"PureCycle Technologies, Inc. Unit",Nasdaq,2021-05-06,,10:09:13,,,,,,nyse,2026-08-08T04:28:25,,,
LEDS,LEDS,2021-05-06,10:06:23,,LUDP,LULD pause,SemiLEDS Corporation,Nasdaq,2021-05-06,,10:11:23,,,,,,nyse,2026-08-08T04:28:25,,,
EFOI,EFOI,2021-05-06,10:31:07,,LUDP,LULD pause,"Energy Focus, Inc.",Nasdaq,2021-05-06,,10:36:07,,,,,,nyse,2026-08-08T04:28:25,,,
LEDS,LEDS,2021-05-06,10:36:18,,LUDP,LULD pause,SemiLEDS Corporation,Nasdaq,2021-05-06,,10:41:18,,,,,,nyse,2026-08-08T04:28:25,,,
LEDS,LEDS,2021-05-06,11:02:52,,LUDP,LULD pause,SemiLEDS Corporation,Nasdaq,2021-05-06,,11:07:52,,,,,,nyse,2026-08-08T04:28:25,,,
SSPKU,SSPKU,2021-05-06,11:03:57,,LUDP,LULD pause,Silver Spike Acquisition Corp. Units,Nasdaq,2021-05-06,,11:13:57,,,,,,nyse,2026-08-08T04:28:25,,,
MDIA,MDIA,2021-05-06,11:04:29,,LUDP,LULD pause,Mediaco Holding Inc. Class A Common Stock,Nasdaq,2021-05-06,,11:09:29,,,,,,nyse,2026-08-08T04:28:25,,,
PCTTU,PCTTU,2021-05-06,11:25:56,,LUDP,LULD pause,"PureCycle Technologies, Inc. Unit",Nasdaq,2021-05-06,,11:30:56,,,,,,nyse,2026-08-08T04:28:25,,,
AUVI,AUVI,2021-05-06,12:01:24,,LUDP,LULD pause,"Applied UV, Inc. Common Stock",Nasdaq,2021-05-06,,12:11:24,,,,,,nyse,2026-08-08T04:28:25,,,
LEXX,LEXX,2021-05-06,13:16:29,,LUDP,LULD pause,Lexaria Bioscience Corp. Common Stock,Nasdaq,2021-05-06,,13:21:29,,,,,,nyse,2026-08-08T04:28:25,,,
LEDS,LEDS,2021-05-06,13:17:27,,LUDP,LULD pause,SemiLEDS Corporation,Nasdaq,2021-05-06,,13:22:27,,,,,,nyse,2026-08-08T04:28:25,,,
AMBC,AMBC,2021-05-06,14:06:14,,T1,News pending,"Ambac Financial Group, Inc.",NYSE,2021-05-06,,14:33:03,,,,,,nyse,2026-08-08T04:28:25,,,
AMBC.WS,AMBC WS,2021-05-06,14:06:39,,T1,News pending,"Ambac Financial Group, Inc.",NYSE,2021-05-06,,15:07:21,,,,,,nyse,2026-08-08T04:28:25,,,
LEDS,LEDS,2021-05-06,14:18:35,,LUDP,LULD pause,SemiLEDS Corporation,Nasdaq,2021-05-06,,14:23:35,,,,,,nyse,2026-08-08T04:28:25,,,
COLD,COLD,2021-05-06,15:17:19,,T1,News pending,Americold Realty Trust,NYSE,2021-05-06,,15:40:38,,,,,,nyse,2026-08-08T04:28:25,,,
LEDS,LEDS,2021-05-06,15:19:33,,LUDP,LULD pause,SemiLEDS Corporation,Nasdaq,2021-05-06,,15:24:33,,,,,,nyse,2026-08-08T04:28:25,,,
BRPA,BRPA,2021-05-07,09:32:37,,LUDP,LULD pause,Big Rock Partners Acquisition Corp. Common Stock,Nasdaq,2021-05-07,,09:37:37,,,,,,nyse,2026-08-08T04:28:25,,,
LMFA,LMFA,2021-05-07,09:34:52,,LUDP,LULD pause,"LM Funding America, Inc. Common Stock",Nasdaq,2021-05-07,,09:44:53,,,,,,nyse,2026-08-08T04:28:25,,,
MDNA,MDNA,2021-05-07,09:35:43,,LUDP,LULD pause,Medicenna Therapeutics Corp. Common Shares,Nasdaq,2021-05-07,,09:40:43,,,,,,nyse,2026-08-08T04:28:25,,,
TDC,TDC,2021-05-07,09:37:04,,LUDP,LULD pause,TERADATA CORPORATION,NYSE,2021-05-07,,09:42:19,,,,,,nyse,2026-08-08T04:28:25,,,
IHT,IHT,2021-05-07,09:41:42,,LUDP,LULD pause,InnSuites Hospitality Trust,NYSE American,2021-05-07,,09:46:42,,,,,,nyse,2026-08-08T04:28:25,,,
LMFA,LMFA,2021-05-07,09:46:00,,LUDP,LULD pause,"LM Funding America, Inc. Common Stock",Nasdaq,2021-05-07,,09:56:00,,,,,,nyse,2026-08-08T04:28:25,,,
NSYS,NSYS,2021-05-07,09:46:18,,LUDP,LULD pause,Nortech Systems Inc,Nasdaq,2021-05-07,,09:51:18,,,,,,nyse,2026-08-08T04:28:25,,,
IHT,IHT,2021-05-07,09:47:57,,LUDP,LULD pause,InnSuites Hospitality Trust,NYSE American,2021-05-07,,09:52:57,,,,,,nyse,2026-08-08T04:28:25,,,
LMFA,LMFA,2021-05-07,09:56:43,,LUDP,LULD pause,"LM Funding America, Inc. Common Stock",Nasdaq,2021-05-07,,10:01:43,,,,,,nyse,2026-08-08T04:28:25,,,
AWX,AWX,2021-05-07,09:59:11,,LUDP,LULD pause,Avalon Holdings Corp.,NYSE American,2021-05-07,,10:04:11,,,,,,nyse,2026-08-08T04:28:25,,,
LMFA,LMFA,2021-05-07,10:02:22,,LUDP,LULD pause,"LM Funding America, Inc. Common Stock",Nasdaq,2021-05-07,,10:07:22,,,,,,nyse,2026-08-08T04:28:25,,,
GAMC,GAMC,2021-05-07,10:03:54,,LUDP,LULD pause,Golden Arrow Merger Corp. Class A Common Stock,Nasdaq,2021-05-07,,10:08:54,,,,,,nyse,2026-08-08T04:28:25,,,
SGBX,SGBX,2021-05-07,10:07:07,,LUDP,LULD pause,"SG Blocks, Inc. Common Stock",Nasdaq,2021-05-07,,10:17:07,,,,,,nyse,2026-08-08T04:28:25,,,
LMFA,LMFA,2021-05-07,10:07:58,,LUDP,LULD pause,"LM Funding America, Inc. Common Stock",Nasdaq,2021-05-07,,10:17:58,,,,,,nyse,2026-08-08T04:28:25,,,
SCX,SCX,2021-05-07,10:19:08,,LUDP,LULD pause,The L.S. Starrett Company,NYSE,2021-05-07,,10:24:11,,,,,,nyse,2026-08-08T04:28:25,,,
SQFT,SQFT,2021-05-07,10:51:24,,LUDP,LULD pause,"Presidio Property Trust, Inc. Class A Common Stock",Nasdaq,2021-05-07,,10:56:24,,,,,,nyse,2026-08-08T04:28:25,,,
OG,OG,2021-05-07,10:56:42,,LUDP,LULD pause,Onion Global Limited American Depositary Shares (each ten (10) ADSs representing one (1) Class A Ord,NYSE,2021-05-07,,11:01:50,,,,,,nyse,2026-08-08T04:28:25,,,
OG,OG,2021-05-07,11:02:33,,LUDP,LULD pause,Onion Global Limited American Depositary Shares (each ten (10) ADSs representing one (1) Class A Ord,NYSE,2021-05-07,,11:07:38,,,,,,nyse,2026-08-08T04:28:25,,,
SQFT,SQFT,2021-05-07,11:44:53,,LUDP,LULD pause,"Presidio Property Trust, Inc. Class A Common Stock",Nasdaq,2021-05-07,,11:49:53,,,,,,nyse,2026-08-08T04:28:25,,,
HE,HE,2021-05-07,13:02:33,,T1,News pending,"Hawaiian Electric Industries, Inc.",NYSE,2021-05-07,,14:07:41,,,,,,nyse,2026-08-08T04:28:25,,,
VEL,VEL,2021-05-07,15:08:43,,LUDP,LULD pause,"Velocity Financial, Inc.",NYSE,2021-05-07,,15:13:43,,,,,,nyse,2026-08-08T04:28:25,,,
SCPE.U,SCPE U,2021-05-07,15:52:13,,LUDP,LULD pause,"SC Health Corporation Units, each consisting of one Class A ordinary share, $0.0001 par value, and o",NYSE,2021-05-07,,16:00:27,,,,,,nyse,2026-08-08T04:28:25,,,
LIVK,LIVK,2021-05-10,08:00:15,,T1,News pending,LIV Capital Acquisition Corp. Class A Ordinary Shares,Nasdaq,2021-05-10,,08:30:00,,,,,,nyse,2026-08-08T04:28:25,,,
LIVKU,LIVKU,2021-05-10,08:00:15,,T1,News pending,LIV Capital Acquisition Corp. Unit,Nasdaq,2021-05-10,,08:30:00,,,,,,nyse,2026-08-08T04:28:25,,,
LIVKW,LIVKW,2021-05-10,08:00:15,,T1,News pending,LIV Capital Acquisition Corp. Warrant,Nasdaq,2021-05-10,,08:30:00,,,,,,nyse,2026-08-08T04:28:25,,,
SOLY,SOLY,2021-05-10,08:25:01,,T1,News pending,"Soliton, Inc.",Nasdaq,2021-05-10,,09:00:00,,,,,,nyse,2026-08-08T04:28:25,,,
RZLT,RZLT,2021-05-10,09:30:19,,LUDP,LULD pause,"Rezolute, Inc. Common Stock",Nasdaq,2021-05-10,,09:40:20,,,,,,nyse,2026-08-08T04:28:25,,,
LEND,LEND,2021-05-10,09:33:31,,LUDP,LULD pause,Amplify CrowdBureau Online Lending and Digital Banking ETF,NYSE Arca,2021-05-10,,09:38:31,,,,,,nyse,2026-08-08T04:28:25,,,
PTIX,PTIX,2021-05-10,09:39:55,,LUDP,LULD pause,Performance Technologies Inc,Nasdaq,2021-05-10,,09:49:55,,,,,,nyse,2026-08-08T04:28:25,,,
PRPO,PRPO,2021-05-10,10:30:36,,LUDP,LULD pause,"Precipio, Inc. Common Stock",Nasdaq,2021-05-10,,10:35:36,,,,,,nyse,2026-08-08T04:28:25,,,
VIHAU,VIHAU,2021-05-10,10:38:24,,LUDP,LULD pause,VPC Impact Acquisition Holdings Unit,Nasdaq,2021-05-10,,10:43:24,,,,,,nyse,2026-08-08T04:28:25,,,
CKX,CKX,2021-05-10,11:09:09,,LUDP,LULD pause,"CKX Lands, Inc.",NYSE American,2021-05-10,,11:51:26,,,,,,nyse,2026-08-08T04:28:25,,,
TAP.A,TAP A,2021-05-10,11:15:02,,LUDP,LULD pause,Molson Coors Beverage Company Class A,NYSE,2021-05-10,,11:22:28,,,,,,nyse,2026-08-08T04:28:25,,,
EFOI,EFOI,2021-05-10,11:17:07,,LUDP,LULD pause,"Energy Focus, Inc.",Nasdaq,2021-05-10,,11:22:07,,,,,,nyse,2026-08-08T04:28:25,,,
BVS,BVS,2021-05-10,14:27:45,,LUDP,LULD pause,Bioventus Inc. Class A Common Stock,Nasdaq,2021-05-10,,14:32:45,,,,,,nyse,2026-08-08T04:28:25,,,
IHT,IHT,2021-05-10,14:58:03,,LUDP,LULD pause,InnSuites Hospitality Trust,NYSE American,2021-05-10,,15:03:03,,,,,,nyse,2026-08-08T04:28:25,,,
BRKS,BRKS,2021-05-10,16:00:20,,T1,News pending,Brooks Automation Inc,Nasdaq,2021-05-10,,16:35:00,,,,,,nyse,2026-08-08T04:28:25,,,
NBLX,NBLX,2021-05-10,19:52:08,,T1,News pending,Noble Midstream Partners LP,Nasdaq,,,,,,,,,nyse,2026-08-08T04:28:25,no_reanudo,,
LRMR,LRMR,2021-05-11,06:55:10,,T1,News pending,"Larimar Therapeutics, Inc. Common Stock",Nasdaq,2021-05-11,,07:30:00,,,,,,nyse,2026-08-08T04:28:25,,,
UFS,UFS,2021-05-11,07:57:53,,T1,News pending,DOMTAR CORPORATION (New),NYSE,2021-05-11,,09:01:15,,,,,,nyse,2026-08-08T04:28:25,,,
STWOU,STWOU,2021-05-11,09:31:33,,LUDP,LULD pause,ACON S2 Acquisition Corp. Unit,Nasdaq,2021-05-11,,09:36:33,,,,,,nyse,2026-08-08T04:28:25,,,
TDACU,TDACU,2021-05-11,09:32:24,,LUDP,LULD pause,Trident Acquisitions Corp. Units,Nasdaq,2021-05-11,,09:37:24,,,,,,nyse,2026-08-08T04:28:25,,,
SPCE,SPCE,2021-05-11,09:35:55,,LUDP,LULD pause,"Virgin Galactic Holdings, Inc.",NYSE,2021-05-11,,09:40:59,,,,,,nyse,2026-08-08T04:28:25,,,
BLSA,BLSA,2021-05-11,09:37:25,,LUDP,LULD pause,BCLS Acquisition Corp. Class A Ordinary Shares,Nasdaq,2021-05-11,,09:42:25,,,,,,nyse,2026-08-08T04:28:25,,,
IHT,IHT,2021-05-11,09:37:29,,LUDP,LULD pause,InnSuites Hospitality Trust,NYSE American,2021-05-11,,09:47:31,,,,,,nyse,2026-08-08T04:28:25,,,
NTEC,NTEC,2021-05-11,09:46:19,,LUDP,LULD pause,Intec Pharma Ltd. Ordinary Shares,Nasdaq,2021-05-11,,09:51:19,,,,,,nyse,2026-08-08T04:28:25,,,
IHT,IHT,2021-05-11,09:53:39,,LUDP,LULD pause,InnSuites Hospitality Trust,NYSE American,2021-05-11,,09:58:39,,,,,,nyse,2026-08-08T04:28:25,,,
SQBG,SQBG,2021-05-11,10:03:25,,LUDP,LULD pause,"Sequential Brands Group, Inc.",Nasdaq,2021-05-11,,10:08:25,,,,,,nyse,2026-08-08T04:28:25,,,
FLGC,FLGC,2021-05-11,10:46:59,,LUDP,LULD pause,Flora Growth Corp. Common Stock,Nasdaq,2021-05-11,,10:51:59,,,,,,nyse,2026-08-08T04:28:25,,,
GBNH,GBNH,2021-05-11,13:24:02,,LUDP,LULD pause,Greenbrook TMS Inc. Common Shares,Nasdaq,2021-05-11,,13:29:02,,,,,,nyse,2026-08-08T04:28:25,,,
IHT,IHT,2021-05-11,14:16:01,,LUDP,LULD pause,InnSuites Hospitality Trust,NYSE American,2021-05-11,,14:21:01,,,,,,nyse,2026-08-08T04:28:25,,,
IHT,IHT,2021-05-11,14:21:36,,LUDP,LULD pause,InnSuites Hospitality Trust,NYSE American,2021-05-11,,14:33:11,,,,,,nyse,2026-08-08T04:28:25,,,
IHT,IHT,2021-05-11,15:08:33,,LUDP,LULD pause,InnSuites Hospitality Trust,NYSE American,2021-05-11,,15:13:33,,,,,,nyse,2026-08-08T04:28:25,,,
IHT,IHT,2021-05-11,15:41:05,,LUDP,LULD pause,InnSuites Hospitality Trust,NYSE American,2021-05-11,,15:46:05,,,,,,nyse,2026-08-08T04:28:25,,,
RMED,RMED,2021-05-12,09:32:08,,LUDP,LULD pause,"Ra Medical Systems, Inc",NYSE American,2021-05-12,,09:37:08,,,,,,nyse,2026-08-08T04:28:25,,,
IHT,IHT,2021-05-12,09:33:47,,LUDP,LULD pause,InnSuites Hospitality Trust,NYSE American,2021-05-12,,09:43:55,,,,,,nyse,2026-08-08T04:28:25,,,
APDN,APDN,2021-05-12,09:35:19,,LUDP,LULD pause,"Applied DNA Sciences, Inc.",Nasdaq,2021-05-12,,09:40:19,,,,,,nyse,2026-08-08T04:28:25,,,
SCPE.U,SCPE U,2021-05-12,09:36:58,,LUDP,LULD pause,"SC Health Corporation Units, each consisting of one Class A ordinary share, $0.0001 par value, and o",NYSE,2021-05-12,,09:41:58,,,,,,nyse,2026-08-08T04:28:25,,,
RMED,RMED,2021-05-12,09:40:12,,LUDP,LULD pause,"Ra Medical Systems, Inc",NYSE American,2021-05-12,,09:45:12,,,,,,nyse,2026-08-08T04:28:25,,,
ALV,ALV,2021-05-12,09:41:01,,T1,News pending,"Autoliv, Inc.",NYSE,2021-05-12,,10:13:29,,,,,,nyse,2026-08-08T04:28:25,,,
NMRD,NMRD,2021-05-12,09:42:52,,LUDP,LULD pause,"Nemaura Medical, Inc. Common Stock",Nasdaq,2021-05-12,,09:47:52,,,,,,nyse,2026-08-08T04:28:25,,,
IHT,IHT,2021-05-12,09:44:24,,LUDP,LULD pause,InnSuites Hospitality Trust,NYSE American,2021-05-12,,09:49:24,,,,,,nyse,2026-08-08T04:28:25,,,
ADAG,ADAG,2021-05-12,09:46:30,,LUDP,LULD pause,Adagene Inc. American Depositary Shares,Nasdaq,2021-05-12,,09:56:31,,,,,,nyse,2026-08-08T04:28:25,,,
MDJH,MDJH,2021-05-12,09:48:12,,LUDP,LULD pause,MDJM LTD Ordinary Share,Nasdaq,2021-05-12,,09:53:12,,,,,,nyse,2026-08-08T04:28:25,,,
XFOR,XFOR,2021-05-12,10:00:29,,LUDP,LULD pause,"X4 Pharmaceuticals, Inc. Common Stock",Nasdaq,2021-05-12,,10:05:29,,,,,,nyse,2026-08-08T04:28:25,,,
ADAG,ADAG,2021-05-12,10:04:23,,LUDP,LULD pause,Adagene Inc. American Depositary Shares,Nasdaq,2021-05-12,,10:09:23,,,,,,nyse,2026-08-08T04:28:25,,,
IHT,IHT,2021-05-12,10:11:14,,LUDP,LULD pause,InnSuites Hospitality Trust,NYSE American,2021-05-12,,10:16:14,,,,,,nyse,2026-08-08T04:28:25,,,
CRIS,CRIS,2021-05-12,10:55:31,,LUDP,LULD pause,Curis Inc,Nasdaq,2021-05-12,,11:10:32,,,,,,nyse,2026-08-08T04:28:25,,,
IPW,IPW,2021-05-12,11:49:23,,LUDP,LULD pause,"iPower, Inc. Common Stock",Nasdaq,2021-05-12,,11:54:23,,,,,,nyse,2026-08-08T04:28:25,,,
IPW,IPW,2021-05-12,11:54:55,,LUDP,LULD pause,"iPower, Inc. Common Stock",Nasdaq,2021-05-12,,11:59:55,,,,,,nyse,2026-08-08T04:28:25,,,
LHDX,LHDX,2021-05-12,15:51:09,,LUDP,LULD pause,"Lucira Health, Inc. Common Stock",Nasdaq,2021-05-12,,16:00:00,,,,,,nyse,2026-08-08T04:28:25,,,
PFIX,PFIX,2021-05-13,09:16:38,,T1,News pending,Simplify Interest Rate Hedge ETF,NYSE Arca,2021-05-13,,12:05:00,,,,,,nyse,2026-08-08T04:28:25,,,
BRT,BRT,2021-05-13,09:27:34,,T1,News pending,BRT Apartments Corp,NYSE,2021-05-13,,09:48:19,,,,,,nyse,2026-08-08T04:28:25,,,
LMPX,LMPX,2021-05-13,09:30:31,,LUDP,LULD pause,"LMP Automotive Holdings, Inc. Common Stock",Nasdaq,2021-05-13,,09:35:31,,,,,,nyse,2026-08-08T04:28:25,,,
ALKT,ALKT,2021-05-13,09:30:42,,LUDP,LULD pause,"Alkami Technology, Inc. Common Stock",Nasdaq,2021-05-13,,09:35:42,,,,,,nyse,2026-08-08T04:28:25,,,
EVAX,EVAX,2021-05-13,09:34:30,,LUDP,LULD pause,Evaxion Biotech A/S American Depositary Share,Nasdaq,2021-05-13,,09:39:30,,,,,,nyse,2026-08-08T04:28:25,,,
BAOS,BAOS,2021-05-13,09:41:36,,LUDP,LULD pause,Baosheng Media Group Holdings Limited Ordinary shares,Nasdaq,2021-05-13,,09:46:36,,,,,,nyse,2026-08-08T04:28:25,,,
MTR,MTR,2021-05-13,09:55:30,,LUDP,LULD pause,Mesa Royalty Trust,NYSE,2021-05-13,,10:00:55,,,,,,nyse,2026-08-08T04:28:25,,,
FRLN,FRLN,2021-05-13,10:00:34,,LUDP,LULD pause,Freeline Therapeutics Holdings plc American Depositary Shares,Nasdaq,2021-05-13,,10:05:34,,,,,,nyse,2026-08-08T04:28:25,,,
MTR,MTR,2021-05-13,10:16:45,,LUDP,LULD pause,Mesa Royalty Trust,NYSE,2021-05-13,,10:22:13,,,,,,nyse,2026-08-08T04:28:25,,,
MTR,MTR,2021-05-13,10:38:42,,LUDP,LULD pause,Mesa Royalty Trust,NYSE,2021-05-13,,10:43:46,,,,,,nyse,2026-08-08T04:28:25,,,
MTR,MTR,2021-05-13,10:47:12,,LUDP,LULD pause,Mesa Royalty Trust,NYSE,2021-05-13,,10:52:22,,,,,,nyse,2026-08-08T04:28:25,,,
PCTTU,PCTTU,2021-05-13,12:26:21,,LUDP,LULD pause,"PureCycle Technologies, Inc. Unit",Nasdaq,2021-05-13,,12:31:21,,,,,,nyse,2026-08-08T04:28:25,,,
MDLQ,MDLQ,2021-05-13,14:31:59,,T1,News pending,Medley LLC 7.25% Notes due 2024,NYSE,2021-05-13,,17:23:47,,,,,,nyse,2026-08-08T04:28:25,,,
MDLX,MDLX,2021-05-13,14:31:59,,T1,News pending,Medley LLC  6.875% Senior Notes due 2026,NYSE,2021-05-13,,17:24:09,,,,,,nyse,2026-08-08T04:28:25,,,
MDLY,MDLY,2021-05-13,14:31:59,,T1,News pending,Medley Management Inc,NYSE,2021-05-13,,17:24:23,,,,,,nyse,2026-08-08T04:28:25,,,
MTR,MTR,2021-05-13,14:56:07,,LUDP,LULD pause,Mesa Royalty Trust,NYSE,2021-05-13,,15:01:07,,,,,,nyse,2026-08-08T04:28:25,,,
FLIR,FLIR,2021-05-13,19:49:48,,T1,News pending,"FLIR Systems, Inc. (DE) Common Stock",Nasdaq,,,,,,,,,nyse,2026-08-08T04:28:25,no_reanudo,,
ANIX,ANIX,2021-05-14,09:30:15,,LUDP,LULD pause,"Anixa Biosciences, Inc.",Nasdaq,2021-05-14,,09:40:15,,,,,,nyse,2026-08-08T04:28:25,,,
EVAX,EVAX,2021-05-14,09:30:18,,LUDP,LULD pause,Evaxion Biotech A/S American Depositary Share,Nasdaq,2021-05-14,,09:35:18,,,,,,nyse,2026-08-08T04:28:25,,,
LEDS,LEDS,2021-05-14,09:43:06,,LUDP,LULD pause,SemiLEDS Corporation,Nasdaq,2021-05-14,,09:48:06,,,,,,nyse,2026-08-08T04:28:25,,,
ELTK,ELTK,2021-05-14,09:44:12,,LUDP,LULD pause,Eltek Ltd,Nasdaq,2021-05-14,,09:49:12,,,,,,nyse,2026-08-08T04:28:25,,,
MUDSU,MUDSU,2021-05-14,09:57:00,,LUDP,LULD pause,Mudrick Capital Acquisition Corporation II Unit,Nasdaq,2021-05-14,,10:02:00,,,,,,nyse,2026-08-08T04:28:25,,,
ACY,ACY,2021-05-14,10:06:36,,LUDP,LULD pause,AeroCentury Corporation,NYSE American,2021-05-14,,10:11:36,,,,,,nyse,2026-08-08T04:28:25,,,
DBGI,DBGI,2021-05-14,10:50:35,,LUDP,LULD pause,"Digital Brands Group, Inc. Common Stock",Nasdaq,2021-05-14,,10:55:35,,,,,,nyse,2026-08-08T04:28:25,,,
MPC,MPC,2021-05-14,10:58:06,,T1,News pending,MARATHON PETROLEUM CORPORATION,NYSE,2021-05-14,,11:22:38,,,,,,nyse,2026-08-08T04:28:25,,,
PCTTU,PCTTU,2021-05-14,12:25:34,,LUDP,LULD pause,"PureCycle Technologies, Inc. Unit",Nasdaq,2021-05-14,,12:30:34,,,,,,nyse,2026-08-08T04:28:25,,,
EJH,EJH,2021-05-14,12:53:55,,LUDP,LULD pause,E-Home Household Service Holdings Limited Ordinary Shares,Nasdaq,2021-05-14,,13:18:56,,,,,,nyse,2026-08-08T04:28:25,,,
EJH,EJH,2021-05-14,13:19:17,,LUDP,LULD pause,E-Home Household Service Holdings Limited Ordinary Shares,Nasdaq,2021-05-14,,13:29:18,,,,,,nyse,2026-08-08T04:28:25,,,
EJH,EJH,2021-05-14,13:29:42,,LUDP,LULD pause,E-Home Household Service Holdings Limited Ordinary Shares,Nasdaq,2021-05-14,,13:34:42,,,,,,nyse,2026-08-08T04:28:25,,,
EJH,EJH,2021-05-14,13:35:23,,LUDP,LULD pause,E-Home Household Service Holdings Limited Ordinary Shares,Nasdaq,2021-05-14,,13:40:23,,,,,,nyse,2026-08-08T04:28:25,,,
EJH,EJH,2021-05-14,14:25:41,,LUDP,LULD pause,E-Home Household Service Holdings Limited Ordinary Shares,Nasdaq,2021-05-14,,14:30:41,,,,,,nyse,2026-08-08T04:28:25,,,
EJH,EJH,2021-05-14,14:48:28,,LUDP,LULD pause,E-Home Household Service Holdings Limited Ordinary Shares,Nasdaq,2021-05-14,,14:53:28,,,,,,nyse,2026-08-08T04:28:25,,,
IHT,IHT,2021-05-14,15:42:12,,LUDP,LULD pause,InnSuites Hospitality Trust,NYSE American,2021-05-14,,15:47:12,,,,,,nyse,2026-08-08T04:28:25,,,
APLS,APLS,2021-05-14,17:03:55,,T1,News pending,"Apellis Pharmaceuticals, Inc. Common Stock",Nasdaq,2021-05-14,,18:55:00,,,,,,nyse,2026-08-08T04:28:25,,,
ARPO,ARPO,2021-05-17,06:55:48,,T1,News pending,"Aerpio Pharmaceuticals, Inc. Common Stock",Nasdaq,2021-05-17,,07:30:00,,,,,,nyse,2026-08-08T04:28:25,,,
DISCA,DISCA,2021-05-17,07:03:17,,T1,News pending,"Discovery, Inc. Series A Common Stock",Nasdaq,2021-05-17,,07:40:00,,,,,,nyse,2026-08-08T04:28:25,,,
DISCB,DISCB,2021-05-17,07:03:17,,T1,News pending,"Discovery, Inc. Series B Common Stock",Nasdaq,2021-05-17,,07:40:00,,,,,,nyse,2026-08-08T04:28:25,,,
DISCK,DISCK,2021-05-17,07:03:17,,T1,News pending,"Discovery, Inc. Series C Common Stock",Nasdaq,2021-05-17,,07:40:00,,,,,,nyse,2026-08-08T04:28:25,,,
SGAM,SGAM,2021-05-17,07:55:22,,T1,News pending,Seaport Global Acquisition Corp. Class A Common Stock,Nasdaq,2021-05-17,,08:30:00,,,,,,nyse,2026-08-08T04:28:25,,,
SGAMU,SGAMU,2021-05-17,07:55:22,,T1,News pending,Seaport Global Acquisition Corp. Unit,Nasdaq,2021-05-17,,08:30:00,,,,,,nyse,2026-08-08T04:28:25,,,
SGAMW,SGAMW,2021-05-17,07:55:22,,T1,News pending,Seaport Global Acquisition Corp. Warrant,Nasdaq,2021-05-17,,08:30:00,,,,,,nyse,2026-08-08T04:28:25,,,
LMRK,LMRK,2021-05-17,08:28:43,,T1,News pending,Landmark Infrastructure Partners LP Common Units,Nasdaq,2021-05-17,,09:00:00,,,,,,nyse,2026-08-08T04:28:25,,,
LMRKN,LMRKN,2021-05-17,08:28:43,,T1,News pending,Landmark Infrastructure Partners LP 7% Series C Fltg/Fxd Perpetual Conv Preferred Stock,Nasdaq,2021-05-17,,09:00:00,,,,,,nyse,2026-08-08T04:28:25,,,
LMRKO,LMRKO,2021-05-17,08:28:43,,T1,News pending,Landmark Infrastructure Partners LP Perpetual Preferred Units Series B 7.90%,Nasdaq,2021-05-17,,09:00:00,,,,,,nyse,2026-08-08T04:28:25,,,
LMRKP,LMRKP,2021-05-17,08:28:43,,T1,News pending,Landmark Infrastructure Partners LP 8.00% Series A Cumulative Redeemable Perpetual Preferred Units,Nasdaq,2021-05-17,,09:00:00,,,,,,nyse,2026-08-08T04:28:25,,,
ZGYH,ZGYH,2021-05-17,08:40:50,,T1,News pending,Yunhong International Class A Ordinary Shares,Nasdaq,2021-05-17,,09:10:00,,,,,,nyse,2026-08-08T04:28:25,,,
ZGYHR,ZGYHR,2021-05-17,08:40:50,,T1,News pending,Yunhong International Right,Nasdaq,2021-05-17,,09:10:00,,,,,,nyse,2026-08-08T04:28:25,,,
ZGYHU,ZGYHU,2021-05-17,08:40:50,,T1,News pending,Yunhong International Unit,Nasdaq,2021-05-17,,09:10:00,,,,,,nyse,2026-08-08T04:28:25,,,
ZGYHW,ZGYHW,2021-05-17,08:40:50,,T1,News pending,Yunhong International Warrant,Nasdaq,2021-05-17,,09:10:00,,,,,,nyse,2026-08-08T04:28:25,,,
AEGN,AEGN,2021-05-17,08:59:34,,T1,News pending,Aegion Corp,Nasdaq,,,,,,,,,nyse,2026-08-08T04:28:25,no_reanudo,,
EJH,EJH,2021-05-17,09:32:41,,LUDP,LULD pause,E-Home Household Service Holdings Limited Ordinary Shares,Nasdaq,2021-05-17,,09:37:41,,,,,,nyse,2026-08-08T04:28:25,,,
DBGI,DBGI,2021-05-17,09:34:50,,LUDP,LULD pause,"Digital Brands Group, Inc. Common Stock",Nasdaq,2021-05-17,,09:39:50,,,,,,nyse,2026-08-08T04:28:25,,,
SNMP,SNMP,2021-05-17,09:34:57,,LUDP,LULD pause,Evolve Transition Infrastructure LP,NYSE American,2021-05-17,,09:39:57,,,,,,nyse,2026-08-08T04:28:25,,,
EJH,EJH,2021-05-17,09:39:31,,LUDP,LULD pause,E-Home Household Service Holdings Limited Ordinary Shares,Nasdaq,2021-05-17,,09:44:31,,,,,,nyse,2026-08-08T04:28:25,,,
VRPX,VRPX,2021-05-17,09:48:13,,LUDP,LULD pause,"Virpax Pharmaceuticals, Inc. Common Stock",Nasdaq,2021-05-17,,09:53:13,,,,,,nyse,2026-08-08T04:28:25,,,
ITACU,ITACU,2021-05-17,10:09:41,,LUDP,LULD pause,"Industrial Tech Acquisitions, Inc. Unit",Nasdaq,2021-05-17,,10:14:41,,,,,,nyse,2026-08-08T04:28:25,,,
EJH,EJH,2021-05-17,10:27:51,,LUDP,LULD pause,E-Home Household Service Holdings Limited Ordinary Shares,Nasdaq,2021-05-17,,10:32:51,,,,,,nyse,2026-08-08T04:28:25,,,
ARPO,ARPO,2021-05-17,10:55:35,,LUDP,LULD pause,"Aerpio Pharmaceuticals, Inc. Common Stock",Nasdaq,2021-05-17,,11:00:35,,,,,,nyse,2026-08-08T04:28:25,,,
STRRP,STRRP,2021-05-17,12:24:26,,LUDP,LULD pause,"Star Equity Holdings, Inc. Series A Cumulative Perpetual Preferred Stock",Nasdaq,2021-05-17,,12:29:26,,,,,,nyse,2026-08-08T04:28:25,,,
CORE,CORE,2021-05-18,06:55:34,,T1,News pending,"Core Mark Holding Co., Inc.",Nasdaq,2021-05-18,,07:30:00,,,,,,nyse,2026-08-08T04:28:25,,,
AGEN,AGEN,2021-05-18,07:25:15,,T1,News pending,Agenus Inc.,Nasdaq,2021-05-18,,08:45:00,,,,,,nyse,2026-08-08T04:28:25,,,
EVAX,EVAX,2021-05-18,09:30:17,,LUDP,LULD pause,Evaxion Biotech A/S American Depositary Share,Nasdaq,2021-05-18,,09:40:17,,,,,,nyse,2026-08-08T04:28:25,,,
FUSN,FUSN,2021-05-18,09:31:25,,LUDP,LULD pause,Fusion Pharmaceuticals Inc. Common Shares,Nasdaq,2021-05-18,,09:36:25,,,,,,nyse,2026-08-08T04:28:25,,,
PCTTU,PCTTU,2021-05-18,09:40:43,,LUDP,LULD pause,"PureCycle Technologies, Inc. Unit",Nasdaq,2021-05-18,,09:45:43,,,,,,nyse,2026-08-08T04:28:25,,,
VTRU,VTRU,2021-05-18,09:47:23,,LUDP,LULD pause,Vitru Limited Common Shares,Nasdaq,2021-05-18,,09:57:23,,,,,,nyse,2026-08-08T04:28:25,,,
SSPKU,SSPKU,2021-05-18,09:55:51,,LUDP,LULD pause,Silver Spike Acquisition Corp. Units,Nasdaq,2021-05-18,,10:00:51,,,,,,nyse,2026-08-08T04:28:25,,,
VIRI,VIRI,2021-05-18,11:34:06,,LUDP,LULD pause,"Virios Therapeutics, Inc. Common Stock",Nasdaq,2021-05-18,,11:39:06,,,,,,nyse,2026-08-08T04:28:25,,,
JZXN,JZXN,2021-05-18,12:53:18,,LUDP,LULD pause,"Jiuzi Holdings, Inc. Ordinary Shares",Nasdaq,2021-05-18,,13:03:19,,,,,,nyse,2026-08-08T04:28:25,,,
JZXN,JZXN,2021-05-18,13:04:00,,LUDP,LULD pause,"Jiuzi Holdings, Inc. Ordinary Shares",Nasdaq,2021-05-18,,13:14:44,,,,,,nyse,2026-08-08T04:28:25,,,
JZXN,JZXN,2021-05-18,13:18:58,,LUDP,LULD pause,"Jiuzi Holdings, Inc. Ordinary Shares",Nasdaq,2021-05-18,,13:23:58,,,,,,nyse,2026-08-08T04:28:25,,,
JZXN,JZXN,2021-05-18,13:28:06,,LUDP,LULD pause,"Jiuzi Holdings, Inc. Ordinary Shares",Nasdaq,2021-05-18,,13:39:40,,,,,,nyse,2026-08-08T04:28:25,,,
JZXN,JZXN,2021-05-18,13:43:10,,LUDP,LULD pause,"Jiuzi Holdings, Inc. Ordinary Shares",Nasdaq,2021-05-18,,13:48:10,,,,,,nyse,2026-08-08T04:28:25,,,
GPOR,GPOR,2021-05-18,14:20:48,,LUDP,LULD pause,Gulfport Energy Corporation,NYSE,2021-05-18,,14:26:22,,,,,,nyse,2026-08-08T04:28:25,,,
JZXN,JZXN,2021-05-18,14:23:41,,LUDP,LULD pause,"Jiuzi Holdings, Inc. Ordinary Shares",Nasdaq,2021-05-18,,14:28:41,,,,,,nyse,2026-08-08T04:28:25,,,
SENEB,SENEB,2021-05-18,14:39:54,,LUDP,LULD pause,Seneca Foods Corp,Nasdaq,2021-05-18,,14:44:54,,,,,,nyse,2026-08-08T04:28:25,,,
JZXN,JZXN,2021-05-18,15:20:12,,LUDP,LULD pause,"Jiuzi Holdings, Inc. Ordinary Shares",Nasdaq,2021-05-18,,15:25:12,,,,,,nyse,2026-08-08T04:28:25,,,
ALTA,ALTA,2021-05-18,17:25:16,,T1,News pending,Altabancorp Common Stock,Nasdaq,2021-05-18,,18:00:00,,,,,,nyse,2026-08-08T04:28:25,,,
SQSP,SQSP,2021-05-19,03:24:52,,UNKNOWN,New Security Offering,"Squarespace, Inc.",NYSE,2021-05-19,,13:19:27,,,,,,nyse,2026-08-08T04:28:25,,,
APXTU,APXTU,2021-05-19,09:40:15,,LUDP,LULD pause,Apex Technology Acquisition Corporation Unit,Nasdaq,2021-05-19,,09:45:15,,,,,,nyse,2026-08-08T04:28:25,,,
MOSY,MOSY,2021-05-19,09:57:57,,LUDP,LULD pause,"MoSys, Inc. Common Stock",Nasdaq,2021-05-19,,10:02:57,,,,,,nyse,2026-08-08T04:28:25,,,
GPOR,GPOR,2021-05-19,10:43:52,,LUDP,LULD pause,Gulfport Energy Corporation,NYSE,2021-05-19,,10:50:58,,,,,,nyse,2026-08-08T04:28:25,,,
BOSC,BOSC,2021-05-19,11:17:07,,LUDP,LULD pause,B.O.S. Better On-Line Solutions Ltd.,Nasdaq,2021-05-19,,11:22:07,,,,,,nyse,2026-08-08T04:28:25,,,
JZXN,JZXN,2021-05-19,11:39:08,,LUDP,LULD pause,"Jiuzi Holdings, Inc. Ordinary Shares",Nasdaq,2021-05-19,,11:44:08,,,,,,nyse,2026-08-08T04:28:25,,,
PCTTU,PCTTU,2021-05-19,11:42:51,,LUDP,LULD pause,"PureCycle Technologies, Inc. Unit",Nasdaq,2021-05-19,,11:47:51,,,,,,nyse,2026-08-08T04:28:25,,,
PCTTU,PCTTU,2021-05-19,11:48:28,,LUDP,LULD pause,"PureCycle Technologies, Inc. Unit",Nasdaq,2021-05-19,,11:53:28,,,,,,nyse,2026-08-08T04:28:25,,,
LLIT,LLIT,2021-05-19,11:49:34,,LUDP,LULD pause,Lianluo Smart Limited Class A Common Stock,Nasdaq,2021-05-19,,11:54:34,,,,,,nyse,2026-08-08T04:28:25,,,
JZXN,JZXN,2021-05-19,11:50:16,,LUDP,LULD pause,"Jiuzi Holdings, Inc. Ordinary Shares",Nasdaq,2021-05-19,,11:55:16,,,,,,nyse,2026-08-08T04:28:25,,,
IOVA,IOVA,2021-05-19,11:58:36,,LUDP,LULD pause,"Iovance Biotherapeutics, Inc. Common Stock",Nasdaq,2021-05-19,,12:03:36,,,,,,nyse,2026-08-08T04:28:25,,,
IOVA,IOVA,2021-05-19,12:04:20,,LUDP,LULD pause,"Iovance Biotherapeutics, Inc. Common Stock",Nasdaq,2021-05-19,,12:09:20,,,,,,nyse,2026-08-08T04:28:25,,,
JZXN,JZXN,2021-05-19,12:06:51,,LUDP,LULD pause,"Jiuzi Holdings, Inc. Ordinary Shares",Nasdaq,2021-05-19,,12:11:51,,,,,,nyse,2026-08-08T04:28:25,,,
JZXN,JZXN,2021-05-19,12:25:04,,LUDP,LULD pause,"Jiuzi Holdings, Inc. Ordinary Shares",Nasdaq,2021-05-19,,12:30:04,,,,,,nyse,2026-08-08T04:28:25,,,
PCTTU,PCTTU,2021-05-19,12:26:16,,LUDP,LULD pause,"PureCycle Technologies, Inc. Unit",Nasdaq,2021-05-19,,12:59:54,,,,,,nyse,2026-08-08T04:28:25,,,
CCS,CCS,2021-05-19,12:38:59,,T1,News pending,"CENTURY COMMUNITIES, INC.",NYSE,2021-05-19,,13:11:30,,,,,,nyse,2026-08-08T04:28:25,,,
SSPKU,SSPKU,2021-05-19,15:50:19,,LUDP,LULD pause,Silver Spike Acquisition Corp. Units,Nasdaq,2021-05-19,,16:02:09,,,,,,nyse,2026-08-08T04:28:25,,,
BDCZ,BDCZ,2021-05-20,09:32:54,,LUDP,LULD pause,"ETRACS Wells Fargo Business Development Company Index ETN Series B due April 26, 2041",NYSE Arca,2021-05-20,,09:37:54,,,,,,nyse,2026-08-08T04:28:25,,,
CATO,CATO,2021-05-20,11:31:44,,T1,News pending,CATO CORP,NYSE,2021-05-20,,12:36:55,,,,,,nyse,2026-08-08T04:28:25,,,
BRPA,BRPA,2021-05-20,12:16:45,,LUDP,LULD pause,Big Rock Partners Acquisition Corp. Common Stock,Nasdaq,2021-05-20,,12:21:45,,,,,,nyse,2026-08-08T04:28:25,,,
BRPA,BRPA,2021-05-20,12:23:20,,LUDP,LULD pause,Big Rock Partners Acquisition Corp. Common Stock,Nasdaq,2021-05-20,,12:28:20,,,,,,nyse,2026-08-08T04:28:25,,,
BRPA,BRPA,2021-05-20,12:44:26,,LUDP,LULD pause,Big Rock Partners Acquisition Corp. Common Stock,Nasdaq,2021-05-20,,12:49:26,,,,,,nyse,2026-08-08T04:28:25,,,
PSHG,PSHG,2021-05-20,13:23:57,,LUDP,LULD pause,Performance Shipping Inc. Common Shares,Nasdaq,2021-05-20,,13:28:57,,,,,,nyse,2026-08-08T04:28:25,,,
BRPA,BRPA,2021-05-20,13:40:59,,LUDP,LULD pause,Big Rock Partners Acquisition Corp. Common Stock,Nasdaq,2021-05-20,,13:45:59,,,,,,nyse,2026-08-08T04:28:25,,,
BRPAU,BRPAU,2021-05-20,13:42:30,,LUDP,LULD pause,Big Rock Partners Acquisition Corp. Unit,Nasdaq,2021-05-20,,13:47:30,,,,,,nyse,2026-08-08T04:28:25,,,
POWWP,POWWP,2021-05-21,04:00:00,,T1,News pending,"AMMO, Inc. 8.75% Series A Cumulative Redeemable Perpetual Preferred Stock",Nasdaq,2021-05-21,,10:25:00,,,,,,nyse,2026-08-08T04:28:25,,,
FSRVU,FSRVU,2021-05-21,09:32:37,,LUDP,LULD pause,"FinServ Acquisition Corp. Unit, 1 Com, 1/2 Wt.",Nasdaq,2021-05-21,,09:37:37,,,,,,nyse,2026-08-08T04:28:25,,,
DISA,DISA,2021-05-21,09:33:34,,LUDP,LULD pause,Disruptive Acquisition Corporation I Class A Ordinary Shares,Nasdaq,2021-05-21,,09:38:34,,,,,,nyse,2026-08-08T04:28:25,,,
ANVS,ANVS,2021-05-21,09:36:10,,LUDP,LULD pause,"Annovis Bio, Inc.",NYSE American,2021-05-21,,09:41:10,,,,,,nyse,2026-08-08T04:28:25,,,
DISA,DISA,2021-05-21,09:45:12,,LUDP,LULD pause,Disruptive Acquisition Corporation I Class A Ordinary Shares,Nasdaq,2021-05-21,,09:50:12,,,,,,nyse,2026-08-08T04:28:25,,,
ANVS,ANVS,2021-05-21,09:50:37,,LUDP,LULD pause,"Annovis Bio, Inc.",NYSE American,2021-05-21,,09:55:37,,,,,,nyse,2026-08-08T04:28:25,,,
ANVS,ANVS,2021-05-21,10:00:13,,LUDP,LULD pause,"Annovis Bio, Inc.",NYSE American,2021-05-21,,10:05:13,,,,,,nyse,2026-08-08T04:28:25,,,
BRPA,BRPA,2021-05-21,10:01:31,,LUDP,LULD pause,Big Rock Partners Acquisition Corp. Common Stock,Nasdaq,2021-05-21,,10:11:31,,,,,,nyse,2026-08-08T04:28:25,,,
UONE,UONE,2021-05-21,10:15:47,,LUDP,LULD pause,"Urban One, Inc. Class A Common Stock",Nasdaq,2021-05-21,,10:20:47,,,,,,nyse,2026-08-08T04:28:25,,,
JZXN,JZXN,2021-05-21,10:16:51,,LUDP,LULD pause,"Jiuzi Holdings, Inc. Ordinary Shares",Nasdaq,2021-05-21,,10:21:51,,,,,,nyse,2026-08-08T04:28:25,,,
CARV,CARV,2021-05-21,10:17:00,,LUDP,LULD pause,"Carver Bancorp, Inc.",Nasdaq,2021-05-21,,10:22:00,,,,,,nyse,2026-08-08T04:28:25,,,
UONEK,UONEK,2021-05-21,10:17:58,,LUDP,LULD pause,"Urban One, Inc. Class D Common Stock",Nasdaq,2021-05-21,,10:22:58,,,,,,nyse,2026-08-08T04:28:25,,,
EJH,EJH,2021-05-21,10:23:22,,LUDP,LULD pause,E-Home Household Service Holdings Limited Ordinary Shares,Nasdaq,2021-05-21,,10:28:22,,,,,,nyse,2026-08-08T04:28:25,,,
ANVS,ANVS,2021-05-21,10:42:11,,LUDP,LULD pause,"Annovis Bio, Inc.",NYSE American,2021-05-21,,10:47:11,,,,,,nyse,2026-08-08T04:28:25,,,
ANVS,ANVS,2021-05-21,11:13:36,,LUDP,LULD pause,"Annovis Bio, Inc.",NYSE American,2021-05-21,,11:18:36,,,,,,nyse,2026-08-08T04:28:25,,,
NGM,NGM,2021-05-24,06:55:58,,T1,News pending,"NGM Biopharmaceuticals, Inc. Common Stock",Nasdaq,2021-05-24,,07:31:00,,,,,,nyse,2026-08-08T04:28:25,,,
DCRB,DCRB,2021-05-24,07:31:12,,T1,News pending,Decarbonization Plus Acquisition Corporation Class A Common Stock,Nasdaq,2021-05-24,,08:01:00,,,,,,nyse,2026-08-08T04:28:25,,,
DCRBU,DCRBU,2021-05-24,07:31:12,,T1,News pending,Decarbonization Plus Acquisition Corporation Unit,Nasdaq,2021-05-24,,08:00:00,,,,,,nyse,2026-08-08T04:28:25,,,
DCRBW,DCRBW,2021-05-24,07:31:12,,T1,News pending,Decarbonization Plus Acquisition Corporation Warrant,Nasdaq,2021-05-24,,08:00:00,,,,,,nyse,2026-08-08T04:28:25,,,
MMAC,MMAC,2021-05-24,08:25:13,,T1,News pending,"MMA Capital Holdings, Inc. Common Stock",Nasdaq,2021-05-24,,09:00:00,,,,,,nyse,2026-08-08T04:28:25,,,
SCPS,SCPS,2021-05-24,09:30:33,,LUDP,LULD pause,Scopus BioPharma Inc. Common Stock,Nasdaq,2021-05-24,,09:40:34,,,,,,nyse,2026-08-08T04:28:25,,,
SCPS,SCPS,2021-05-24,09:40:55,,LUDP,LULD pause,Scopus BioPharma Inc. Common Stock,Nasdaq,2021-05-24,,09:51:07,,,,,,nyse,2026-08-08T04:28:25,,,
SCPS,SCPS,2021-05-24,09:51:25,,LUDP,LULD pause,Scopus BioPharma Inc. Common Stock,Nasdaq,2021-05-24,,10:01:25,,,,,,nyse,2026-08-08T04:28:25,,,
OBLN,OBLN,2021-05-24,09:57:23,,LUDP,LULD pause,"Obalon Therapeutics, Inc.",Nasdaq,2021-05-24,,10:02:23,,,,,,nyse,2026-08-08T04:28:25,,,
SCPS,SCPS,2021-05-24,10:02:00,,LUDP,LULD pause,Scopus BioPharma Inc. Common Stock,Nasdaq,2021-05-24,,10:07:00,,,,,,nyse,2026-08-08T04:28:25,,,
SCPS,SCPS,2021-05-24,10:07:28,,LUDP,LULD pause,Scopus BioPharma Inc. Common Stock,Nasdaq,2021-05-24,,10:17:28,,,,,,nyse,2026-08-08T04:28:25,,,
SCPS,SCPS,2021-05-24,10:20:22,,LUDP,LULD pause,Scopus BioPharma Inc. Common Stock,Nasdaq,2021-05-24,,10:25:22,,,,,,nyse,2026-08-08T04:28:25,,,
SCPS,SCPS,2021-05-24,10:26:29,,LUDP,LULD pause,Scopus BioPharma Inc. Common Stock,Nasdaq,2021-05-24,,10:31:29,,,,,,nyse,2026-08-08T04:28:25,,,
KRBP,KRBP,2021-05-24,10:29:13,,LUDP,LULD pause,"Kiromic BioPharma, Inc. Common Stock",Nasdaq,2021-05-24,,10:39:14,,,,,,nyse,2026-08-08T04:28:25,,,
SCPS,SCPS,2021-05-24,10:32:31,,LUDP,LULD pause,Scopus BioPharma Inc. Common Stock,Nasdaq,2021-05-24,,10:37:31,,,,,,nyse,2026-08-08T04:28:25,,,
SCPS,SCPS,2021-05-24,10:38:08,,LUDP,LULD pause,Scopus BioPharma Inc. Common Stock,Nasdaq,2021-05-24,,10:43:08,,,,,,nyse,2026-08-08T04:28:25,,,
SCPS,SCPS,2021-05-24,10:43:43,,LUDP,LULD pause,Scopus BioPharma Inc. Common Stock,Nasdaq,2021-05-24,,10:53:43,,,,,,nyse,2026-08-08T04:28:25,,,
PW,PW,2021-05-24,10:47:17,,T1,News pending,Power REIT,NYSE American,2021-05-24,,11:40:00,,,,,,nyse,2026-08-08T04:28:25,,,
PW.PRA,PW PRA,2021-05-24,10:47:17,,T1,News pending,"Power REIT  7.75% Series A Cumulative Redeemable Perpetual Preferred Stock, Liquidation Preference $",NYSE American,2021-05-24,,11:40:00,,,,,,nyse,2026-08-08T04:28:25,,,
RHE,RHE,2021-05-24,11:05:20,,LUDP,LULD pause,"Regional Health Properties, Inc.",NYSE American,2021-05-24,,11:10:20,,,,,,nyse,2026-08-08T04:28:25,,,
SCPS,SCPS,2021-05-24,11:06:56,,LUDP,LULD pause,Scopus BioPharma Inc. Common Stock,Nasdaq,2021-05-24,,11:11:56,,,,,,nyse,2026-08-08T04:28:25,,,
RHE,RHE,2021-05-24,11:10:57,,LUDP,LULD pause,"Regional Health Properties, Inc.",NYSE American,2021-05-24,,11:15:57,,,,,,nyse,2026-08-08T04:28:25,,,
IDBA,IDBA,2021-05-24,13:38:49,,LUDP,LULD pause,IDEX Biometrics ASA American Depositary Shares,Nasdaq,2021-05-24,,13:43:49,,,,,,nyse,2026-08-08T04:28:25,,,
CUB,CUB,2021-05-25,09:12:22,,T2,News Released,Cubic Corporation,NYSE,,,,,,,,,nyse,2026-08-08T04:28:25,no_reanudo,,
IDBA,IDBA,2021-05-25,09:30:16,,LUDP,LULD pause,IDEX Biometrics ASA American Depositary Shares,Nasdaq,2021-05-25,,09:35:16,,,,,,nyse,2026-08-08T04:28:25,,,
PCTTU,PCTTU,2021-05-25,09:32:28,,LUDP,LULD pause,"PureCycle Technologies, Inc. Unit",Nasdaq,2021-05-25,,09:37:28,,,,,,nyse,2026-08-08T04:28:25,,,
WHLRP,WHLRP,2021-05-25,10:05:26,,LUDP,LULD pause,"Wheeler Real Estate Investment Trust, Inc. Preferred Stock",Nasdaq,2021-05-25,,10:10:26,,,,,,nyse,2026-08-08T04:28:25,,,
LEDS,LEDS,2021-05-25,10:52:28,,LUDP,LULD pause,SemiLEDS Corporation,Nasdaq,2021-05-25,,10:57:28,,,,,,nyse,2026-08-08T04:28:25,,,
BDL,BDL,2021-05-25,12:03:13,,LUDP,LULD pause,Flanigan's Enterprises Inc,NYSE American,2021-05-25,,12:13:13,,,,,,nyse,2026-08-08T04:28:25,,,
BDL,BDL,2021-05-25,12:18:59,,LUDP,LULD pause,Flanigan's Enterprises Inc,NYSE American,2021-05-25,,12:23:59,,,,,,nyse,2026-08-08T04:28:25,,,
RDIB,RDIB,2021-05-25,13:37:27,,LUDP,LULD pause,"Reading International, Inc (Class B",Nasdaq,2021-05-25,,13:42:27,,,,,,nyse,2026-08-08T04:28:25,,,
RDIB,RDIB,2021-05-25,13:43:14,,LUDP,LULD pause,"Reading International, Inc (Class B",Nasdaq,2021-05-25,,13:48:14,,,,,,nyse,2026-08-08T04:28:25,,,
PW,PW,2021-05-25,14:07:50,,T1,News pending,Power REIT,NYSE American,2021-05-25,,14:50:00,,,,,,nyse,2026-08-08T04:28:25,,,
PW.PRA,PW PRA,2021-05-25,14:08:17,,T1,News pending,"Power REIT  7.75% Series A Cumulative Redeemable Perpetual Preferred Stock, Liquidation Preference $",NYSE American,2021-05-25,,14:50:00,,,,,,nyse,2026-08-08T04:28:25,,,
MOXC,MOXC,2021-05-25,15:00:12,,LUDP,LULD pause,"Moxian, Inc. Common Stock",Nasdaq,2021-05-25,,15:05:12,,,,,,nyse,2026-08-08T04:28:25,,,
FTIVU,FTIVU,2021-05-25,15:39:13,,LUDP,LULD pause,FinTech Acquisition Corp. IV Unit,Nasdaq,2021-05-25,,15:44:13,,,,,,nyse,2026-08-08T04:28:25,,,
LRMR,LRMR,2021-05-25,17:42:54,,T1,News pending,"Larimar Therapeutics, Inc. Common Stock",Nasdaq,2021-05-25,,18:10:00,,,,,,nyse,2026-08-08T04:28:25,,,
ZIP,ZIP,2021-05-26,03:30:37,,UNKNOWN,New Security Offering,"ZipRecruiter, Inc.",NYSE,2021-05-26,,12:32:07,,,,,,nyse,2026-08-08T04:28:25,,,
FTPA,FTPA,2021-05-26,09:36:56,,LUDP,LULD pause,FTAC Parnassus Acquisition Corp. Class A Common Stock,Nasdaq,2021-05-26,,09:41:56,,,,,,nyse,2026-08-08T04:28:25,,,
LDHA,LDHA,2021-05-26,09:36:56,,LUDP,LULD pause,LDH Growth Corp I Class A Ordinary Shares,Nasdaq,2021-05-26,,09:41:56,,,,,,nyse,2026-08-08T04:28:25,,,
STRE,STRE,2021-05-26,09:36:56,,LUDP,LULD pause,"Supernova Partners Acquisition Company III, Ltd.",NYSE,2021-05-26,,09:41:56,,,,,,nyse,2026-08-08T04:28:25,,,
CFFE,CFFE,2021-05-26,09:37:04,,LUDP,LULD pause,CF Acquisition Corp. VIII Class A Common Stock,Nasdaq,2021-05-26,,09:42:04,,,,,,nyse,2026-08-08T04:28:25,,,
WALD,WALD,2021-05-26,09:39:24,,LUDP,LULD pause,Waldencast Acquisition Corp. Class A Ordinary Share,Nasdaq,2021-05-26,,09:44:24,,,,,,nyse,2026-08-08T04:28:25,,,
CFFE,CFFE,2021-05-26,09:42:21,,LUDP,LULD pause,CF Acquisition Corp. VIII Class A Common Stock,Nasdaq,2021-05-26,,09:47:21,,,,,,nyse,2026-08-08T04:28:25,,,
FTPA,FTPA,2021-05-26,09:43:20,,LUDP,LULD pause,FTAC Parnassus Acquisition Corp. Class A Common Stock,Nasdaq,2021-05-26,,09:48:20,,,,,,nyse,2026-08-08T04:28:25,,,
STRE,STRE,2021-05-26,09:46:22,,LUDP,LULD pause,"Supernova Partners Acquisition Company III, Ltd.",NYSE,2021-05-26,,09:51:22,,,,,,nyse,2026-08-08T04:28:25,,,
CFFE,CFFE,2021-05-26,09:47:36,,LUDP,LULD pause,CF Acquisition Corp. VIII Class A Common Stock,Nasdaq,2021-05-26,,09:52:36,,,,,,nyse,2026-08-08T04:28:25,,,
CFFE,CFFE,2021-05-26,09:52:51,,LUDP,LULD pause,CF Acquisition Corp. VIII Class A Common Stock,Nasdaq,2021-05-26,,09:57:51,,,,,,nyse,2026-08-08T04:28:25,,,
CFFE,CFFE,2021-05-26,09:58:55,,LUDP,LULD pause,CF Acquisition Corp. VIII Class A Common Stock,Nasdaq,2021-05-26,,10:03:55,,,,,,nyse,2026-08-08T04:28:25,,,
SSPKU,SSPKU,2021-05-26,10:34:47,,LUDP,LULD pause,Silver Spike Acquisition Corp. Units,Nasdaq,2021-05-26,,10:39:47,,,,,,nyse,2026-08-08T04:28:25,,,
ABR.PRA,ABR PRA,2021-05-26,12:44:25,,T1,News pending,"Arbor Realty Trust, Inc 8.250% Series A Cumulative Redeemable Preferred Stock",NYSE,2021-05-26,,13:45:00,,,,,,nyse,2026-08-08T04:28:25,,,
ABR.PRB,ABR PRB,2021-05-26,12:44:25,,T1,News pending,"Arbor Realty Trust, Inc. 7.75% Series B Preferred",NYSE,2021-05-26,,13:44:45,,,,,,nyse,2026-08-08T04:28:25,,,
ABR.PRC,ABR PRC,2021-05-26,12:44:25,,T1,News pending,"Arbor Realty Trust, Inc. 8.50% Series C Cumulative Redeemable Preferred Stock, Liquidation Preferenc",NYSE,2021-05-26,,13:44:13,,,,,,nyse,2026-08-08T04:28:25,,,
LIZI,LIZI,2021-05-26,12:46:54,,LUDP,LULD pause,LIZHI INC. American Depositary Shares,Nasdaq,2021-05-26,,12:51:54,,,,,,nyse,2026-08-08T04:28:25,,,
PRVB,PRVB,2021-05-27,07:00:01,,T1,News pending,"Provention Bio, Inc. Common Stock",Nasdaq,2021-05-28,,07:10:00,,,,,,nyse,2026-08-08T04:28:25,,,
LWAC,LWAC,2021-05-27,07:48:05,,T1,News pending,Locust Walk Acquisition Corp. Class A Common Stock,Nasdaq,2021-05-27,,08:30:00,,,,,,nyse,2026-08-08T04:28:25,,,
LWACU,LWACU,2021-05-27,07:48:05,,T1,News pending,Locust Walk Acquisition Corp. Unit,Nasdaq,2021-05-27,,08:30:00,,,,,,nyse,2026-08-08T04:28:25,,,
LWACW,LWACW,2021-05-27,07:48:05,,T1,News pending,Locust Walk Acquisition Corp. Warrant,Nasdaq,2021-05-27,,08:30:00,,,,,,nyse,2026-08-08T04:28:25,,,
IMRN,IMRN,2021-05-27,09:22:43,,T1,News pending,Immuron Limited American Depositary Shares,Nasdaq,2021-09-23,,07:20:00,,,,,,nyse,2026-08-08T04:28:25,,,
IMRNW,IMRNW,2021-05-27,09:23:33,,T1,News pending,Immuron Limited Warrants,Nasdaq,2021-09-23,,07:20:00,,,,,,nyse,2026-08-08T04:28:25,,,
GOED,GOED,2021-05-27,09:30:28,,LUDP,LULD pause,1847 Goedeker Inc.,NYSE American,2021-05-27,,09:35:28,,,,,,nyse,2026-08-08T04:28:25,,,
RZLT,RZLT,2021-05-27,09:34:14,,LUDP,LULD pause,"Rezolute, Inc. Common Stock",Nasdaq,2021-05-27,,10:01:23,,,,,,nyse,2026-08-08T04:28:25,,,
GOED,GOED,2021-05-27,09:35:55,,LUDP,LULD pause,1847 Goedeker Inc.,NYSE American,2021-05-27,,09:45:55,,,,,,nyse,2026-08-08T04:28:25,,,
DUO,DUO,2021-05-27,09:44:08,,LUDP,LULD pause,Fangdd Network Group Ltd. American Depositary Shares,Nasdaq,2021-05-27,,09:49:08,,,,,,nyse,2026-08-08T04:28:25,,,
GOED,GOED,2021-05-27,09:46:11,,LUDP,LULD pause,1847 Goedeker Inc.,NYSE American,2021-05-27,,12:10:00,,,,,,nyse,2026-08-08T04:28:25,,,
DUO,DUO,2021-05-27,09:49:29,,LUDP,LULD pause,Fangdd Network Group Ltd. American Depositary Shares,Nasdaq,2021-05-27,,09:59:29,,,,,,nyse,2026-08-08T04:28:25,,,
RZLT,RZLT,2021-05-27,10:01:45,,LUDP,LULD pause,"Rezolute, Inc. Common Stock",Nasdaq,2021-05-27,,10:06:45,,,,,,nyse,2026-08-08T04:28:25,,,
DUO,DUO,2021-05-27,10:02:22,,LUDP,LULD pause,Fangdd Network Group Ltd. American Depositary Shares,Nasdaq,2021-05-27,,10:07:22,,,,,,nyse,2026-08-08T04:28:25,,,
RZLT,RZLT,2021-05-27,10:07:19,,LUDP,LULD pause,"Rezolute, Inc. Common Stock",Nasdaq,2021-05-27,,10:12:19,,,,,,nyse,2026-08-08T04:28:25,,,
DUO,DUO,2021-05-27,10:07:51,,LUDP,LULD pause,Fangdd Network Group Ltd. American Depositary Shares,Nasdaq,2021-05-27,,10:12:51,,,,,,nyse,2026-08-08T04:28:25,,,
RZLT,RZLT,2021-05-27,10:12:40,,LUDP,LULD pause,"Rezolute, Inc. Common Stock",Nasdaq,2021-05-27,,10:22:40,,,,,,nyse,2026-08-08T04:28:25,,,
RZLT,RZLT,2021-05-27,10:23:16,,LUDP,LULD pause,"Rezolute, Inc. Common Stock",Nasdaq,2021-05-27,,10:28:16,,,,,,nyse,2026-08-08T04:28:25,,,
VTNR,VTNR,2021-05-27,10:35:48,,LUDP,LULD pause,"Vertex Energy, Inc",Nasdaq,2021-05-27,,10:40:48,,,,,,nyse,2026-08-08T04:28:25,,,
GOED,GOED,2021-05-27,12:10:29,,LUDP,LULD pause,1847 Goedeker Inc.,NYSE American,2021-05-27,,12:15:29,,,,,,nyse,2026-08-08T04:28:25,,,
GOED,GOED,2021-05-27,12:18:17,,LUDP,LULD pause,1847 Goedeker Inc.,NYSE American,2021-05-27,,12:38:17,,,,,,nyse,2026-08-08T04:28:25,,,
GOED,GOED,2021-05-27,12:41:18,,LUDP,LULD pause,1847 Goedeker Inc.,NYSE American,2021-05-27,,12:46:18,,,,,,nyse,2026-08-08T04:28:25,,,
GOED,GOED,2021-05-27,12:50:49,,LUDP,LULD pause,1847 Goedeker Inc.,NYSE American,2021-05-27,,12:55:49,,,,,,nyse,2026-08-08T04:28:25,,,
GOED,GOED,2021-05-27,13:03:31,,LUDP,LULD pause,1847 Goedeker Inc.,NYSE American,2021-05-27,,13:08:31,,,,,,nyse,2026-08-08T04:28:25,,,
IRS.WS,IRS WS,2021-05-28,01:30:09,,UNKNOWN,New Security Offering,IRSA Inversiones y Representaciones S.A. Warrants to purchase Common Shares,NYSE,,,,,,,,,nyse,2026-08-08T04:28:25,reanudo,2021-06-03,09:48
ZIVO,ZIVO,2021-05-28,03:58:00,,T1,News pending,"Zivo Bioscience, Inc. Common Stock",Nasdaq,2021-05-28,,09:45:00,,,,,,nyse,2026-08-08T04:28:25,,,
ZIVOW,ZIVOW,2021-05-28,04:00:00,,T1,News pending,"Zivo Bioscience, Inc. Warrants",Nasdaq,2021-05-28,,09:49:50,,,,,,nyse,2026-08-08T04:28:25,,,
GENE,GENE,2021-05-28,06:45:48,,T1,News pending,Genetic Technologies Ltd.,Nasdaq,2021-06-01,,07:05:00,,,,,,nyse,2026-08-08T04:28:25,,,
BWL.A,BWL A,2021-05-28,06:51:49,,T1,News pending,Bowl America Incorporated,NYSE American,2021-05-28,,07:15:00,,,,,,nyse,2026-08-08T04:28:25,,,
ETON,ETON,2021-05-28,08:00:12,,T1,News pending,"Eton Pharmaceutcials, Inc. Common Stock",Nasdaq,2021-05-28,,08:35:00,,,,,,nyse,2026-08-08T04:28:25,,,
SYTA,SYTA,2021-05-28,09:30:16,,LUDP,LULD pause,"Siyata Mobile, Inc.",Nasdaq,2021-05-28,,09:40:16,,,,,,nyse,2026-08-08T04:28:25,,,
MDJH,MDJH,2021-05-28,09:31:00,,LUDP,LULD pause,MDJM LTD Ordinary Share,Nasdaq,2021-05-28,,09:41:00,,,,,,nyse,2026-08-08T04:28:25,,,
FRLN,FRLN,2021-05-28,09:33:00,,LUDP,LULD pause,Freeline Therapeutics Holdings plc American Depositary Shares,Nasdaq,2021-05-28,,09:48:01,,,,,,nyse,2026-08-08T04:28:25,,,
FNCH,FNCH,2021-05-28,09:34:45,,LUDP,LULD pause,"Finch Therapeutics Group, Inc. Common Stock",Nasdaq,2021-05-28,,09:39:45,,,,,,nyse,2026-08-08T04:28:25,,,
HCXZ,HCXZ,2021-05-28,12:44:31,,T1,News pending,"Hercules Capital, Inc. 5.25% Notes due 2025",NYSE,2021-05-28,,13:24:28,,,,,,nyse,2026-08-08T04:28:25,,,
SLN,SLN,2021-05-28,12:47:54,,LUDP,LULD pause,Silence Therapeutics Plc American Depository Share,Nasdaq,2021-05-28,,12:52:54,,,,,,nyse,2026-08-08T04:28:25,,,
SLN,SLN,2021-05-28,12:56:41,,LUDP,LULD pause,Silence Therapeutics Plc American Depository Share,Nasdaq,2021-05-28,,13:06:41,,,,,,nyse,2026-08-08T04:28:25,,,
GRCL,GRCL,2021-05-28,13:07:26,,LUDP,LULD pause,Gracell Biotechnologies Inc. American Depositary Shares,Nasdaq,2021-05-28,,13:12:26,,,,,,nyse,2026-08-08T04:28:25,,,
SLN,SLN,2021-05-28,13:10:02,,LUDP,LULD pause,Silence Therapeutics Plc American Depository Share,Nasdaq,2021-05-28,,13:15:02,,,,,,nyse,2026-08-08T04:28:25,,,
PTVCA,PTVCA,2021-05-28,19:49:45,,T1,News pending,Protective Insurance Corporation Class A Common Stock,Nasdaq,,,,,,,,,nyse,2026-08-08T04:28:25,no_reanudo,,
PTVCB,PTVCB,2021-05-28,19:49:45,,T1,News pending,Protective Insurance Corporation Class B Common Stock,Nasdaq,,,,,,,,,nyse,2026-08-08T04:28:25,no_reanudo,,
ALKS,ALKS,2021-06-01,06:55:00,,T1,News pending,Alkermes Inc. plc,Nasdaq,2021-06-01,,07:30:00,,,,,,nyse,2026-08-08T04:28:25,,,
FMBI,FMBI,2021-06-01,08:25:04,,T1,News pending,First Midwest Bancorp Inc/IL,Nasdaq,2021-06-01,,09:00:00,,,,,,nyse,2026-08-08T04:28:25,,,
FMBIO,FMBIO,2021-06-01,08:25:04,,T1,News pending,"First Midwest Bancorp, Inc. Depositary Shares Each Representing a 1/40th Interest in a Share of Fixe",Nasdaq,2021-06-01,,09:00:00,,,,,,nyse,2026-08-08T04:28:25,,,
FMBIP,FMBIP,2021-06-01,08:25:04,,T1,News pending,"First Midwest Bancorp, Inc. Depositary Shares Each Representing a 1/40th Interest in a Share of Fixe",Nasdaq,2021-06-01,,09:00:00,,,,,,nyse,2026-08-08T04:28:25,,,
ONB,ONB,2021-06-01,08:25:04,,T1,News pending,Old National Bancorp,Nasdaq,2021-06-01,,09:00:00,,,,,,nyse,2026-08-08T04:28:25,,,
RZLT,RZLT,2021-06-01,09:30:17,,LUDP,LULD pause,"Rezolute, Inc. Common Stock",Nasdaq,2021-06-01,,09:55:18,,,,,,nyse,2026-08-08T04:28:24,,,
PCTTU,PCTTU,2021-06-01,09:30:22,,LUDP,LULD pause,"PureCycle Technologies, Inc. Unit",Nasdaq,2021-06-01,,09:35:22,,,,,,nyse,2026-08-08T04:28:24,,,
QRTEB,QRTEB,2021-06-01,09:32:21,,LUDP,LULD pause,"Qurate Retail, Inc. Series B Common Stock",Nasdaq,2021-06-01,,09:37:21,,,,,,nyse,2026-08-08T04:28:24,,,
MDJH,MDJH,2021-06-01,09:38:53,,LUDP,LULD pause,MDJM LTD Ordinary Share,Nasdaq,2021-06-01,,09:48:53,,,,,,nyse,2026-08-08T04:28:24,,,
WPG,WPG,2021-06-01,09:40:11,,LUDP,LULD pause,Washington Prime Group Inc.,NYSE,2021-06-01,,09:45:16,,,,,,nyse,2026-08-08T04:28:24,,,
MDJH,MDJH,2021-06-01,09:52:31,,LUDP,LULD pause,MDJM LTD Ordinary Share,Nasdaq,2021-06-01,,09:57:31,,,,,,nyse,2026-08-08T04:28:24,,,
RZLT,RZLT,2021-06-01,09:57:51,,LUDP,LULD pause,"Rezolute, Inc. Common Stock",Nasdaq,2021-06-01,,10:02:51,,,,,,nyse,2026-08-08T04:28:24,,,
MDJH,MDJH,2021-06-01,09:58:06,,LUDP,LULD pause,MDJM LTD Ordinary Share,Nasdaq,2021-06-01,,10:08:06,,,,,,nyse,2026-08-08T04:28:24,,,
OEG,OEG,2021-06-01,09:58:19,,LUDP,LULD pause,"Orbital Energy Group, Inc. Common Stock",Nasdaq,2021-06-01,,10:03:19,,,,,,nyse,2026-08-08T04:28:24,,,
MDJH,MDJH,2021-06-01,10:14:58,,LUDP,LULD pause,MDJM LTD Ordinary Share,Nasdaq,2021-06-01,,10:19:58,,,,,,nyse,2026-08-08T04:28:24,,,
RVP,RVP,2021-06-01,13:35:46,,LUDP,LULD pause,"Retractable Technologies, Inc",NYSE American,2021-06-01,,13:40:46,,,,,,nyse,2026-08-08T04:28:24,,,
TKAT,TKAT,2021-06-01,15:00:41,,T1,News pending,"Takung Art Co., Ltd.",NYSE American,2021-06-01,,15:45:00,,,,,,nyse,2026-08-08T04:28:24,,,
TKAT,TKAT,2021-06-01,15:45:35,,LUDP,LULD pause,"Takung Art Co., Ltd.",NYSE American,2021-06-01,,16:00:00,,,,,,nyse,2026-08-08T04:28:24,,,
SLCT,SLCT,2021-06-01,17:10:01,,T1,News pending,"Select Bancorp, Inc.",Nasdaq,2021-06-01,,17:45:00,,,,,,nyse,2026-08-08T04:28:24,,,
WIFI,WIFI,2021-06-01,19:49:34,,T1,News pending,"Boingo Wireless, Inc.",Nasdaq,,,,,,,,,nyse,2026-08-08T04:28:24,no_reanudo,,
CNST,CNST,2021-06-02,07:23:57,,T1,News pending,"Constellation Pharmaceuticals, Inc.",Nasdaq,2021-06-02,,07:50:00,,,,,,nyse,2026-08-08T04:28:24,,,
SCYX,SCYX,2021-06-02,07:25:14,,T1,News pending,"SCYNEXIS, Inc.",Nasdaq,2021-06-02,,08:00:00,,,,,,nyse,2026-08-08T04:28:24,,,
CMD,CMD,2021-06-02,08:31:58,,UNKNOWN,Merger Effective,Cantel Medical Corporation,NYSE,,,,,,,,,nyse,2026-08-08T04:28:24,no_reanudo,,
LEND,LEND,2021-06-02,09:30:39,,LUDP,LULD pause,Amplify CrowdBureau Online Lending and Digital Banking ETF,NYSE Arca,2021-06-02,,09:35:39,,,,,,nyse,2026-08-08T04:28:24,,,
VVPR,VVPR,2021-06-02,09:30:56,,LUDP,LULD pause,VivoPower International PLC,Nasdaq,2021-06-02,,09:35:56,,,,,,nyse,2026-08-08T04:28:24,,,
WFRD,WFRD,2021-06-02,09:31:05,,LUDP,LULD pause,Weatherford International plc Ordinary Shares,Nasdaq,2021-06-02,,09:36:05,,,,,,nyse,2026-08-08T04:28:24,,,
MDJH,MDJH,2021-06-02,09:34:36,,LUDP,LULD pause,MDJM LTD Ordinary Share,Nasdaq,2021-06-02,,09:39:36,,,,,,nyse,2026-08-08T04:28:24,,,
MDJH,MDJH,2021-06-02,09:42:04,,LUDP,LULD pause,MDJM LTD Ordinary Share,Nasdaq,2021-06-02,,09:47:04,,,,,,nyse,2026-08-08T04:28:24,,,
BCTX,BCTX,2021-06-02,09:46:02,,LUDP,LULD pause,Briacell Therapeutics Corp. Common Shares,Nasdaq,2021-06-02,,09:51:02,,,,,,nyse,2026-08-08T04:28:24,,,
PYPE,PYPE,2021-06-02,09:49:44,,LUDP,LULD pause,"ETRACS NYSE Pickens Core Midstream Index ETN due August 20, 2048",NYSE Arca,2021-06-02,,09:54:44,,,,,,nyse,2026-08-08T04:28:24,,,
BCTX,BCTX,2021-06-02,09:54:48,,LUDP,LULD pause,Briacell Therapeutics Corp. Common Shares,Nasdaq,2021-06-02,,09:59:48,,,,,,nyse,2026-08-08T04:28:24,,,
BCTX,BCTX,2021-06-02,10:05:00,,LUDP,LULD pause,Briacell Therapeutics Corp. Common Shares,Nasdaq,2021-06-02,,10:10:00,,,,,,nyse,2026-08-08T04:28:24,,,
BCTX,BCTX,2021-06-02,10:10:31,,LUDP,LULD pause,Briacell Therapeutics Corp. Common Shares,Nasdaq,2021-06-02,,10:15:31,,,,,,nyse,2026-08-08T04:28:24,,,
EDRY,EDRY,2021-06-02,10:33:56,,LUDP,LULD pause,EuroDry Ltd. Common Shares,Nasdaq,2021-06-02,,10:38:56,,,,,,nyse,2026-08-08T04:28:24,,,
IPVI,IPVI,2021-06-02,11:20:38,,LUDP,LULD pause,InterPrivate IV InfraTech Partners Inc. Class A Common Stock,Nasdaq,2021-06-02,,11:25:38,,,,,,nyse,2026-08-08T04:28:24,,,
CPHI,CPHI,2021-06-02,11:23:50,,LUDP,LULD pause,"China Pharma Holdings, Inc.",NYSE American,2021-06-02,,11:28:50,,,,,,nyse,2026-08-08T04:28:24,,,
AMC,AMC,2021-06-02,12:26:42,,LUDP,LULD pause,"AMC ENTERTAINMENT HOLDINGS, INC.",NYSE,2021-06-02,,12:31:51,,,,,,nyse,2026-08-08T04:28:24,,,
AMC,AMC,2021-06-02,12:32:52,,LUDP,LULD pause,"AMC ENTERTAINMENT HOLDINGS, INC.",NYSE,2021-06-02,,12:37:55,,,,,,nyse,2026-08-08T04:28:24,,,
AMC,AMC,2021-06-02,13:22:24,,LUDP,LULD pause,"AMC ENTERTAINMENT HOLDINGS, INC.",NYSE,2021-06-02,,13:27:24,,,,,,nyse,2026-08-08T04:28:24,,,
SFYF,SFYF,2021-06-02,13:29:17,,LUDP,LULD pause,SoFi Social 50 ETF,NYSE Arca,2021-06-02,,13:34:17,,,,,,nyse,2026-08-08T04:28:24,,,
AMC,AMC,2021-06-02,13:40:42,,LUDP,LULD pause,"AMC ENTERTAINMENT HOLDINGS, INC.",NYSE,2021-06-02,,13:45:48,,,,,,nyse,2026-08-08T04:28:24,,,
JAN,JAN,2021-06-02,15:10:46,,LUDP,LULD pause,JanOne Inc. Common Stock (NV),Nasdaq,2021-06-02,,15:15:46,,,,,,nyse,2026-08-08T04:28:24,,,
UUU,UUU,2021-06-02,15:19:35,,LUDP,LULD pause,"Universal Security Instruments, Inc.",NYSE American,2021-06-02,,15:29:35,,,,,,nyse,2026-08-08T04:28:24,,,
FEYE,FEYE,2021-06-02,16:00:11,,T1,News pending,"FireEye, Inc.",Nasdaq,2021-06-02,,16:30:00,,,,,,nyse,2026-08-08T04:28:24,,,
MDLQ,MDLQ,2021-06-03,03:58:27,,T1,News pending,Medley LLC 7.25% Notes due 2024,NYSE,2021-06-03,,09:30:23,,,,,,nyse,2026-08-08T04:28:24,,,
MDLX,MDLX,2021-06-03,03:58:27,,T1,News pending,Medley LLC  6.875% Senior Notes due 2026,NYSE,2021-06-03,,09:30:14,,,,,,nyse,2026-08-08T04:28:24,,,
MDLY,MDLY,2021-06-03,03:58:27,,T1,News pending,Medley Management Inc,NYSE,2021-06-03,,09:30:06,,,,,,nyse,2026-08-08T04:28:24,,,
ESXB,ESXB,2021-06-03,06:56:53,,T1,News pending,Community Bankers Trust Corporation,Nasdaq,2021-06-03,,07:30:00,,,,,,nyse,2026-08-08T04:28:24,,,
BCTX,BCTX,2021-06-03,07:54:18,,T1,News pending,Briacell Therapeutics Corp. Common Shares,Nasdaq,2021-06-03,,10:45:00,,,,,,nyse,2026-08-08T04:28:24,,,
BCTXW,BCTXW,2021-06-03,07:54:18,,T1,News pending,BriaCell Therapeutics Corp. Warrant,Nasdaq,2021-06-03,,10:57:39,,,,,,nyse,2026-08-08T04:28:24,,,
ANY,ANY,2021-06-03,09:22:21,,T1,News pending,Sphere 3D Corp. Common Shares,Nasdaq,2021-06-03,,09:55:00,,,,,,nyse,2026-08-08T04:28:24,,,
MDJH,MDJH,2021-06-03,09:33:44,,LUDP,LULD pause,MDJM LTD Ordinary Share,Nasdaq,2021-06-03,,09:38:44,,,,,,nyse,2026-08-08T04:28:24,,,
AMC,AMC,2021-06-03,09:42:42,,LUDP,LULD pause,"AMC ENTERTAINMENT HOLDINGS, INC.",NYSE,2021-06-03,,09:47:43,,,,,,nyse,2026-08-08T04:28:24,,,
AMC,AMC,2021-06-03,09:49:11,,LUDP,LULD pause,"AMC ENTERTAINMENT HOLDINGS, INC.",NYSE,2021-06-03,,09:54:13,,,,,,nyse,2026-08-08T04:28:24,,,
AMC,AMC,2021-06-03,09:54:51,,LUDP,LULD pause,"AMC ENTERTAINMENT HOLDINGS, INC.",NYSE,2021-06-03,,09:59:54,,,,,,nyse,2026-08-08T04:28:24,,,
RMED,RMED,2021-06-03,10:36:03,,LUDP,LULD pause,"Ra Medical Systems, Inc",NYSE American,2021-06-03,,10:41:03,,,,,,nyse,2026-08-08T04:28:24,,,
BCTX,BCTX,2021-06-03,10:48:23,,LUDP,LULD pause,Briacell Therapeutics Corp. Common Shares,Nasdaq,2021-06-03,,10:58:23,,,,,,nyse,2026-08-08T04:28:24,,,
INTG,INTG,2021-06-03,10:55:03,,LUDP,LULD pause,Intergroup Corporation (The),Nasdaq,2021-06-03,,11:05:03,,,,,,nyse,2026-08-08T04:28:24,,,
BCTX,BCTX,2021-06-03,11:03:24,,LUDP,LULD pause,Briacell Therapeutics Corp. Common Shares,Nasdaq,2021-06-03,,11:08:24,,,,,,nyse,2026-08-08T04:28:24,,,
PRTC,PRTC,2021-06-03,11:12:03,,LUDP,LULD pause,PureTech Health plc American Depositary Shares,Nasdaq,2021-06-03,,11:17:03,,,,,,nyse,2026-08-08T04:28:24,,,
EFOI,EFOI,2021-06-03,11:56:23,,LUDP,LULD pause,"Energy Focus, Inc.",Nasdaq,2021-06-03,,12:01:23,,,,,,nyse,2026-08-08T04:28:24,,,
EFOI,EFOI,2021-06-03,12:11:07,,LUDP,LULD pause,"Energy Focus, Inc.",Nasdaq,2021-06-03,,12:16:07,,,,,,nyse,2026-08-08T04:28:24,,,
PVBC,PVBC,2021-06-03,13:12:14,,LUDP,LULD pause,"Provident Bancorp, Inc. (MD) Common Stock",Nasdaq,2021-06-03,,13:17:14,,,,,,nyse,2026-08-08T04:28:24,,,
ADMP,ADMP,2021-06-03,14:07:01,,LUDP,LULD pause,Adamis Pharmaceuticals Corporation,Nasdaq,2021-06-03,,14:12:01,,,,,,nyse,2026-08-08T04:28:24,,,
CLGX,CLGX,2021-06-04,08:32:11,,UNKNOWN,Merger Effective,"Corelogic, Inc.",NYSE,,,,,,,,,nyse,2026-08-08T04:28:24,no_reanudo,,
OIH,OIH,2021-06-04,09:30:21,,T1,News pending,VanEck Vectors Oil Services ETF,NYSE Arca,2021-06-04,,12:35:00,,,,,,nyse,2026-08-08T04:28:24,,,
SSPKU,SSPKU,2021-06-04,09:43:27,,LUDP,LULD pause,Silver Spike Acquisition Corp. Units,Nasdaq,2021-06-04,,09:48:27,,,,,,nyse,2026-08-08T04:28:24,,,
GIG,GIG,2021-06-04,10:40:17,,T1,News pending,"GigCapital4, Inc. Common stock",Nasdaq,2021-06-04,,11:15:00,,,,,,nyse,2026-08-08T04:28:24,,,
GIGGU,GIGGU,2021-06-04,10:40:17,,T1,News pending,"GigCapital4, Inc. Unit",Nasdaq,2021-06-04,,11:15:00,,,,,,nyse,2026-08-08T04:28:24,,,
GIGGW,GIGGW,2021-06-04,10:40:17,,T1,News pending,"GigCapital4, Inc. Warrant",Nasdaq,2021-06-04,,11:17:59,,,,,,nyse,2026-08-08T04:28:24,,,
RHE,RHE,2021-06-04,12:32:56,,LUDP,LULD pause,"Regional Health Properties, Inc.",NYSE American,2021-06-04,,12:37:56,,,,,,nyse,2026-08-08T04:28:24,,,
LMNL,LMNL,2021-06-04,14:56:40,,T1,News pending,Liminal BioSciences Inc. Common Shares,Nasdaq,2021-06-04,,16:15:00,,,,,,nyse,2026-08-08T04:28:24,,,
USCR,USCR,2021-06-07,07:00:11,,T1,News pending,"U S Concrete, Inc.",Nasdaq,2021-06-07,,07:30:00,,,,,,nyse,2026-08-08T04:28:24,,,
CTB,CTB,2021-06-07,08:28:24,,UNKNOWN,Merger Effective,Cooper Tire & Rubber Co.,NYSE,,,,,,,,,nyse,2026-08-08T04:28:24,no_reanudo,,
EXFO,EXFO,2021-06-07,08:55:04,,T1,News pending,EXFO INC.,Nasdaq,2021-06-07,,09:50:00,,,,,,nyse,2026-08-08T04:28:24,,,
RMED,RMED,2021-06-07,09:38:28,,LUDP,LULD pause,"Ra Medical Systems, Inc",NYSE American,2021-06-07,,09:43:29,,,,,,nyse,2026-08-08T04:28:24,,,
EXFO,EXFO,2021-06-07,09:50:21,,LUDP,LULD pause,EXFO INC.,Nasdaq,2021-06-07,,09:55:21,,,,,,nyse,2026-08-08T04:28:24,,,
BIIB,BIIB,2021-06-07,10:44:14,,T1,News pending,Biogen Inc. Common Stock,Nasdaq,2021-06-07,,13:30:00,,,,,,nyse,2026-08-08T04:28:24,,,
SNPX,SNPX,2021-06-07,11:46:06,,LUDP,LULD pause,"Synaptogenix, Inc. Common Stock",Nasdaq,2021-06-07,,11:56:06,,,,,,nyse,2026-08-08T04:28:24,,,
SNPX,SNPX,2021-06-07,12:02:17,,LUDP,LULD pause,"Synaptogenix, Inc. Common Stock",Nasdaq,2021-06-07,,12:07:17,,,,,,nyse,2026-08-08T04:28:24,,,
PCTTU,PCTTU,2021-06-07,12:42:08,,LUDP,LULD pause,"PureCycle Technologies, Inc. Unit",Nasdaq,2021-06-07,,12:47:08,,,,,,nyse,2026-08-08T04:28:24,,,
BIIB,BIIB,2021-06-07,13:37:02,,LUDP,LULD pause,Biogen Inc. Common Stock,Nasdaq,2021-06-07,,13:42:02,,,,,,nyse,2026-08-08T04:28:24,,,
HOTH,HOTH,2021-06-07,14:32:20,,LUDP,LULD pause,"Hoth Therapeutics, Inc. Common Stock",Nasdaq,2021-06-07,,14:37:20,,,,,,nyse,2026-08-08T04:28:24,,,
PDSB,PDSB,2021-06-07,15:31:47,,LUDP,LULD pause,PDS Biotechnology Corporation Common Stock,Nasdaq,2021-06-07,,15:36:47,,,,,,nyse,2026-08-08T04:28:24,,,
HOOK,HOOK,2021-06-07,15:46:46,,LUDP,LULD pause,HOOKIPA Pharma Inc. Common Stock,Nasdaq,2021-06-07,,16:00:00,,,,,,nyse,2026-08-08T04:28:24,,,
VERA,VERA,2021-06-08,09:30:57,,LUDP,LULD pause,"Vera Therapeutics, Inc. Class A Common Stock",Nasdaq,2021-06-08,,09:40:57,,,,,,nyse,2026-08-08T04:28:24,,,
PFIX,PFIX,2021-06-08,09:32:40,,T1,News pending,Simplify Interest Rate Hedge ETF,NYSE Arca,2021-06-08,,11:15:00,,,,,,nyse,2026-08-08T04:28:24,,,
THCBU,THCBU,2021-06-08,09:33:46,,LUDP,LULD pause,Tuscan Holdings Corp. Unit,Nasdaq,2021-06-08,,09:38:46,,,,,,nyse,2026-08-08T04:28:24,,,
HOOK,HOOK,2021-06-08,09:35:33,,LUDP,LULD pause,HOOKIPA Pharma Inc. Common Stock,Nasdaq,2021-06-08,,09:40:33,,,,,,nyse,2026-08-08T04:28:24,,,
NEXT,NEXT,2021-06-08,09:43:13,,LUDP,LULD pause,NextDecade Corporation Common Stock,Nasdaq,2021-06-08,,09:48:13,,,,,,nyse,2026-08-08T04:28:24,,,
JAN,JAN,2021-06-08,09:45:22,,LUDP,LULD pause,JanOne Inc. Common Stock (NV),Nasdaq,2021-06-08,,09:50:22,,,,,,nyse,2026-08-08T04:28:24,,,
SRTS,SRTS,2021-06-08,10:38:12,,LUDP,LULD pause,"Sensus Healthcare, Inc",Nasdaq,2021-06-08,,10:43:12,,,,,,nyse,2026-08-08T04:28:24,,,
MAYS,MAYS,2021-06-08,10:42:41,,LUDP,LULD pause,Mays (J.W.) Inc,Nasdaq,2021-06-08,,10:52:41,,,,,,nyse,2026-08-08T04:28:24,,,
THCBU,THCBU,2021-06-08,11:21:30,,LUDP,LULD pause,Tuscan Holdings Corp. Unit,Nasdaq,2021-06-08,,11:26:30,,,,,,nyse,2026-08-08T04:28:24,,,
ZME,ZME,2021-06-08,11:34:54,,LUDP,LULD pause,"Zhangmen Education Inc. American Depositary Shares, each  representing nine (9) Class A ordinary sha",NYSE,2021-06-08,,11:40:03,,,,,,nyse,2026-08-08T04:28:24,,,
ZME,ZME,2021-06-08,11:40:24,,LUDP,LULD pause,"Zhangmen Education Inc. American Depositary Shares, each  representing nine (9) Class A ordinary sha",NYSE,2021-06-08,,11:47:17,,,,,,nyse,2026-08-08T04:28:24,,,
ZME,ZME,2021-06-08,11:48:28,,LUDP,LULD pause,"Zhangmen Education Inc. American Depositary Shares, each  representing nine (9) Class A ordinary sha",NYSE,2021-06-08,,11:53:47,,,,,,nyse,2026-08-08T04:28:24,,,
DCRC,DCRC,2021-06-08,15:01:16,,LUDP,LULD pause,Decarbonization Plus Acquisition Corporation III Class A Common Stock,Nasdaq,2021-06-08,,15:06:16,,,,,,nyse,2026-08-08T04:28:24,,,
RIDE,RIDE,2021-06-08,15:36:39,,LUDP,LULD pause,Lordstown Motors Corp. Class A Common Stock,Nasdaq,2021-06-08,,15:41:39,,,,,,nyse,2026-08-08T04:28:24,,,
ZIVO,ZIVO,2021-06-08,15:57:20,,LUDP,LULD pause,"Zivo Bioscience, Inc. Common Stock",Nasdaq,2021-06-08,,16:00:00,,,,,,nyse,2026-08-08T04:28:24,,,
HCAP,HCAP,2021-06-08,19:46:01,,T1,News pending,Harvest Capital Credit Corporation,Nasdaq,,,,,,,,,nyse,2026-08-08T04:28:24,no_reanudo,,
TCF,TCF,2021-06-08,19:46:01,,T1,News pending,TCF Financial Corporation Common Stock,Nasdaq,,,,,,,,,nyse,2026-08-08T04:28:24,no_reanudo,,
TCFCP,TCFCP,2021-06-08,19:46:01,,T1,News pending,TCF Financial Corporation Depositary Shares representing 5.70% Series C Non-Cumulative Preferred Sto,Nasdaq,,,,,,,,,nyse,2026-08-08T04:28:24,no_reanudo,,
GLOG,GLOG,2021-06-09,08:23:41,,UNKNOWN,Merger Effective,GASLOG LTD,NYSE,,,,,,,,,nyse,2026-08-08T04:28:24,no_reanudo,,
HCAPZ,HCAPZ,2021-06-09,08:48:12,,T1,News pending,Harvest Capital Credit Corporation 6.125% Notes due 2022,Nasdaq,2021-06-10,,07:10:00,,,,,,nyse,2026-08-08T04:28:24,,,
AEHL,AEHL,2021-06-09,09:40:34,,LUDP,LULD pause,Antelope Enterprise Holdings Limited Common Stock (0.024 par),Nasdaq,2021-06-09,,09:45:34,,,,,,nyse,2026-08-08T04:28:24,,,
SLNG,SLNG,2021-06-09,09:41:29,,LUDP,LULD pause,"Stabilis Solutions, Inc. Common Stock",Nasdaq,2021-06-09,,09:46:29,,,,,,nyse,2026-08-08T04:28:24,,,
GEO,GEO,2021-06-09,09:51:05,,LUDP,LULD pause,"The GEO Group, Inc.",NYSE,2021-06-09,,09:56:07,,,,,,nyse,2026-08-08T04:28:24,,,
GENE,GENE,2021-06-09,11:09:51,,LUDP,LULD pause,Genetic Technologies Ltd.,Nasdaq,2021-06-09,,11:14:51,,,,,,nyse,2026-08-08T04:28:24,,,
VENA,VENA,2021-06-10,09:00:18,,T1,News pending,Venus Acquisition Corporation Ordinary Shares,Nasdaq,2021-06-10,,09:50:00,,,,,,nyse,2026-08-08T04:28:24,,,
VENAR,VENAR,2021-06-10,09:00:18,,T1,News pending,Venus Acquisition Corporation Rights,Nasdaq,2021-06-10,,09:58:24,,,,,,nyse,2026-08-08T04:28:24,,,
VENAU,VENAU,2021-06-10,09:00:18,,T1,News pending,Venus Acquisition Corporation Units,Nasdaq,2021-06-10,,09:51:00,,,,,,nyse,2026-08-08T04:28:24,,,
VENAW,VENAW,2021-06-10,09:00:18,,T1,News pending,Venus Acquisition Corporation Warrant,Nasdaq,2021-06-10,,09:54:57,,,,,,nyse,2026-08-08T04:28:24,,,
HBANM,HBANM,2021-06-10,09:35:14,,LUDP,LULD pause,Huntington Bancshares Incorporated Depositary Shares each representing a 1/1000th interest in a shar,Nasdaq,2021-06-10,,09:40:14,,,,,,nyse,2026-08-08T04:28:24,,,
OSAT,OSAT,2021-06-10,09:43:03,,LUDP,LULD pause,Orbsat Corp Common Stock,Nasdaq,2021-06-10,,09:48:03,,,,,,nyse,2026-08-08T04:28:24,,,
SPRT,SPRT,2021-06-10,09:45:57,,LUDP,LULD pause,"support.com, Inc.",Nasdaq,2021-06-10,,09:55:57,,,,,,nyse,2026-08-08T04:28:24,,,
ORPH,ORPH,2021-06-10,10:53:51,,LUDP,LULD pause,Orphazyme A/S,Nasdaq,2021-06-10,,10:58:51,,,,,,nyse,2026-08-08T04:28:24,,,
ORPH,ORPH,2021-06-10,11:19:30,,LUDP,LULD pause,Orphazyme A/S,Nasdaq,2021-06-10,,11:29:30,,,,,,nyse,2026-08-08T04:28:24,,,
ORPH,ORPH,2021-06-10,11:29:57,,LUDP,LULD pause,Orphazyme A/S,Nasdaq,2021-06-10,,11:39:57,,,,,,nyse,2026-08-08T04:28:24,,,
ORPH,ORPH,2021-06-10,11:40:53,,LUDP,LULD pause,Orphazyme A/S,Nasdaq,2021-06-10,,11:45:53,,,,,,nyse,2026-08-08T04:28:24,,,
ORPH,ORPH,2021-06-10,11:46:31,,LUDP,LULD pause,Orphazyme A/S,Nasdaq,2021-06-10,,11:51:31,,,,,,nyse,2026-08-08T04:28:24,,,
ORPH,ORPH,2021-06-10,11:51:54,,LUDP,LULD pause,Orphazyme A/S,Nasdaq,2021-06-10,,12:01:54,,,,,,nyse,2026-08-08T04:28:24,,,
SRACU,SRACU,2021-06-10,11:52:18,,LUDP,LULD pause,Stable Road Acquisition Corp. Unit,Nasdaq,2021-06-10,,11:57:18,,,,,,nyse,2026-08-08T04:28:24,,,
ORPH,ORPH,2021-06-10,12:05:47,,LUDP,LULD pause,Orphazyme A/S,Nasdaq,2021-06-10,,12:10:47,,,,,,nyse,2026-08-08T04:28:24,,,
ORPH,ORPH,2021-06-10,12:13:16,,LUDP,LULD pause,Orphazyme A/S,Nasdaq,2021-06-10,,12:23:16,,,,,,nyse,2026-08-08T04:28:24,,,
ORPH,ORPH,2021-06-10,12:26:20,,LUDP,LULD pause,Orphazyme A/S,Nasdaq,2021-06-10,,12:31:20,,,,,,nyse,2026-08-08T04:28:24,,,
ORPH,ORPH,2021-06-10,12:32:07,,LUDP,LULD pause,Orphazyme A/S,Nasdaq,2021-06-10,,12:42:08,,,,,,nyse,2026-08-08T04:28:24,,,
ORPH,ORPH,2021-06-10,12:42:29,,LUDP,LULD pause,Orphazyme A/S,Nasdaq,2021-06-10,,13:03:51,,,,,,nyse,2026-08-08T04:28:24,,,
ORPH,ORPH,2021-06-10,13:04:07,,LUDP,LULD pause,Orphazyme A/S,Nasdaq,2021-06-10,,13:09:07,,,,,,nyse,2026-08-08T04:28:24,,,
ORPH,ORPH,2021-06-10,13:09:43,,LUDP,LULD pause,Orphazyme A/S,Nasdaq,2021-06-10,,13:19:44,,,,,,nyse,2026-08-08T04:28:24,,,
FWP,FWP,2021-06-10,13:10:31,,LUDP,LULD pause,Forward Pharma A/S American Depositary Shares,Nasdaq,2021-06-10,,13:20:31,,,,,,nyse,2026-08-08T04:28:24,,,
ORPH,ORPH,2021-06-10,13:20:08,,LUDP,LULD pause,Orphazyme A/S,Nasdaq,2021-06-10,,13:37:36,,,,,,nyse,2026-08-08T04:28:24,,,
ORPH,ORPH,2021-06-10,13:38:09,,LUDP,LULD pause,Orphazyme A/S,Nasdaq,2021-06-10,,13:48:12,,,,,,nyse,2026-08-08T04:28:24,,,
VLON,VLON,2021-06-10,13:46:22,,LUDP,LULD pause,Vallon Pharmaceuticals Inc. Common Stock,Nasdaq,2021-06-10,,13:51:22,,,,,,nyse,2026-08-08T04:28:24,,,
ORPH,ORPH,2021-06-10,13:48:45,,LUDP,LULD pause,Orphazyme A/S,Nasdaq,2021-06-10,,14:03:25,,,,,,nyse,2026-08-08T04:28:24,,,
ORPH,ORPH,2021-06-10,14:03:45,,LUDP,LULD pause,Orphazyme A/S,Nasdaq,2021-06-10,,14:18:46,,,,,,nyse,2026-08-08T04:28:24,,,
GLTO,GLTO,2021-06-10,14:07:15,,LUDP,LULD pause,"Galecto, Inc. Common Stock",Nasdaq,2021-06-10,,14:22:16,,,,,,nyse,2026-08-08T04:28:24,,,
IKNX,IKNX,2021-06-10,14:12:56,,LUDP,LULD pause,Ikonics Corp,Nasdaq,2021-06-10,,14:17:56,,,,,,nyse,2026-08-08T04:28:24,,,
ORPH,ORPH,2021-06-10,14:19:03,,LUDP,LULD pause,Orphazyme A/S,Nasdaq,2021-06-10,,14:29:03,,,,,,nyse,2026-08-08T04:28:24,,,
VRPX,VRPX,2021-06-10,14:20:10,,LUDP,LULD pause,"Virpax Pharmaceuticals, Inc. Common Stock",Nasdaq,2021-06-10,,14:30:10,,,,,,nyse,2026-08-08T04:28:24,,,
KZIA,KZIA,2021-06-10,14:22:20,,LUDP,LULD pause,Kazia Therapeutics Limited American Depositary Shares,Nasdaq,2021-06-10,,14:32:20,,,,,,nyse,2026-08-08T04:28:24,,,
GLTO,GLTO,2021-06-10,14:23:12,,LUDP,LULD pause,"Galecto, Inc. Common Stock",Nasdaq,2021-06-10,,14:43:12,,,,,,nyse,2026-08-08T04:28:24,,,
EVAX,EVAX,2021-06-10,14:27:35,,LUDP,LULD pause,Evaxion Biotech A/S American Depositary Share,Nasdaq,2021-06-10,,14:32:35,,,,,,nyse,2026-08-08T04:28:24,,,
ORPH,ORPH,2021-06-10,14:29:18,,LUDP,LULD pause,Orphazyme A/S,Nasdaq,2021-06-10,,15:24:19,,,,,,nyse,2026-08-08T04:28:24,,,
EVAX,EVAX,2021-06-10,14:33:31,,LUDP,LULD pause,Evaxion Biotech A/S American Depositary Share,Nasdaq,2021-06-10,,14:38:31,,,,,,nyse,2026-08-08T04:28:24,,,
GLTO,GLTO,2021-06-10,14:43:38,,LUDP,LULD pause,"Galecto, Inc. Common Stock",Nasdaq,2021-06-10,,14:48:38,,,,,,nyse,2026-08-08T04:28:24,,,
GLTO,GLTO,2021-06-10,14:48:54,,LUDP,LULD pause,"Galecto, Inc. Common Stock",Nasdaq,2021-06-10,,14:59:31,,,,,,nyse,2026-08-08T04:28:24,,,
NVCN,NVCN,2021-06-10,14:57:54,,T1,News pending,Neovasc Inc.,Nasdaq,2021-06-10,,15:30:00,,,,,,nyse,2026-08-08T04:28:24,,,
GLTO,GLTO,2021-06-10,14:59:53,,LUDP,LULD pause,"Galecto, Inc. Common Stock",Nasdaq,2021-06-10,,15:09:53,,,,,,nyse,2026-08-08T04:28:24,,,
GLTO,GLTO,2021-06-10,15:10:11,,LUDP,LULD pause,"Galecto, Inc. Common Stock",Nasdaq,2021-06-10,,15:15:11,,,,,,nyse,2026-08-08T04:28:24,,,
GLTO,GLTO,2021-06-10,15:15:31,,LUDP,LULD pause,"Galecto, Inc. Common Stock",Nasdaq,2021-06-10,,15:41:45,,,,,,nyse,2026-08-08T04:28:24,,,
ORPH,ORPH,2021-06-10,15:24:41,,LUDP,LULD pause,Orphazyme A/S,Nasdaq,2021-06-10,,15:29:41,,,,,,nyse,2026-08-08T04:28:24,,,
ORPH,ORPH,2021-06-10,15:30:01,,LUDP,LULD pause,Orphazyme A/S,Nasdaq,2021-06-10,,15:40:02,,,,,,nyse,2026-08-08T04:28:24,,,
BMRA,BMRA,2021-06-10,15:32:18,,LUDP,LULD pause,BIOMERICA INC,Nasdaq,2021-06-10,,15:42:18,,,,,,nyse,2026-08-08T04:28:24,,,
LXEH,LXEH,2021-06-10,15:32:48,,LUDP,LULD pause,"Lixiang Education Holding Co., Ltd. American Depositary Shares",Nasdaq,2021-06-10,,15:42:48,,,,,,nyse,2026-08-08T04:28:24,,,
ORPH,ORPH,2021-06-10,15:40:31,,LUDP,LULD pause,Orphazyme A/S,Nasdaq,2021-06-10,,16:00:00,,,,,,nyse,2026-08-08T04:28:24,,,
GLTO,GLTO,2021-06-10,15:45:13,,LUDP,LULD pause,"Galecto, Inc. Common Stock",Nasdaq,2021-06-10,,16:00:00,,,,,,nyse,2026-08-08T04:28:24,,,
INDI,INDI,2021-06-11,04:00:00,,T1,News pending,"indie Semiconductor, Inc. Class A Common Stock",Nasdaq,2021-06-11,,09:45:00,,,,,,nyse,2026-08-08T04:28:24,,,
INDIW,INDIW,2021-06-11,04:00:00,,T1,News pending,"indie Semiconductor, Inc. Warrant",Nasdaq,2021-06-11,,09:46:15,,,,,,nyse,2026-08-08T04:28:24,,,
SQFTP,SQFTP,2021-06-11,04:00:00,,T1,News pending,"Presidio Property Trust, Inc. 9.375% Series D Cumulative Redeemable Perpetual Preferred Stock, $0.01",Nasdaq,2021-06-11,,09:45:00,,,,,,nyse,2026-08-08T04:28:24,,,
ICON,ICON,2021-06-11,08:25:01,,T1,News pending,"Iconix Brand Group, Inc.",Nasdaq,2021-06-11,,09:50:00,,,,,,nyse,2026-08-08T04:28:24,,,
WIL,WIL,2021-06-11,09:30:19,,LUDP,LULD pause,iPath Women in Leadership ETN,Cboe BZX,2021-06-11,,09:35:19,,,,,,nyse,2026-08-08T04:28:24,,,
ORPH,ORPH,2021-06-11,09:31:42,,LUDP,LULD pause,Orphazyme A/S,Nasdaq,2021-06-11,,09:41:43,,,,,,nyse,2026-08-08T04:28:24,,,
CMMB,CMMB,2021-06-11,09:38:11,,LUDP,LULD pause,Chemomab Therapeutics Ltd. American Depositary Share,Nasdaq,2021-06-11,,09:43:11,,,,,,nyse,2026-08-08T04:28:24,,,
GLTO,GLTO,2021-06-11,09:42:15,,LUDP,LULD pause,"Galecto, Inc. Common Stock",Nasdaq,2021-06-11,,09:47:15,,,,,,nyse,2026-08-08T04:28:24,,,
ORPH,ORPH,2021-06-11,09:44:26,,LUDP,LULD pause,Orphazyme A/S,Nasdaq,2021-06-11,,09:54:26,,,,,,nyse,2026-08-08T04:28:24,,,
ORPH,ORPH,2021-06-11,09:55:04,,LUDP,LULD pause,Orphazyme A/S,Nasdaq,2021-06-11,,10:05:04,,,,,,nyse,2026-08-08T04:28:24,,,
ORPH,ORPH,2021-06-11,10:05:30,,LUDP,LULD pause,Orphazyme A/S,Nasdaq,2021-06-11,,10:15:30,,,,,,nyse,2026-08-08T04:28:24,,,
RCON,RCON,2021-06-11,10:06:02,,LUDP,LULD pause,"Recon Technology, Ltd. Class A Ordinary Shares",Nasdaq,2021-06-11,,10:11:02,,,,,,nyse,2026-08-08T04:28:24,,,
RCON,RCON,2021-06-11,10:11:38,,LUDP,LULD pause,"Recon Technology, Ltd. Class A Ordinary Shares",Nasdaq,2021-06-11,,10:16:38,,,,,,nyse,2026-08-08T04:28:24,,,
ORPH,ORPH,2021-06-11,10:16:37,,LUDP,LULD pause,Orphazyme A/S,Nasdaq,2021-06-11,,10:21:37,,,,,,nyse,2026-08-08T04:28:24,,,
RCON,RCON,2021-06-11,10:20:57,,LUDP,LULD pause,"Recon Technology, Ltd. Class A Ordinary Shares",Nasdaq,2021-06-11,,10:25:57,,,,,,nyse,2026-08-08T04:28:24,,,
ORPH,ORPH,2021-06-11,10:27:38,,LUDP,LULD pause,Orphazyme A/S,Nasdaq,2021-06-11,,10:32:38,,,,,,nyse,2026-08-08T04:28:24,,,
RCON,RCON,2021-06-11,10:30:22,,LUDP,LULD pause,"Recon Technology, Ltd. Class A Ordinary Shares",Nasdaq,2021-06-11,,10:35:22,,,,,,nyse,2026-08-08T04:28:24,,,
RCON,RCON,2021-06-11,10:36:00,,LUDP,LULD pause,"Recon Technology, Ltd. Class A Ordinary Shares",Nasdaq,2021-06-11,,10:41:00,,,,,,nyse,2026-08-08T04:28:24,,,
RCON,RCON,2021-06-11,10:42:15,,LUDP,LULD pause,"Recon Technology, Ltd. Class A Ordinary Shares",Nasdaq,2021-06-11,,10:47:15,,,,,,nyse,2026-08-08T04:28:24,,,
JANX,JANX,2021-06-11,10:58:25,,LUDP,LULD pause,"Janux Therapeutics, Inc. Common Stock",Nasdaq,2021-06-11,,11:03:25,,,,,,nyse,2026-08-08T04:28:24,,,
PCTTU,PCTTU,2021-06-11,11:21:12,,LUDP,LULD pause,"PureCycle Technologies, Inc. Unit",Nasdaq,2021-06-11,,11:26:12,,,,,,nyse,2026-08-08T04:28:24,,,
RCON,RCON,2021-06-11,11:36:11,,LUDP,LULD pause,"Recon Technology, Ltd. Class A Ordinary Shares",Nasdaq,2021-06-11,,11:41:11,,,,,,nyse,2026-08-08T04:28:24,,,
COHN,COHN,2021-06-11,11:55:58,,LUDP,LULD pause,Cohen & Company Inc,NYSE American,2021-06-11,,12:06:22,,,,,,nyse,2026-08-08T04:28:24,,,
COHN,COHN,2021-06-11,12:07:47,,LUDP,LULD pause,Cohen & Company Inc,NYSE American,2021-06-11,,12:12:47,,,,,,nyse,2026-08-08T04:28:24,,,
SIEB,SIEB,2021-06-11,12:18:24,,LUDP,LULD pause,Siebert Financial Corp,Nasdaq,2021-06-11,,12:23:24,,,,,,nyse,2026-08-08T04:28:24,,,
MDLA,MDLA,2021-06-11,12:59:57,,LUDP,LULD pause,"Medallia, Inc.",NYSE,2021-06-11,,13:04:59,,,,,,nyse,2026-08-08T04:28:24,,,
SSPKU,SSPKU,2021-06-11,13:53:49,,LUDP,LULD pause,Silver Spike Acquisition Corp. Units,Nasdaq,2021-06-11,,13:58:49,,,,,,nyse,2026-08-08T04:28:24,,,
PW,PW,2021-06-11,14:09:19,,T1,News pending,Power REIT,NYSE American,2021-06-11,,14:45:01,,,,,,nyse,2026-08-08T04:28:24,,,
PW.PRA,PW PRA,2021-06-11,14:09:19,,T1,News pending,"Power REIT  7.75% Series A Cumulative Redeemable Perpetual Preferred Stock, Liquidation Preference $",NYSE American,2021-06-11,,14:45:00,,,,,,nyse,2026-08-08T04:28:24,,,
LXEH,LXEH,2021-06-11,14:29:46,,LUDP,LULD pause,"Lixiang Education Holding Co., Ltd. American Depositary Shares",Nasdaq,2021-06-11,,14:34:46,,,,,,nyse,2026-08-08T04:28:24,,,
BAOS,BAOS,2021-06-11,15:54:13,,LUDP,LULD pause,Baosheng Media Group Holdings Limited Ordinary shares,Nasdaq,2021-06-11,,16:00:00,,,,,,nyse,2026-08-08T04:28:24,,,
WPG,WPG,2021-06-14,03:50:10,,T1,News pending,Washington Prime Group Inc.,NYSE,2021-06-14,,09:34:11,,,,,,nyse,2026-08-08T04:28:24,,,
WPG.PRH,WPG PRH,2021-06-14,03:50:10,,T1,News pending,Washington Prime Group Inc. 7.5% Series H Cumulative Redeemable Preferred Shares of Beneficial Inter,NYSE,2021-06-14,,09:35:30,,,,,,nyse,2026-08-08T04:28:24,,,
WPG.PRI,WPG PRI,2021-06-14,03:50:10,,T1,News pending,Washington Prime Group Inc. 6.875% Series I Cumulative Redeemable Preferred Shares of Beneficial Int,NYSE,2021-06-14,,09:36:09,,,,,,nyse,2026-08-08T04:28:24,,,
ATXI,ATXI,2021-06-14,06:56:03,,T1,News pending,"Avenue Therapeutics, Inc. Common Stock",Nasdaq,2021-06-14,,07:30:00,,,,,,nyse,2026-08-08T04:28:24,,,
TERN,TERN,2021-06-14,07:03:09,,T1,News pending,"Terns Pharmaceuticals, Inc. Common Stock",Nasdaq,2021-06-14,,07:35:00,,,,,,nyse,2026-08-08T04:28:24,,,
LEAF,LEAF,2021-06-14,08:42:23,,UNKNOWN,Merger Effective,Leaf Group Ltd.,NYSE,,,,,,,,,nyse,2026-08-08T04:28:24,no_reanudo,,
AVCO,AVCO,2021-06-14,08:54:04,,T1,News pending,Avalon GloboCare Corp. Common Stock,Nasdaq,2021-06-14,,09:50:00,,,,,,nyse,2026-08-08T04:28:24,,,
BZ,BZ,2021-06-14,09:32:07,,LUDP,LULD pause,KANZHUN LIMITED American Depository Shares,Nasdaq,2021-06-14,,09:37:07,,,,,,nyse,2026-08-08T04:28:24,,,
WPG,WPG,2021-06-14,09:34:28,,LUDP,LULD pause,Washington Prime Group Inc.,NYSE,2021-06-14,,09:39:34,,,,,,nyse,2026-08-08T04:28:24,,,
WPG.PRI,WPG PRI,2021-06-14,09:36:24,,LUDP,LULD pause,Washington Prime Group Inc. 6.875% Series I Cumulative Redeemable Preferred Shares of Beneficial Int,NYSE,2021-06-14,,09:41:24,,,,,,nyse,2026-08-08T04:28:24,,,
WPG.PRH,WPG PRH,2021-06-14,09:38:52,,LUDP,LULD pause,Washington Prime Group Inc. 7.5% Series H Cumulative Redeemable Preferred Shares of Beneficial Inter,NYSE,2021-06-14,,09:43:52,,,,,,nyse,2026-08-08T04:28:24,,,
WPG,WPG,2021-06-14,09:40:54,,LUDP,LULD pause,Washington Prime Group Inc.,NYSE,2021-06-14,,09:46:03,,,,,,nyse,2026-08-08T04:28:24,,,
CMII,CMII,2021-06-14,09:41:12,,LUDP,LULD pause,CM Life Sciences II Inc. Class A Common Stock,Nasdaq,2021-06-14,,09:46:12,,,,,,nyse,2026-08-08T04:28:24,,,
WPG,WPG,2021-06-14,09:46:37,,LUDP,LULD pause,Washington Prime Group Inc.,NYSE,2021-06-14,,09:51:40,,,,,,nyse,2026-08-08T04:28:24,,,
WPG,WPG,2021-06-14,09:52:42,,LUDP,LULD pause,Washington Prime Group Inc.,NYSE,2021-06-14,,09:57:45,,,,,,nyse,2026-08-08T04:28:24,,,
WPG,WPG,2021-06-14,09:58:46,,LUDP,LULD pause,Washington Prime Group Inc.,NYSE,2021-06-14,,10:03:48,,,,,,nyse,2026-08-08T04:28:24,,,
RAPT,RAPT,2021-06-14,10:06:42,,LUDP,LULD pause,"RAPT Therapeutics, Inc. Common Stock",Nasdaq,2021-06-14,,10:11:42,,,,,,nyse,2026-08-08T04:28:24,,,
WPG,WPG,2021-06-14,10:25:02,,LUDP,LULD pause,Washington Prime Group Inc.,NYSE,2021-06-14,,10:30:48,,,,,,nyse,2026-08-08T04:28:24,,,
CNEY,CNEY,2021-06-14,12:03:46,,LUDP,LULD pause,CN Energy Group Inc. Ordinary Shares,Nasdaq,2021-06-14,,12:13:46,,,,,,nyse,2026-08-08T04:28:24,,,
NRBO,NRBO,2021-06-14,12:43:54,,LUDP,LULD pause,"NeuroBo Pharmaceuticals, Inc. Common Stock",Nasdaq,2021-06-14,,13:03:55,,,,,,nyse,2026-08-08T04:28:24,,,
NRBO,NRBO,2021-06-14,13:04:47,,LUDP,LULD pause,"NeuroBo Pharmaceuticals, Inc. Common Stock",Nasdaq,2021-06-14,,13:09:47,,,,,,nyse,2026-08-08T04:28:24,,,
NRBO,NRBO,2021-06-14,13:11:35,,LUDP,LULD pause,"NeuroBo Pharmaceuticals, Inc. Common Stock",Nasdaq,2021-06-14,,13:16:35,,,,,,nyse,2026-08-08T04:28:24,,,
WAFU,WAFU,2021-06-14,13:19:26,,LUDP,LULD pause,Wah Fu Education Group Limited Ordinary Shares,Nasdaq,2021-06-14,,13:24:26,,,,,,nyse,2026-08-08T04:28:24,,,
WAFU,WAFU,2021-06-14,13:25:00,,LUDP,LULD pause,Wah Fu Education Group Limited Ordinary Shares,Nasdaq,2021-06-14,,13:35:00,,,,,,nyse,2026-08-08T04:28:24,,,
FSLF,FSLF,2021-06-14,14:02:36,,T1,News pending,First Eagle Senior Loan Fund,NYSE,2021-06-14,,14:21:59,,,,,,nyse,2026-08-08T04:28:24,,,
ENOB,ENOB,2021-06-14,14:53:47,,LUDP,LULD pause,Enochian Biosciences Inc. Common Shares,Nasdaq,2021-06-14,,14:58:47,,,,,,nyse,2026-08-08T04:28:24,,,
KERN,KERN,2021-06-14,15:16:38,,LUDP,LULD pause,Akerna Corp. Common Stock,Nasdaq,2021-06-14,,15:21:38,,,,,,nyse,2026-08-08T04:28:24,,,
SGRP,SGRP,2021-06-14,16:01:25,,T1,News pending,SPAR Group Inc,Nasdaq,2021-06-14,,17:05:00,,,,,,nyse,2026-08-08T04:28:24,,,
HUT,HUT,2021-06-15,04:00:00,,T1,News pending,Hut 8 Mining Corp. Common Shares,Nasdaq,2021-06-15,,09:45:00,,,,,,nyse,2026-08-08T04:28:24,,,
UFAB,UFAB,2021-06-15,09:36:19,,LUDP,LULD pause,"Unique Fabricating, Inc.",NYSE American,2021-06-15,,09:46:19,,,,,,nyse,2026-08-08T04:28:24,,,
HMG,HMG,2021-06-15,09:37:32,,LUDP,LULD pause,HMG / Courtland Properties Inc,NYSE American,2021-06-15,,09:47:32,,,,,,nyse,2026-08-08T04:28:24,,,
ALF,ALF,2021-06-15,09:42:04,,LUDP,LULD pause,"ALFI, Inc. Common Stock",Nasdaq,2021-06-15,,09:47:04,,,,,,nyse,2026-08-08T04:28:24,,,
XYF,XYF,2021-06-15,09:43:01,,LUDP,LULD pause,"X Financial American Depositary Shares, each representing six Class A Ordinary Shares",NYSE,2021-06-15,,09:48:08,,,,,,nyse,2026-08-08T04:28:24,,,
UFAB,UFAB,2021-06-15,09:46:53,,LUDP,LULD pause,"Unique Fabricating, Inc.",NYSE American,2021-06-15,,09:51:53,,,,,,nyse,2026-08-08T04:28:24,,,
HMG,HMG,2021-06-15,09:49:32,,LUDP,LULD pause,HMG / Courtland Properties Inc,NYSE American,2021-06-15,,09:59:32,,,,,,nyse,2026-08-08T04:28:24,,,
HMG,HMG,2021-06-15,09:59:50,,LUDP,LULD pause,HMG / Courtland Properties Inc,NYSE American,2021-06-15,,10:04:50,,,,,,nyse,2026-08-08T04:28:24,,,
XYF,XYF,2021-06-15,10:00:36,,LUDP,LULD pause,"X Financial American Depositary Shares, each representing six Class A Ordinary Shares",NYSE,2021-06-15,,10:06:04,,,,,,nyse,2026-08-08T04:28:24,,,
HMG,HMG,2021-06-15,10:05:51,,LUDP,LULD pause,HMG / Courtland Properties Inc,NYSE American,2021-06-15,,10:10:51,,,,,,nyse,2026-08-08T04:28:24,,,
HMG,HMG,2021-06-15,10:11:19,,LUDP,LULD pause,HMG / Courtland Properties Inc,NYSE American,2021-06-15,,10:16:19,,,,,,nyse,2026-08-08T04:28:24,,,
ALF,ALF,2021-06-15,10:12:23,,LUDP,LULD pause,"ALFI, Inc. Common Stock",Nasdaq,2021-06-15,,10:17:23,,,,,,nyse,2026-08-08T04:28:24,,,
HMG,HMG,2021-06-15,10:17:41,,LUDP,LULD pause,HMG / Courtland Properties Inc,NYSE American,2021-06-15,,10:22:41,,,,,,nyse,2026-08-08T04:28:24,,,
HMG,HMG,2021-06-15,10:26:29,,LUDP,LULD pause,HMG / Courtland Properties Inc,NYSE American,2021-06-15,,10:36:29,,,,,,nyse,2026-08-08T04:28:24,,,
ETON,ETON,2021-06-15,10:28:44,,T1,News pending,"Eton Pharmaceutcials, Inc. Common Stock",Nasdaq,2021-06-15,,11:10:00,,,,,,nyse,2026-08-08T04:28:24,,,
HMG,HMG,2021-06-15,10:37:22,,LUDP,LULD pause,HMG / Courtland Properties Inc,NYSE American,2021-06-15,,10:47:22,,,,,,nyse,2026-08-08T04:28:24,,,
ALZN,ALZN,2021-06-15,10:45:46,,LUDP,LULD pause,"Alzamend Neuro, Inc. Common Stock",Nasdaq,2021-06-15,,10:55:46,,,,,,nyse,2026-08-08T04:28:24,,,
HMG,HMG,2021-06-15,10:47:52,,LUDP,LULD pause,HMG / Courtland Properties Inc,NYSE American,2021-06-15,,10:52:52,,,,,,nyse,2026-08-08T04:28:24,,,
HMG,HMG,2021-06-15,10:54:09,,LUDP,LULD pause,HMG / Courtland Properties Inc,NYSE American,2021-06-15,,10:59:09,,,,,,nyse,2026-08-08T04:28:24,,,
ALZN,ALZN,2021-06-15,10:56:09,,LUDP,LULD pause,"Alzamend Neuro, Inc. Common Stock",Nasdaq,2021-06-15,,11:01:09,,,,,,nyse,2026-08-08T04:28:24,,,
ALZN,ALZN,2021-06-15,11:01:39,,LUDP,LULD pause,"Alzamend Neuro, Inc. Common Stock",Nasdaq,2021-06-15,,11:23:05,,,,,,nyse,2026-08-08T04:28:24,,,
HMG,HMG,2021-06-15,11:32:20,,LUDP,LULD pause,HMG / Courtland Properties Inc,NYSE American,2021-06-15,,11:42:20,,,,,,nyse,2026-08-08T04:28:24,,,
ALZN,ALZN,2021-06-15,11:36:06,,LUDP,LULD pause,"Alzamend Neuro, Inc. Common Stock",Nasdaq,2021-06-15,,11:56:07,,,,,,nyse,2026-08-08T04:28:24,,,
XYF,XYF,2021-06-15,11:38:45,,LUDP,LULD pause,"X Financial American Depositary Shares, each representing six Class A Ordinary Shares",NYSE,2021-06-15,,11:43:49,,,,,,nyse,2026-08-08T04:28:24,,,
HMG,HMG,2021-06-15,11:45:03,,LUDP,LULD pause,HMG / Courtland Properties Inc,NYSE American,2021-06-15,,11:50:03,,,,,,nyse,2026-08-08T04:28:24,,,
ALZN,ALZN,2021-06-15,11:58:12,,LUDP,LULD pause,"Alzamend Neuro, Inc. Common Stock",Nasdaq,2021-06-15,,12:08:12,,,,,,nyse,2026-08-08T04:28:24,,,
ALZN,ALZN,2021-06-15,12:08:45,,LUDP,LULD pause,"Alzamend Neuro, Inc. Common Stock",Nasdaq,2021-06-15,,12:13:45,,,,,,nyse,2026-08-08T04:28:24,,,
OBLN,OBLN,2021-06-15,12:28:12,,LUDP,LULD pause,"Obalon Therapeutics, Inc.",Nasdaq,2021-06-15,,12:38:13,,,,,,nyse,2026-08-08T04:28:24,,,
ALZN,ALZN,2021-06-15,13:03:00,,LUDP,LULD pause,"Alzamend Neuro, Inc. Common Stock",Nasdaq,2021-06-15,,13:08:00,,,,,,nyse,2026-08-08T04:28:24,,,
ALF,ALF,2021-06-15,13:16:50,,LUDP,LULD pause,"ALFI, Inc. Common Stock",Nasdaq,2021-06-15,,13:21:50,,,,,,nyse,2026-08-08T04:28:24,,,
ALZN,ALZN,2021-06-15,13:35:45,,LUDP,LULD pause,"Alzamend Neuro, Inc. Common Stock",Nasdaq,2021-06-15,,13:40:45,,,,,,nyse,2026-08-08T04:28:24,,,
STAY,STAY,2021-06-15,19:55:12,,T1,News pending,"Extended Stay America, Inc. Paired Share Unit",Nasdaq,,,,,,,,,nyse,2026-08-08T04:28:24,no_reanudo,,
ROCR,ROCR,2021-06-16,08:27:44,,T1,News pending,Roth CH Acquisition III Co. Common stock,Nasdaq,2021-06-16,,09:00:00,,,,,,nyse,2026-08-08T04:28:24,,,
ROCRU,ROCRU,2021-06-16,08:27:44,,T1,News pending,Roth CH Acquisition III Co. Unit,Nasdaq,2021-06-16,,09:00:00,,,,,,nyse,2026-08-08T04:28:24,,,
ROCRW,ROCRW,2021-06-16,08:27:44,,T1,News pending,Roth CH Acquisition III Co. Warrant,Nasdaq,2021-06-16,,09:00:00,,,,,,nyse,2026-08-08T04:28:24,,,
RSLS,RSLS,2021-06-16,09:32:27,,T1,News pending,"ReShape Lifesciences, Inc. Common Stock",Nasdaq,2021-06-16,,10:15:00,,,,,,nyse,2026-08-08T04:28:24,,,
MTSL,MTSL,2021-06-16,09:51:02,,LUDP,LULD pause,MER Telemanagement Solutions,Nasdaq,2021-06-16,,10:01:02,,,,,,nyse,2026-08-08T04:28:24,,,
AGMH,AGMH,2021-06-16,09:53:51,,LUDP,LULD pause,AGM Group Holdings Inc. Class A Ordinary Shares,Nasdaq,2021-06-16,,09:58:51,,,,,,nyse,2026-08-08T04:28:24,,,
OPT,OPT,2021-06-16,09:54:30,,LUDP,LULD pause,Opthea Limited American Depositary Shares,Nasdaq,2021-06-16,,09:59:30,,,,,,nyse,2026-08-08T04:28:24,,,
HOME,HOME,2021-06-16,09:57:23,,T1,News pending,At Home Group Inc.,NYSE,2021-06-16,,10:19:27,,,,,,nyse,2026-08-08T04:28:24,,,
OPT,OPT,2021-06-16,10:02:47,,LUDP,LULD pause,Opthea Limited American Depositary Shares,Nasdaq,2021-06-16,,10:15:17,,,,,,nyse,2026-08-08T04:28:24,,,
ALF,ALF,2021-06-16,10:04:52,,LUDP,LULD pause,"ALFI, Inc. Common Stock",Nasdaq,2021-06-16,,10:09:52,,,,,,nyse,2026-08-08T04:28:24,,,
ALF,ALF,2021-06-16,10:12:25,,LUDP,LULD pause,"ALFI, Inc. Common Stock",Nasdaq,2021-06-16,,10:17:25,,,,,,nyse,2026-08-08T04:28:24,,,
OPT,OPT,2021-06-16,10:16:11,,LUDP,LULD pause,Opthea Limited American Depositary Shares,Nasdaq,2021-06-16,,10:21:11,,,,,,nyse,2026-08-08T04:28:24,,,
OPT,OPT,2021-06-16,10:21:43,,LUDP,LULD pause,Opthea Limited American Depositary Shares,Nasdaq,2021-06-16,,10:26:43,,,,,,nyse,2026-08-08T04:28:24,,,
OPT,OPT,2021-06-16,10:41:08,,LUDP,LULD pause,Opthea Limited American Depositary Shares,Nasdaq,2021-06-16,,10:46:08,,,,,,nyse,2026-08-08T04:28:24,,,
VINO,VINO,2021-06-16,10:54:16,,LUDP,LULD pause,"Gaucho Group Holdings, Inc. Common Stock",Nasdaq,2021-06-16,,10:59:16,,,,,,nyse,2026-08-08T04:28:24,,,
ORPH,ORPH,2021-06-16,11:04:18,,LUDP,LULD pause,Orphazyme A/S,Nasdaq,2021-06-16,,11:09:18,,,,,,nyse,2026-08-08T04:28:24,,,
ORPH,ORPH,2021-06-16,11:09:50,,LUDP,LULD pause,Orphazyme A/S,Nasdaq,2021-06-16,,11:14:50,,,,,,nyse,2026-08-08T04:28:24,,,
ORPH,ORPH,2021-06-16,11:16:00,,LUDP,LULD pause,Orphazyme A/S,Nasdaq,2021-06-16,,11:26:00,,,,,,nyse,2026-08-08T04:28:24,,,
VINO,VINO,2021-06-16,11:16:03,,LUDP,LULD pause,"Gaucho Group Holdings, Inc. Common Stock",Nasdaq,2021-06-16,,11:21:03,,,,,,nyse,2026-08-08T04:28:24,,,
PCTTU,PCTTU,2021-06-16,11:48:56,,LUDP,LULD pause,"PureCycle Technologies, Inc. Unit",Nasdaq,2021-06-16,,11:53:56,,,,,,nyse,2026-08-08T04:28:24,,,
PCTTU,PCTTU,2021-06-16,11:54:22,,LUDP,LULD pause,"PureCycle Technologies, Inc. Unit",Nasdaq,2021-06-16,,11:59:22,,,,,,nyse,2026-08-08T04:28:24,,,
EXFO,EXFO,2021-06-16,12:21:13,,T1,News pending,EXFO INC.,Nasdaq,2021-06-16,,13:20:00,,,,,,nyse,2026-08-08T04:28:24,,,
VINO,VINO,2021-06-16,13:32:44,,LUDP,LULD pause,"Gaucho Group Holdings, Inc. Common Stock",Nasdaq,2021-06-16,,13:37:44,,,,,,nyse,2026-08-08T04:28:24,,,
VINO,VINO,2021-06-16,15:38:10,,LUDP,LULD pause,"Gaucho Group Holdings, Inc. Common Stock",Nasdaq,2021-06-16,,15:43:10,,,,,,nyse,2026-08-08T04:28:24,,,
VINO,VINO,2021-06-16,15:48:19,,LUDP,LULD pause,"Gaucho Group Holdings, Inc. Common Stock",Nasdaq,2021-06-16,,16:00:00,,,,,,nyse,2026-08-08T04:28:24,,,
IMMP,IMMP,2021-06-16,18:31:53,,T1,News pending,Immutep Limited American Depositary Shares,Nasdaq,2021-06-21,,07:15:00,,,,,,nyse,2026-08-08T04:28:24,,,
IPSC,IPSC,2021-06-17,04:00:00,,T1,News pending,"Century Therapeutics, Inc. Common Stock",Nasdaq,,,,,,,,,nyse,2026-08-08T04:28:24,reanudo,2021-06-18,12:11
BROG,BROG,2021-06-17,09:30:33,,LUDP,LULD pause,Brooge Energy Limited Ordinary Shares,Nasdaq,2021-06-17,,09:35:33,,,,,,nyse,2026-08-08T04:28:24,,,
VINO,VINO,2021-06-17,09:31:40,,LUDP,LULD pause,"Gaucho Group Holdings, Inc. Common Stock",Nasdaq,2021-06-17,,09:41:40,,,,,,nyse,2026-08-08T04:28:24,,,
GHVIU,GHVIU,2021-06-17,09:36:15,,LUDP,LULD pause,"Gores Holdings VI, Inc. Unit",Nasdaq,2021-06-17,,09:41:15,,,,,,nyse,2026-08-08T04:28:24,,,
VINO,VINO,2021-06-17,09:42:16,,LUDP,LULD pause,"Gaucho Group Holdings, Inc. Common Stock",Nasdaq,2021-06-17,,09:47:16,,,,,,nyse,2026-08-08T04:28:24,,,
THCBU,THCBU,2021-06-17,09:45:08,,LUDP,LULD pause,Tuscan Holdings Corp. Unit,Nasdaq,2021-06-17,,09:50:08,,,,,,nyse,2026-08-08T04:28:24,,,
VINO,VINO,2021-06-17,09:47:53,,LUDP,LULD pause,"Gaucho Group Holdings, Inc. Common Stock",Nasdaq,2021-06-17,,09:52:53,,,,,,nyse,2026-08-08T04:28:24,,,
UTME,UTME,2021-06-17,09:49:53,,LUDP,LULD pause,UTime Limited Ordinary Shares,Nasdaq,2021-06-17,,10:10:58,,,,,,nyse,2026-08-08T04:28:24,,,
AGMH,AGMH,2021-06-17,09:53:38,,LUDP,LULD pause,AGM Group Holdings Inc. Class A Ordinary Shares,Nasdaq,2021-06-17,,09:58:38,,,,,,nyse,2026-08-08T04:28:24,,,
UTME,UTME,2021-06-17,10:11:52,,LUDP,LULD pause,UTime Limited Ordinary Shares,Nasdaq,2021-06-17,,10:16:52,,,,,,nyse,2026-08-08T04:28:24,,,
APOP,APOP,2021-06-17,10:21:20,,LUDP,LULD pause,Cellect Biotechnology Ltd. American Depositary Shares,Nasdaq,2021-06-17,,10:26:20,,,,,,nyse,2026-08-08T04:28:24,,,
UTME,UTME,2021-06-17,10:54:56,,LUDP,LULD pause,UTime Limited Ordinary Shares,Nasdaq,2021-06-17,,10:59:56,,,,,,nyse,2026-08-08T04:28:24,,,
UTME,UTME,2021-06-17,11:00:49,,LUDP,LULD pause,UTime Limited Ordinary Shares,Nasdaq,2021-06-17,,11:10:49,,,,,,nyse,2026-08-08T04:28:24,,,
UTME,UTME,2021-06-17,11:11:15,,LUDP,LULD pause,UTime Limited Ordinary Shares,Nasdaq,2021-06-17,,11:21:15,,,,,,nyse,2026-08-08T04:28:24,,,
UTME,UTME,2021-06-17,11:22:07,,LUDP,LULD pause,UTime Limited Ordinary Shares,Nasdaq,2021-06-17,,11:27:07,,,,,,nyse,2026-08-08T04:28:24,,,
UTME,UTME,2021-06-17,11:27:51,,LUDP,LULD pause,UTime Limited Ordinary Shares,Nasdaq,2021-06-17,,11:32:51,,,,,,nyse,2026-08-08T04:28:24,,,
AGMH,AGMH,2021-06-17,11:31:44,,LUDP,LULD pause,AGM Group Holdings Inc. Class A Ordinary Shares,Nasdaq,2021-06-17,,11:41:44,,,,,,nyse,2026-08-08T04:28:24,,,
UTME,UTME,2021-06-17,11:33:30,,LUDP,LULD pause,UTime Limited Ordinary Shares,Nasdaq,2021-06-17,,11:38:30,,,,,,nyse,2026-08-08T04:28:24,,,
UTME,UTME,2021-06-17,11:39:10,,LUDP,LULD pause,UTime Limited Ordinary Shares,Nasdaq,2021-06-17,,11:44:10,,,,,,nyse,2026-08-08T04:28:24,,,
UTME,UTME,2021-06-17,12:01:22,,LUDP,LULD pause,UTime Limited Ordinary Shares,Nasdaq,2021-06-17,,12:06:22,,,,,,nyse,2026-08-08T04:28:24,,,
AGMH,AGMH,2021-06-17,12:07:05,,LUDP,LULD pause,AGM Group Holdings Inc. Class A Ordinary Shares,Nasdaq,2021-06-17,,12:17:05,,,,,,nyse,2026-08-08T04:28:24,,,
AGMH,AGMH,2021-06-17,12:25:46,,LUDP,LULD pause,AGM Group Holdings Inc. Class A Ordinary Shares,Nasdaq,2021-06-17,,12:30:46,,,,,,nyse,2026-08-08T04:28:24,,,
ORPH,ORPH,2021-06-17,14:02:24,,LUDP,LULD pause,Orphazyme A/S,Nasdaq,2021-06-17,,14:07:24,,,,,,nyse,2026-08-08T04:28:24,,,
SYKE,SYKE,2021-06-18,06:55:04,,T1,News pending,SYKES Enterprises Inc,Nasdaq,2021-06-18,,07:30:00,,,,,,nyse,2026-08-08T04:28:24,,,
UCIB,UCIB,2021-06-18,09:31:47,,LUDP,LULD pause,"ETRACS UBS Bloomberg Constant Maturity Commodity Index (CMCI) Total Return ETN Series B due April 5,",NYSE Arca,2021-06-18,,09:36:47,,,,,,nyse,2026-08-08T04:28:24,,,
ALF,ALF,2021-06-18,09:34:18,,LUDP,LULD pause,"ALFI, Inc. Common Stock",Nasdaq,2021-06-18,,09:39:18,,,,,,nyse,2026-08-08T04:28:24,,,
BPTS,BPTS,2021-06-18,09:54:37,,LUDP,LULD pause,Biophytis SA ADS,Nasdaq,2021-06-18,,10:04:37,,,,,,nyse,2026-08-08T04:28:24,,,
CRSAU,CRSAU,2021-06-18,09:57:22,,LUDP,LULD pause,Crescent Acquisition Corp Unit,Nasdaq,2021-06-18,,10:02:22,,,,,,nyse,2026-08-08T04:28:24,,,
CRSAU,CRSAU,2021-06-18,10:02:43,,LUDP,LULD pause,Crescent Acquisition Corp Unit,Nasdaq,2021-06-18,,10:07:43,,,,,,nyse,2026-08-08T04:28:24,,,
NC,NC,2021-06-18,12:01:38,,T1,News pending,"NACCO Industries, Inc.",NYSE,2021-06-18,,12:25:55,,,,,,nyse,2026-08-08T04:28:24,,,
CYT,CYT,2021-06-18,12:42:52,,LUDP,LULD pause,"Cyteir Therapeutics, Inc. Common Stock",Nasdaq,2021-06-18,,12:47:52,,,,,,nyse,2026-08-08T04:28:24,,,
RHE.PRA,RHE PRA,2021-06-18,15:39:18,,LUDP,LULD pause,"Regional Health Properties, Inc. Regional Health Properties, Inc. 10.875 percent Series A Cumulative",NYSE American,2021-06-18,,15:44:18,,,,,,nyse,2026-08-08T04:28:24,,,
IPSC,IPSC,2021-06-18,15:58:43,,LUDP,LULD pause,"Century Therapeutics, Inc. Common Stock",Nasdaq,2021-06-18,,16:00:00,,,,,,nyse,2026-08-08T04:28:24,,,
CATM,CATM,2021-06-18,19:48:01,,T1,News pending,Cardtronics plc Class A Ordinary Shares (UK),Nasdaq,,,,,,,,,nyse,2026-08-08T04:28:24,no_reanudo,,
BITF,BITF,2021-06-21,04:00:00,,T1,News pending,Bitfarms Ltd. Common Stock,Nasdaq,2021-06-21,,11:25:00,,,,,,nyse,2026-08-08T04:28:24,,,
OLP,OLP,2021-06-21,07:30:18,,T1,News pending,"One Liberty Properties, Inc.",NYSE,2021-06-21,,07:49:56,,,,,,nyse,2026-08-08T04:28:24,,,
JOBS,JOBS,2021-06-21,08:10:28,,T1,News pending,"51job, Inc.",Nasdaq,2021-06-21,,08:45:00,,,,,,nyse,2026-08-08T04:28:24,,,
GROY,GROY,2021-06-21,08:24:48,,T1,News pending,Gold Royalty Corp.,NYSE American,2021-06-21,,09:45:00,,,,,,nyse,2026-08-08T04:28:24,,,
GROY.WS,GROY WS,2021-06-21,08:24:48,,T1,News pending,"Gold Royalty Corp. Warrants, each warrant exercisable for one common share at an exercise price of $",NYSE American,2021-06-21,,09:46:39,,,,,,nyse,2026-08-08T04:28:24,,,
LDL,LDL,2021-06-21,08:36:28,,T1,News pending,"Lydall, Inc.",NYSE,2021-06-21,,09:02:30,,,,,,nyse,2026-08-08T04:28:24,,,
CFACU,CFACU,2021-06-21,09:33:52,,LUDP,LULD pause,CF Finance Acquisition Corp. III Unit,Nasdaq,2021-06-21,,09:38:52,,,,,,nyse,2026-08-08T04:28:24,,,
VINO,VINO,2021-06-21,09:36:32,,LUDP,LULD pause,"Gaucho Group Holdings, Inc. Common Stock",Nasdaq,2021-06-21,,09:41:32,,,,,,nyse,2026-08-08T04:28:24,,,
VINO,VINO,2021-06-21,09:43:14,,LUDP,LULD pause,"Gaucho Group Holdings, Inc. Common Stock",Nasdaq,2021-06-21,,09:48:14,,,,,,nyse,2026-08-08T04:28:24,,,
VIRI,VIRI,2021-06-21,11:17:08,,LUDP,LULD pause,"Virios Therapeutics, Inc. Common Stock",Nasdaq,2021-06-21,,11:22:08,,,,,,nyse,2026-08-08T04:28:24,,,
MLPO,MLPO,2021-06-21,11:34:27,,LUDP,LULD pause,Credit Suisse S&P MLP Index ETN,NYSE Arca,2021-06-21,,11:39:27,,,,,,nyse,2026-08-08T04:28:24,,,
MARPS,MARPS,2021-06-21,13:27:33,,LUDP,LULD pause,Marine Petroleum Trust,Nasdaq,2021-06-21,,13:37:33,,,,,,nyse,2026-08-08T04:28:24,,,
MTR,MTR,2021-06-21,13:29:49,,LUDP,LULD pause,Mesa Royalty Trust,NYSE,2021-06-21,,13:35:07,,,,,,nyse,2026-08-08T04:28:24,,,
TAP.A,TAP A,2021-06-21,15:58:48,,LUDP,LULD pause,Molson Coors Beverage Company Class A,NYSE,2021-06-21,,16:01:48,,,,,,nyse,2026-08-08T04:28:24,,,
QURE,QURE,2021-06-22,08:25:02,,T1,News pending,uniQure N.V.,Nasdaq,2021-06-22,,11:50:00,,,,,,nyse,2026-08-08T04:28:24,,,
ICBK,ICBK,2021-06-22,09:00:06,,T1,News pending,"County Bancorp, Inc. Common Stock",Nasdaq,2021-06-22,,09:50:00,,,,,,nyse,2026-08-08T04:28:24,,,
SHSP,SHSP,2021-06-22,09:15:22,,T1,News pending,"SharpSpring, Inc.",Nasdaq,2021-06-22,,09:55:00,,,,,,nyse,2026-08-08T04:28:24,,,
EVAX,EVAX,2021-06-22,09:30:18,,LUDP,LULD pause,Evaxion Biotech A/S American Depositary Share,Nasdaq,2021-06-22,,09:35:18,,,,,,nyse,2026-08-08T04:28:24,,,
JAN,JAN,2021-06-22,09:47:06,,LUDP,LULD pause,JanOne Inc. Common Stock (NV),Nasdaq,2021-06-22,,09:52:06,,,,,,nyse,2026-08-08T04:28:24,,,
JAN,JAN,2021-06-22,09:52:46,,LUDP,LULD pause,JanOne Inc. Common Stock (NV),Nasdaq,2021-06-22,,09:57:46,,,,,,nyse,2026-08-08T04:28:24,,,
JAN,JAN,2021-06-22,10:01:50,,LUDP,LULD pause,JanOne Inc. Common Stock (NV),Nasdaq,2021-06-22,,10:06:50,,,,,,nyse,2026-08-08T04:28:24,,,
ALF,ALF,2021-06-22,10:01:56,,LUDP,LULD pause,"ALFI, Inc. Common Stock",Nasdaq,2021-06-22,,10:06:56,,,,,,nyse,2026-08-08T04:28:24,,,
WWR,WWR,2021-06-22,10:50:34,,T1,News pending,"Westwater Resources, Inc.",NYSE American,2021-06-22,,11:20:00,,,,,,nyse,2026-08-08T04:28:24,,,
DBRG,DBRG,2021-06-22,12:56:56,,T1,News pending,"DigitalBridge Group, Inc.",NYSE,2021-06-22,,13:30:46,,,,,,nyse,2026-08-08T04:28:24,,,
DBRG.PRG,DBRG PRG,2021-06-22,12:56:56,,T1,News pending,"DigitalBridge Group, Inc. 7.50% Series G Cumulative Redeemable Perpetual Preferred Stock",NYSE,2021-06-22,,13:32:47,,,,,,nyse,2026-08-08T04:28:24,,,
DBRG.PRH,DBRG PRH,2021-06-22,12:56:56,,T1,News pending,"DigitalBridge Group, Inc. 7.125% Series H Cumulative Redeemable Perpetual Preferred Stock",NYSE,2021-06-22,,13:32:56,,,,,,nyse,2026-08-08T04:28:24,,,
DBRG.PRI,DBRG PRI,2021-06-22,12:56:56,,T1,News pending,"DigitalBridge Group, Inc. 7.15% Series I Cumulative Redeemable Perpetual Preferred Stock",NYSE,2021-06-22,,13:33:03,,,,,,nyse,2026-08-08T04:28:24,,,
DBRG.PRJ,DBRG PRJ,2021-06-22,12:56:56,,T1,News pending,"DigitalBridge Group, Inc. 7.125% Series J Cumulative Redeemable Perpetual Preferred Stock",NYSE,2021-06-22,,13:32:16,,,,,,nyse,2026-08-08T04:28:24,,,
CLDB,CLDB,2021-06-23,07:55:14,,T1,News pending,CORTLAND BNCP CRTLD OHIO,Nasdaq,2021-06-23,,08:30:00,,,,,,nyse,2026-08-08T04:28:24,,,
BLPH,BLPH,2021-06-23,09:34:00,,LUDP,LULD pause,"Bellerophon Therapeutics, Inc.",Nasdaq,2021-06-23,,09:49:01,,,,,,nyse,2026-08-08T04:28:24,,,
ENTX,ENTX,2021-06-23,09:42:45,,LUDP,LULD pause,Entera Bio Ltd. Ordinary Shares,Nasdaq,2021-06-23,,09:47:45,,,,,,nyse,2026-08-08T04:28:24,,,
ANDAU,ANDAU,2021-06-23,10:32:22,,LUDP,LULD pause,Andina Acquisition Corp. III Unit,Nasdaq,2021-06-23,,10:37:22,,,,,,nyse,2026-08-08T04:28:24,,,
ANDAU,ANDAU,2021-06-23,13:05:37,,LUDP,LULD pause,Andina Acquisition Corp. III Unit,Nasdaq,2021-06-23,,13:10:37,,,,,,nyse,2026-08-08T04:28:24,,,
AGBAU,AGBAU,2021-06-23,13:09:15,,LUDP,LULD pause,AGBA Acquisition Limited Unit,Nasdaq,2021-06-23,,13:14:15,,,,,,nyse,2026-08-08T04:28:24,,,
AGBAU,AGBAU,2021-06-23,13:15:33,,LUDP,LULD pause,AGBA Acquisition Limited Unit,Nasdaq,2021-06-23,,13:20:33,,,,,,nyse,2026-08-08T04:28:24,,,
AGBAU,AGBAU,2021-06-23,13:26:01,,LUDP,LULD pause,AGBA Acquisition Limited Unit,Nasdaq,2021-06-23,,13:31:01,,,,,,nyse,2026-08-08T04:28:24,,,
ALF,ALF,2021-06-23,13:56:25,,LUDP,LULD pause,"ALFI, Inc. Common Stock",Nasdaq,2021-06-23,,14:01:25,,,,,,nyse,2026-08-08T04:28:24,,,
AUUD,AUUD,2021-06-23,14:18:42,,LUDP,LULD pause,Auddia Inc. Common Stock,Nasdaq,2021-06-23,,14:23:42,,,,,,nyse,2026-08-08T04:28:24,,,
FULC,FULC,2021-06-24,06:58:29,,T1,News pending,"Fulcrum Therapeutics, Inc. Common Stock",Nasdaq,2021-06-24,,07:30:00,,,,,,nyse,2026-08-08T04:28:24,,,
CRBP,CRBP,2021-06-24,08:00:09,,T1,News pending,"Corbus Pharmaceuticals Holdings, Inc.",Nasdaq,2021-06-24,,08:35:00,,,,,,nyse,2026-08-08T04:28:24,,,
DBGI,DBGI,2021-06-24,10:00:51,,LUDP,LULD pause,"Digital Brands Group, Inc. Common Stock",Nasdaq,2021-06-24,,10:15:52,,,,,,nyse,2026-08-08T04:28:24,,,
BON,BON,2021-06-24,10:04:05,,LUDP,LULD pause,Bon Natural Life Limited Ordinary Shares,Nasdaq,2021-06-24,,10:13:44,,,,,,nyse,2026-08-08T04:28:24,,,
BON,BON,2021-06-24,10:14:04,,LUDP,LULD pause,Bon Natural Life Limited Ordinary Shares,Nasdaq,2021-06-24,,10:24:04,,,,,,nyse,2026-08-08T04:28:24,,,
DBGI,DBGI,2021-06-24,10:16:15,,LUDP,LULD pause,"Digital Brands Group, Inc. Common Stock",Nasdaq,2021-06-24,,10:21:15,,,,,,nyse,2026-08-08T04:28:24,,,
BON,BON,2021-06-24,10:25:26,,LUDP,LULD pause,Bon Natural Life Limited Ordinary Shares,Nasdaq,2021-06-24,,10:30:26,,,,,,nyse,2026-08-08T04:28:24,,,
MOXC,MOXC,2021-06-24,11:16:12,,LUDP,LULD pause,"Moxian, Inc. Common Stock",Nasdaq,2021-06-24,,11:21:12,,,,,,nyse,2026-08-08T04:28:24,,,
PCTTU,PCTTU,2021-06-24,13:37:39,,LUDP,LULD pause,"PureCycle Technologies, Inc. Unit",Nasdaq,2021-06-24,,13:42:39,,,,,,nyse,2026-08-08T04:28:24,,,
EJH,EJH,2021-06-24,14:46:18,,LUDP,LULD pause,E-Home Household Service Holdings Limited Ordinary Shares,Nasdaq,2021-06-24,,14:56:18,,,,,,nyse,2026-08-08T04:28:24,,,
IKNX,IKNX,2021-06-25,08:25:12,,T1,News pending,Ikonics Corp,Nasdaq,2021-06-25,,09:10:00,,,,,,nyse,2026-08-08T04:28:24,,,
GRVI,GRVI,2021-06-25,09:31:38,,LUDP,LULD pause,"Grove, Inc. Common Stock",Nasdaq,2021-06-25,,09:36:38,,,,,,nyse,2026-08-08T04:28:24,,,
IKNX,IKNX,2021-06-25,09:34:40,,LUDP,LULD pause,Ikonics Corp,Nasdaq,2021-06-25,,09:39:40,,,,,,nyse,2026-08-08T04:28:24,,,
CYT,CYT,2021-06-25,09:36:10,,LUDP,LULD pause,"Cyteir Therapeutics, Inc. Common Stock",Nasdaq,2021-06-25,,09:46:10,,,,,,nyse,2026-08-08T04:28:24,,,
IKNX,IKNX,2021-06-25,09:56:58,,LUDP,LULD pause,Ikonics Corp,Nasdaq,2021-06-25,,10:01:58,,,,,,nyse,2026-08-08T04:28:24,,,
STRM,STRM,2021-06-25,09:59:14,,LUDP,LULD pause,"Streamline Health Solutions, Inc.",Nasdaq,2021-06-25,,10:04:14,,,,,,nyse,2026-08-08T04:28:24,,,
IKNX,IKNX,2021-06-25,10:02:55,,LUDP,LULD pause,Ikonics Corp,Nasdaq,2021-06-25,,10:07:55,,,,,,nyse,2026-08-08T04:28:24,,,
SNPX,SNPX,2021-06-25,13:31:38,,LUDP,LULD pause,"Synaptogenix, Inc. Common Stock",Nasdaq,2021-06-25,,13:36:38,,,,,,nyse,2026-08-08T04:28:24,,,
THCBU,THCBU,2021-06-25,15:11:01,,LUDP,LULD pause,Tuscan Holdings Corp. Unit,Nasdaq,2021-06-25,,15:16:01,,,,,,nyse,2026-08-08T04:28:24,,,
GOODO,GOODO,2021-06-28,04:00:00,,T1,News pending,"Gladstone Commercial Corporation 6.00% Series G Cumulative Redeemable Preferred Stock, par value $0.",Nasdaq,2021-06-28,,12:30:00,,,,,,nyse,2026-08-08T04:28:24,,,
QADA,QADA,2021-06-28,07:55:04,,T1,News pending,QAD Inc.,Nasdaq,2021-06-28,,08:30:00,,,,,,nyse,2026-08-08T04:28:24,,,
QADB,QADB,2021-06-28,07:55:04,,T1,News pending,QAD Inc. Class B,Nasdaq,2021-06-28,,08:30:00,,,,,,nyse,2026-08-08T04:28:24,,,
DFPH,DFPH,2021-06-28,08:53:40,,T1,News pending,DFP Healthcare Acquisitions Corp. Class A Common Stock,Nasdaq,2021-06-28,,09:50:00,,,,,,nyse,2026-08-08T04:28:24,,,
DFPHW,DFPHW,2021-06-28,08:53:40,,T1,News pending,DFP Healthcare Acquisitions Corp. Warrant,Nasdaq,2021-06-28,,09:55:33,,,,,,nyse,2026-08-08T04:28:24,,,
CVM,CVM,2021-06-28,09:16:42,,T1,News pending,Cel-Sci Corporation,NYSE American,2021-06-28,,09:35:00,,,,,,nyse,2026-08-08T04:28:24,,,
THCBU,THCBU,2021-06-28,09:33:59,,LUDP,LULD pause,Tuscan Holdings Corp. Unit,Nasdaq,2021-06-28,,09:38:59,,,,,,nyse,2026-08-08T04:28:24,,,
CVM,CVM,2021-06-28,09:36:28,,LUDP,LULD pause,Cel-Sci Corporation,NYSE American,2021-06-28,,09:46:30,,,,,,nyse,2026-08-08T04:28:24,,,
THCBU,THCBU,2021-06-28,09:39:58,,LUDP,LULD pause,Tuscan Holdings Corp. Unit,Nasdaq,2021-06-28,,09:44:58,,,,,,nyse,2026-08-08T04:28:24,,,
CVM,CVM,2021-06-28,09:47:08,,LUDP,LULD pause,Cel-Sci Corporation,NYSE American,2021-06-28,,10:29:32,,,,,,nyse,2026-08-08T04:28:24,,,
CARV,CARV,2021-06-28,10:25:15,,LUDP,LULD pause,"Carver Bancorp, Inc.",Nasdaq,2021-06-28,,10:30:15,,,,,,nyse,2026-08-08T04:28:24,,,
CVM,CVM,2021-06-28,10:29:50,,LUDP,LULD pause,Cel-Sci Corporation,NYSE American,2021-06-28,,10:34:50,,,,,,nyse,2026-08-08T04:28:24,,,
CVM,CVM,2021-06-28,10:36:12,,LUDP,LULD pause,Cel-Sci Corporation,NYSE American,2021-06-28,,10:41:12,,,,,,nyse,2026-08-08T04:28:24,,,
CVM,CVM,2021-06-28,10:41:48,,LUDP,LULD pause,Cel-Sci Corporation,NYSE American,2021-06-28,,10:51:48,,,,,,nyse,2026-08-08T04:28:24,,,
RICE.U,RICE U,2021-06-28,10:45:26,,LUDP,LULD pause,"Rice Acquisition Corp. Units, each consisting of one share of our Class A common stock and one-half",NYSE,2021-06-28,,10:50:26,,,,,,nyse,2026-08-08T04:28:24,,,
MRIN,MRIN,2021-06-28,10:46:53,,LUDP,LULD pause,MARIN SOFTWARE INCORPORATED,Nasdaq,2021-06-28,,10:51:53,,,,,,nyse,2026-08-08T04:28:24,,,
MMS,MMS,2021-06-28,10:50:10,,T1,News pending,"MAXIMUS, Inc.",NYSE,2021-06-28,,11:26:30,,,,,,nyse,2026-08-08T04:28:24,,,
CVM,CVM,2021-06-28,10:53:55,,LUDP,LULD pause,Cel-Sci Corporation,NYSE American,2021-06-28,,10:58:55,,,,,,nyse,2026-08-08T04:28:24,,,
LWAY,LWAY,2021-06-28,12:11:04,,LUDP,LULD pause,Lifeway Foods Inc,Nasdaq,2021-06-28,,12:16:04,,,,,,nyse,2026-08-08T04:28:24,,,
MDWD,MDWD,2021-06-29,08:40:04,,T1,News pending,MediWound Ltd.,Nasdaq,2021-06-29,,09:15:00,,,,,,nyse,2026-08-08T04:28:24,,,
VCEL,VCEL,2021-06-29,08:40:04,,T1,News pending,Vericel Corporation,Nasdaq,2021-06-29,,09:15:00,,,,,,nyse,2026-08-08T04:28:24,,,
MDWD,MDWD,2021-06-29,09:32:40,,LUDP,LULD pause,MediWound Ltd.,Nasdaq,2021-06-29,,09:37:40,,,,,,nyse,2026-08-08T04:28:24,,,
PSACU,PSACU,2021-06-29,09:39:15,,LUDP,LULD pause,Property Solutions Acquisition Corp. Unit,Nasdaq,2021-06-29,,09:44:15,,,,,,nyse,2026-08-08T04:28:24,,,
AUUD,AUUD,2021-06-29,09:44:26,,LUDP,LULD pause,Auddia Inc. Common Stock,Nasdaq,2021-06-29,,09:49:26,,,,,,nyse,2026-08-08T04:28:24,,,
GRPH,GRPH,2021-06-29,09:48:39,,LUDP,LULD pause,"Graphite Bio, Inc. Common Stock",Nasdaq,2021-06-29,,09:53:39,,,,,,nyse,2026-08-08T04:28:24,,,
DBGI,DBGI,2021-06-29,09:56:42,,LUDP,LULD pause,"Digital Brands Group, Inc. Common Stock",Nasdaq,2021-06-29,,10:01:42,,,,,,nyse,2026-08-08T04:28:24,,,
MRIN,MRIN,2021-06-29,10:18:37,,LUDP,LULD pause,MARIN SOFTWARE INCORPORATED,Nasdaq,2021-06-29,,10:23:37,,,,,,nyse,2026-08-08T04:28:24,,,
BAOS,BAOS,2021-06-29,10:21:39,,LUDP,LULD pause,Baosheng Media Group Holdings Limited Ordinary shares,Nasdaq,2021-06-29,,10:26:39,,,,,,nyse,2026-08-08T04:28:24,,,
MRIN,MRIN,2021-06-29,14:39:02,,LUDP,LULD pause,MARIN SOFTWARE INCORPORATED,Nasdaq,2021-06-29,,14:44:02,,,,,,nyse,2026-08-08T04:28:24,,,
INTG,INTG,2021-06-29,14:44:40,,LUDP,LULD pause,Intergroup Corporation (The),Nasdaq,2021-06-29,,14:49:40,,,,,,nyse,2026-08-08T04:28:24,,,
ALT,ALT,2021-06-29,16:00:19,,T1,News pending,"Altimmune, Inc. Common Stock",Nasdaq,2021-06-29,,16:30:00,,,,,,nyse,2026-08-08T04:28:24,,,
TVAC,TVAC,2021-06-30,07:55:10,,T1,News pending,Thayer Ventures Acquisition Corporation Class A Common Stock,Nasdaq,2021-06-30,,08:30:00,,,,,,nyse,2026-08-08T04:28:24,,,
TVACU,TVACU,2021-06-30,07:55:10,,T1,News pending,Thayer Ventures Acquisition Corporation Units,Nasdaq,2021-06-30,,08:30:00,,,,,,nyse,2026-08-08T04:28:24,,,
TVACW,TVACW,2021-06-30,07:55:10,,T1,News pending,Thayer Ventures Acquisition Corporation Warrant,Nasdaq,2021-06-30,,08:30:00,,,,,,nyse,2026-08-08T04:28:24,,,
STNEV,STNEV,2021-06-30,09:30:16,,LUDP,LULD pause,StoneCo Ltd. Class A Common Share When Issued,Nasdaq,2021-06-30,,09:35:16,,,,,,nyse,2026-08-08T04:28:24,,,
LITTU,LITTU,2021-06-30,09:30:18,,LUDP,LULD pause,Logistics Innovation Technologies Corp. Units,Nasdaq,2021-06-30,,09:35:18,,,,,,nyse,2026-08-08T04:28:24,,,
BLIN,BLIN,2021-06-30,09:32:12,,LUDP,LULD pause,Bridgeline Digital Inc.,Nasdaq,2021-06-30,,09:37:12,,,,,,nyse,2026-08-08T04:28:24,,,
STNEV,STNEV,2021-06-30,09:35:31,,LUDP,LULD pause,StoneCo Ltd. Class A Common Share When Issued,Nasdaq,2021-06-30,,09:40:31,,,,,,nyse,2026-08-08T04:28:24,,,
IPW,IPW,2021-06-30,09:37:46,,LUDP,LULD pause,"iPower, Inc. Common Stock",Nasdaq,2021-06-30,,09:42:46,,,,,,nyse,2026-08-08T04:28:24,,,
BLIN,BLIN,2021-06-30,09:43:11,,LUDP,LULD pause,Bridgeline Digital Inc.,Nasdaq,2021-06-30,,09:48:11,,,,,,nyse,2026-08-08T04:28:24,,,
DDL,DDL,2021-06-30,10:01:12,,LUDP,LULD pause,Dingdong (Cayman) Limited American Depositary Shares (each two representing three Ordinary Shares),NYSE,2021-06-30,,10:06:14,,,,,,nyse,2026-08-08T04:28:24,,,
DDL,DDL,2021-06-30,10:07:09,,LUDP,LULD pause,Dingdong (Cayman) Limited American Depositary Shares (each two representing three Ordinary Shares),NYSE,2021-06-30,,10:12:18,,,,,,nyse,2026-08-08T04:28:24,,,
BLIN,BLIN,2021-06-30,10:33:19,,LUDP,LULD pause,Bridgeline Digital Inc.,Nasdaq,2021-06-30,,10:38:19,,,,,,nyse,2026-08-08T04:28:24,,,
IPW,IPW,2021-06-30,10:38:21,,LUDP,LULD pause,"iPower, Inc. Common Stock",Nasdaq,2021-06-30,,10:43:21,,,,,,nyse,2026-08-08T04:28:24,,,
BLIN,BLIN,2021-06-30,10:38:58,,LUDP,LULD pause,Bridgeline Digital Inc.,Nasdaq,2021-06-30,,10:43:58,,,,,,nyse,2026-08-08T04:28:24,,,
AVTE,AVTE,2021-06-30,10:48:33,,LUDP,LULD pause,"Aerovate Therapeutics, Inc. Common Stock",Nasdaq,2021-06-30,,10:58:33,,,,,,nyse,2026-08-08T04:28:24,,,
STNEV,STNEV,2021-06-30,11:28:32,,LUDP,LULD pause,StoneCo Ltd. Class A Common Share When Issued,Nasdaq,2021-06-30,,11:33:32,,,,,,nyse,2026-08-08T04:28:24,,,
AVTE,AVTE,2021-06-30,11:32:33,,LUDP,LULD pause,"Aerovate Therapeutics, Inc. Common Stock",Nasdaq,2021-06-30,,11:37:33,,,,,,nyse,2026-08-08T04:28:24,,,
STNEV,STNEV,2021-06-30,11:40:18,,LUDP,LULD pause,StoneCo Ltd. Class A Common Share When Issued,Nasdaq,2021-06-30,,11:45:18,,,,,,nyse,2026-08-08T04:28:24,,,
STNEV,STNEV,2021-06-30,11:50:09,,LUDP,LULD pause,StoneCo Ltd. Class A Common Share When Issued,Nasdaq,2021-06-30,,12:00:09,,,,,,nyse,2026-08-08T04:28:24,,,
CORN,CORN,2021-06-30,12:01:01,,LUDP,LULD pause,Teucrium Corn Fund,NYSE Arca,2021-06-30,,12:06:01,,,,,,nyse,2026-08-08T04:28:24,,,
CPOP,CPOP,2021-06-30,12:04:19,,LUDP,LULD pause,"Pop Culture Group Co., Ltd Class A Ordinary Shares",Nasdaq,2021-06-30,,12:14:08,,,,,,nyse,2026-08-08T04:28:24,,,
CPOP,CPOP,2021-06-30,12:14:34,,LUDP,LULD pause,"Pop Culture Group Co., Ltd Class A Ordinary Shares",Nasdaq,2021-06-30,,12:24:35,,,,,,nyse,2026-08-08T04:28:24,,,
CPOP,CPOP,2021-06-30,12:25:00,,LUDP,LULD pause,"Pop Culture Group Co., Ltd Class A Ordinary Shares",Nasdaq,2021-06-30,,12:35:01,,,,,,nyse,2026-08-08T04:28:24,,,
CPOP,CPOP,2021-06-30,12:35:27,,LUDP,LULD pause,"Pop Culture Group Co., Ltd Class A Ordinary Shares",Nasdaq,2021-06-30,,12:40:27,,,,,,nyse,2026-08-08T04:28:24,,,
CPOP,CPOP,2021-06-30,12:40:53,,LUDP,LULD pause,"Pop Culture Group Co., Ltd Class A Ordinary Shares",Nasdaq,2021-06-30,,12:53:45,,,,,,nyse,2026-08-08T04:28:24,,,
CPOP,CPOP,2021-06-30,12:55:06,,LUDP,LULD pause,"Pop Culture Group Co., Ltd Class A Ordinary Shares",Nasdaq,2021-06-30,,13:00:06,,,,,,nyse,2026-08-08T04:28:24,,,
CPOP,CPOP,2021-06-30,13:00:24,,LUDP,LULD pause,"Pop Culture Group Co., Ltd Class A Ordinary Shares",Nasdaq,2021-06-30,,13:10:27,,,,,,nyse,2026-08-08T04:28:24,,,
CPOP,CPOP,2021-06-30,13:11:11,,LUDP,LULD pause,"Pop Culture Group Co., Ltd Class A Ordinary Shares",Nasdaq,2021-06-30,,13:16:11,,,,,,nyse,2026-08-08T04:28:24,,,
CPOP,CPOP,2021-06-30,13:22:29,,LUDP,LULD pause,"Pop Culture Group Co., Ltd Class A Ordinary Shares",Nasdaq,2021-06-30,,13:27:29,,,,,,nyse,2026-08-08T04:28:24,,,
TRKA,TRKA,2021-06-30,13:56:49,,LUDP,LULD pause,"Troika Media Group, Inc. Common Stock",Nasdaq,2021-06-30,,14:06:49,,,,,,nyse,2026-08-08T04:28:24,,,
NC,NC,2021-06-30,14:26:37,,T1,News pending,"NACCO Industries, Inc.",NYSE,2021-06-30,,14:50:52,,,,,,nyse,2026-08-08T04:28:24,,,
CPOP,CPOP,2021-06-30,15:03:10,,LUDP,LULD pause,"Pop Culture Group Co., Ltd Class A Ordinary Shares",Nasdaq,2021-06-30,,15:08:10,,,,,,nyse,2026-08-08T04:28:24,,,
DNAY,DNAY,2021-06-30,15:06:49,,LUDP,LULD pause,"Codex DNA, Inc. Common Stock",Nasdaq,2021-06-30,,15:11:49,,,,,,nyse,2026-08-08T04:28:24,,,
EJH,EJH,2021-06-30,15:11:57,,LUDP,LULD pause,E-Home Household Service Holdings Limited Ordinary Shares,Nasdaq,2021-06-30,,15:16:57,,,,,,nyse,2026-08-08T04:28:24,,,
CNF,CNF,2021-06-30,15:52:39,,LUDP,LULD pause,"CNFinance Holdings Limited American Depositary Shares (ADSs), each representing twenty (20) Ordina",NYSE,2021-06-30,,16:00:25,,,,,,nyse,2026-08-08T04:28:24,,,
RIVE,RIVE,2021-06-30,16:00:11,,T1,News pending,Riverview Financial Corporation Common Stock,Nasdaq,2021-06-30,,16:35:00,,,,,,nyse,2026-08-08T04:28:24,,,
PRAH,PRAH,2021-06-30,19:50:09,,T1,News pending,"PRA Health Sciences, Inc.",Nasdaq,,,,,,,,,nyse,2026-08-08T04:28:24,no_reanudo,,
NAV,NAV,2021-07-01,08:18:58,,UNKNOWN,Merger Effective,Navistar International,NYSE,,,,,,,,,nyse,2026-08-08T04:28:24,no_reanudo,,
NAV.PRD,NAV PRD,2021-07-01,08:18:58,,UNKNOWN,Merger Effective,"Navistar International Corporation Cumulative Convertible Junior Preference Stock, Series D",NYSE,,,,,,,,,nyse,2026-08-08T04:28:24,no_reanudo,,
LUMO,LUMO,2021-07-01,09:30:25,,LUDP,LULD pause,"Lumos Pharma, Inc. Common Stock",Nasdaq,2021-07-01,,09:35:25,,,,,,nyse,2026-08-08T04:28:24,,,
CPOP,CPOP,2021-07-01,09:30:51,,LUDP,LULD pause,"Pop Culture Group Co., Ltd Class A Ordinary Shares",Nasdaq,2021-07-01,,09:35:51,,,,,,nyse,2026-08-08T04:28:24,,,
MRIN,MRIN,2021-07-01,09:36:16,,LUDP,LULD pause,MARIN SOFTWARE INCORPORATED,Nasdaq,2021-07-01,,09:41:16,,,,,,nyse,2026-08-08T04:28:24,,,
CPOP,CPOP,2021-07-01,09:36:36,,LUDP,LULD pause,"Pop Culture Group Co., Ltd Class A Ordinary Shares",Nasdaq,2021-07-01,,09:46:36,,,,,,nyse,2026-08-08T04:28:24,,,
STAF,STAF,2021-07-01,09:41:06,,LUDP,LULD pause,"Staffing 360 Solutions, Inc. Common Stock (DE)",Nasdaq,2021-07-01,,09:46:06,,,,,,nyse,2026-08-08T04:28:24,,,
MRIN,MRIN,2021-07-01,09:44:47,,LUDP,LULD pause,MARIN SOFTWARE INCORPORATED,Nasdaq,2021-07-01,,09:49:47,,,,,,nyse,2026-08-08T04:28:24,,,
MRIN,MRIN,2021-07-01,09:50:51,,LUDP,LULD pause,MARIN SOFTWARE INCORPORATED,Nasdaq,2021-07-01,,09:55:51,,,,,,nyse,2026-08-08T04:28:24,,,
CPOP,CPOP,2021-07-01,09:52:23,,LUDP,LULD pause,"Pop Culture Group Co., Ltd Class A Ordinary Shares",Nasdaq,2021-07-01,,10:02:23,,,,,,nyse,2026-08-08T04:28:24,,,
CPOP,CPOP,2021-07-01,10:03:02,,LUDP,LULD pause,"Pop Culture Group Co., Ltd Class A Ordinary Shares",Nasdaq,2021-07-01,,10:13:02,,,,,,nyse,2026-08-08T04:28:24,,,
CPOP,CPOP,2021-07-01,10:13:36,,LUDP,LULD pause,"Pop Culture Group Co., Ltd Class A Ordinary Shares",Nasdaq,2021-07-01,,10:18:36,,,,,,nyse,2026-08-08T04:28:24,,,
CPOP,CPOP,2021-07-01,10:23:06,,LUDP,LULD pause,"Pop Culture Group Co., Ltd Class A Ordinary Shares",Nasdaq,2021-07-01,,10:28:06,,,,,,nyse,2026-08-08T04:28:24,,,
VRAR,VRAR,2021-07-01,10:45:50,,LUDP,LULD pause,"The Glimpse Group, Inc. Common Stock",Nasdaq,2021-07-01,,10:56:12,,,,,,nyse,2026-08-08T04:28:24,,,
VRAR,VRAR,2021-07-01,10:56:33,,LUDP,LULD pause,"The Glimpse Group, Inc. Common Stock",Nasdaq,2021-07-01,,11:01:33,,,,,,nyse,2026-08-08T04:28:24,,,
CCJ,CCJ,2021-07-01,11:09:32,,T1,News pending,Cameco Corporation,NYSE,2021-07-01,,13:48:13,,,,,,nyse,2026-08-08T04:28:24,,,
WAVE,WAVE,2021-07-01,11:12:15,,LUDP,LULD pause,Eco Wave Power Global AB (publ) American Depositary Shares,Nasdaq,2021-07-01,,11:16:51,,,,,,nyse,2026-08-08T04:28:24,,,
WAVE,WAVE,2021-07-01,11:18:02,,LUDP,LULD pause,Eco Wave Power Global AB (publ) American Depositary Shares,Nasdaq,2021-07-01,,11:23:02,,,,,,nyse,2026-08-08T04:28:24,,,
VRAR,VRAR,2021-07-01,11:19:33,,LUDP,LULD pause,"The Glimpse Group, Inc. Common Stock",Nasdaq,2021-07-01,,11:24:33,,,,,,nyse,2026-08-08T04:28:24,,,
WAVE,WAVE,2021-07-01,11:23:35,,LUDP,LULD pause,Eco Wave Power Global AB (publ) American Depositary Shares,Nasdaq,2021-07-01,,11:33:35,,,,,,nyse,2026-08-08T04:28:24,,,
LWAY,LWAY,2021-07-01,14:45:59,,LUDP,LULD pause,Lifeway Foods Inc,Nasdaq,2021-07-01,,14:50:59,,,,,,nyse,2026-08-08T04:28:24,,,
ITRM,ITRM,2021-07-01,18:25:42,,T1,News pending,Iterum Therapeutics plc Ordinary Share,Nasdaq,2021-07-01,,19:00:00,,,,,,nyse,2026-08-08T04:28:24,,,
GTT,GTT,2021-07-02,08:34:00,,T1,News pending,"GTT Communications, Inc.",NYSE,,,,,,,,,nyse,2026-08-08T04:28:24,no_reanudo,,
WAVE,WAVE,2021-07-02,09:31:48,,LUDP,LULD pause,Eco Wave Power Global AB (publ) American Depositary Shares,Nasdaq,2021-07-02,,09:36:48,,,,,,nyse,2026-08-08T04:28:24,,,
WAVE,WAVE,2021-07-02,09:38:41,,LUDP,LULD pause,Eco Wave Power Global AB (publ) American Depositary Shares,Nasdaq,2021-07-02,,09:43:41,,,,,,nyse,2026-08-08T04:28:24,,,
CPOP,CPOP,2021-07-02,09:47:56,,LUDP,LULD pause,"Pop Culture Group Co., Ltd Class A Ordinary Shares",Nasdaq,2021-07-02,,09:52:56,,,,,,nyse,2026-08-08T04:28:24,,,
WAVE,WAVE,2021-07-02,09:50:38,,LUDP,LULD pause,Eco Wave Power Global AB (publ) American Depositary Shares,Nasdaq,2021-07-02,,09:55:38,,,,,,nyse,2026-08-08T04:28:24,,,
SQBG,SQBG,2021-07-02,10:07:01,,LUDP,LULD pause,"Sequential Brands Group, Inc.",Nasdaq,2021-07-02,,10:12:01,,,,,,nyse,2026-08-08T04:28:24,,,
WAVE,WAVE,2021-07-02,10:09:00,,LUDP,LULD pause,Eco Wave Power Global AB (publ) American Depositary Shares,Nasdaq,2021-07-02,,10:14:00,,,,,,nyse,2026-08-08T04:28:24,,,
WAVE,WAVE,2021-07-02,10:16:59,,LUDP,LULD pause,Eco Wave Power Global AB (publ) American Depositary Shares,Nasdaq,2021-07-02,,10:21:59,,,,,,nyse,2026-08-08T04:28:24,,,
NEGG,NEGG,2021-07-02,10:20:04,,LUDP,LULD pause,"Newegg Commerce, Inc. Common Shares",Nasdaq,2021-07-02,,10:25:04,,,,,,nyse,2026-08-08T04:28:24,,,
VRAR,VRAR,2021-07-02,10:22:32,,LUDP,LULD pause,"The Glimpse Group, Inc. Common Stock",Nasdaq,2021-07-02,,10:27:32,,,,,,nyse,2026-08-08T04:28:24,,,
SQBG,SQBG,2021-07-02,10:23:14,,LUDP,LULD pause,"Sequential Brands Group, Inc.",Nasdaq,2021-07-02,,10:28:14,,,,,,nyse,2026-08-08T04:28:24,,,
RIDE,RIDE,2021-07-02,11:29:41,,LUDP,LULD pause,Lordstown Motors Corp. Class A Common Stock,Nasdaq,2021-07-02,,11:34:41,,,,,,nyse,2026-08-08T04:28:24,,,
SQBG,SQBG,2021-07-02,13:40:32,,LUDP,LULD pause,"Sequential Brands Group, Inc.",Nasdaq,2021-07-02,,13:50:32,,,,,,nyse,2026-08-08T04:28:24,,,
JRSH,JRSH,2021-07-02,13:46:42,,LUDP,LULD pause,"Jerash Holdings (US), Inc. Common Stock",Nasdaq,2021-07-02,,13:51:42,,,,,,nyse,2026-08-08T04:28:24,,,
TDACU,TDACU,2021-07-02,14:30:50,,LUDP,LULD pause,Trident Acquisitions Corp. Units,Nasdaq,2021-07-02,,14:35:50,,,,,,nyse,2026-08-08T04:28:24,,,
PRVB,PRVB,2021-07-06,06:55:15,,T1,News pending,"Provention Bio, Inc. Common Stock",Nasdaq,2021-07-06,,07:30:00,,,,,,nyse,2026-08-08T04:28:24,,,
CORN,CORN,2021-07-06,09:30:41,,LUDP,LULD pause,Teucrium Corn Fund,NYSE Arca,2021-07-06,,09:35:41,,,,,,nyse,2026-08-08T04:28:24,,,
SQBG,SQBG,2021-07-06,09:35:26,,LUDP,LULD pause,"Sequential Brands Group, Inc.",Nasdaq,2021-07-06,,09:45:26,,,,,,nyse,2026-08-08T04:28:24,,,
TPST,TPST,2021-07-06,09:37:47,,LUDP,LULD pause,"Tempest Therapeutics, Inc. Common Stock",Nasdaq,2021-07-06,,09:42:47,,,,,,nyse,2026-08-08T04:28:24,,,
SQBG,SQBG,2021-07-06,09:45:52,,LUDP,LULD pause,"Sequential Brands Group, Inc.",Nasdaq,2021-07-06,,09:50:52,,,,,,nyse,2026-08-08T04:28:24,,,
SQBG,SQBG,2021-07-06,09:54:30,,LUDP,LULD pause,"Sequential Brands Group, Inc.",Nasdaq,2021-07-06,,09:59:30,,,,,,nyse,2026-08-08T04:28:24,,,
HIHO,HIHO,2021-07-06,09:55:12,,LUDP,LULD pause,Highway Holdings Ltd,Nasdaq,2021-07-06,,10:00:12,,,,,,nyse,2026-08-08T04:28:24,,,
AGBAU,AGBAU,2021-07-06,10:30:30,,LUDP,LULD pause,AGBA Acquisition Limited Unit,Nasdaq,2021-07-06,,10:35:30,,,,,,nyse,2026-08-08T04:28:24,,,
IMTE,IMTE,2021-07-06,11:00:44,,LUDP,LULD pause,Integrated Media Technology Limited Ordinary Shares,Nasdaq,2021-07-06,,11:05:44,,,,,,nyse,2026-08-08T04:28:24,,,
MDLQ,MDLQ,2021-07-06,11:09:41,,T1,News pending,Medley LLC 7.25% Notes due 2024,NYSE,,,,,,,,,nyse,2026-08-08T04:28:24,no_reanudo,,
MDLX,MDLX,2021-07-06,11:09:41,,T1,News pending,Medley LLC  6.875% Senior Notes due 2026,NYSE,,,,,,,,,nyse,2026-08-08T04:28:24,no_reanudo,,
MDLY,MDLY,2021-07-06,11:09:41,,T1,News pending,Medley Management Inc,NYSE,,,,,,,,,nyse,2026-08-08T04:28:24,no_reanudo,,
AUUD,AUUD,2021-07-06,13:47:44,,LUDP,LULD pause,Auddia Inc. Common Stock,Nasdaq,2021-07-06,,13:52:44,,,,,,nyse,2026-08-08T04:28:24,,,
MAYS,MAYS,2021-07-06,15:25:32,,LUDP,LULD pause,Mays (J.W.) Inc,Nasdaq,2021-07-06,,15:30:32,,,,,,nyse,2026-08-08T04:28:24,,,
MAYS,MAYS,2021-07-06,15:55:53,,LUDP,LULD pause,Mays (J.W.) Inc,Nasdaq,2021-07-06,,16:00:00,,,,,,nyse,2026-08-08T04:28:24,,,
GRNVU,GRNVU,2021-07-07,09:43:57,,LUDP,LULD pause,GreenVision Acquisition Corp Unit,Nasdaq,2021-07-07,,09:53:58,,,,,,nyse,2026-08-08T04:28:24,,,
BON,BON,2021-07-07,09:47:07,,LUDP,LULD pause,Bon Natural Life Limited Ordinary Shares,Nasdaq,2021-07-07,,10:15:30,,,,,,nyse,2026-08-08T04:28:24,,,
NEGG,NEGG,2021-07-07,10:10:54,,LUDP,LULD pause,"Newegg Commerce, Inc. Common Shares",Nasdaq,2021-07-07,,10:15:54,,,,,,nyse,2026-08-08T04:28:24,,,
BON,BON,2021-07-07,10:16:49,,LUDP,LULD pause,Bon Natural Life Limited Ordinary Shares,Nasdaq,2021-07-07,,10:21:49,,,,,,nyse,2026-08-08T04:28:24,,,
NEGG,NEGG,2021-07-07,10:22:55,,LUDP,LULD pause,"Newegg Commerce, Inc. Common Shares",Nasdaq,2021-07-07,,10:27:55,,,,,,nyse,2026-08-08T04:28:24,,,
BON,BON,2021-07-07,10:27:52,,LUDP,LULD pause,Bon Natural Life Limited Ordinary Shares,Nasdaq,2021-07-07,,10:32:52,,,,,,nyse,2026-08-08T04:28:24,,,
VRPX,VRPX,2021-07-07,10:28:03,,LUDP,LULD pause,"Virpax Pharmaceuticals, Inc. Common Stock",Nasdaq,2021-07-07,,10:38:38,,,,,,nyse,2026-08-08T04:28:24,,,
NEGG,NEGG,2021-07-07,10:29:24,,LUDP,LULD pause,"Newegg Commerce, Inc. Common Shares",Nasdaq,2021-07-07,,10:34:24,,,,,,nyse,2026-08-08T04:28:24,,,
NEGG,NEGG,2021-07-07,10:35:36,,LUDP,LULD pause,"Newegg Commerce, Inc. Common Shares",Nasdaq,2021-07-07,,10:40:36,,,,,,nyse,2026-08-08T04:28:24,,,
IPW,IPW,2021-07-07,10:36:06,,LUDP,LULD pause,"iPower, Inc. Common Stock",Nasdaq,2021-07-07,,10:41:06,,,,,,nyse,2026-08-08T04:28:24,,,
JWEL,JWEL,2021-07-07,10:38:52,,LUDP,LULD pause,Jowell Global Ltd. Ordinary Shares,Nasdaq,2021-07-07,,10:43:52,,,,,,nyse,2026-08-08T04:28:24,,,
VRPX,VRPX,2021-07-07,10:39:20,,LUDP,LULD pause,"Virpax Pharmaceuticals, Inc. Common Stock",Nasdaq,2021-07-07,,10:44:20,,,,,,nyse,2026-08-08T04:28:24,,,
NEGG,NEGG,2021-07-07,10:40:59,,LUDP,LULD pause,"Newegg Commerce, Inc. Common Shares",Nasdaq,2021-07-07,,10:51:00,,,,,,nyse,2026-08-08T04:28:24,,,
GMVD,GMVD,2021-07-07,10:43:04,,LUDP,LULD pause,G Medical Innovations Holdings Ltd. Ordinary Shares,Nasdaq,2021-07-07,,10:48:04,,,,,,nyse,2026-08-08T04:28:24,,,
VRPX,VRPX,2021-07-07,10:46:32,,LUDP,LULD pause,"Virpax Pharmaceuticals, Inc. Common Stock",Nasdaq,2021-07-07,,10:51:32,,,,,,nyse,2026-08-08T04:28:24,,,
VRPX,VRPX,2021-07-07,11:00:50,,LUDP,LULD pause,"Virpax Pharmaceuticals, Inc. Common Stock",Nasdaq,2021-07-07,,11:05:50,,,,,,nyse,2026-08-08T04:28:24,,,
AVCT,AVCT,2021-07-07,11:03:28,,LUDP,LULD pause,"American Virtual Cloud Technologies, Inc. Common Stock",Nasdaq,2021-07-07,,11:13:28,,,,,,nyse,2026-08-08T04:28:24,,,
VRPX,VRPX,2021-07-07,11:14:35,,LUDP,LULD pause,"Virpax Pharmaceuticals, Inc. Common Stock",Nasdaq,2021-07-07,,11:19:35,,,,,,nyse,2026-08-08T04:28:24,,,
NEGG,NEGG,2021-07-07,13:35:45,,LUDP,LULD pause,"Newegg Commerce, Inc. Common Shares",Nasdaq,2021-07-07,,13:40:45,,,,,,nyse,2026-08-08T04:28:24,,,
ENSC,ENSC,2021-07-07,14:51:51,,LUDP,LULD pause,"Ensysce Biosciences, Inc. Common Stock",Nasdaq,2021-07-07,,14:56:51,,,,,,nyse,2026-08-08T04:28:24,,,
ENSC,ENSC,2021-07-07,15:03:49,,LUDP,LULD pause,"Ensysce Biosciences, Inc. Common Stock",Nasdaq,2021-07-07,,15:15:32,,,,,,nyse,2026-08-08T04:28:24,,,
MTEX,MTEX,2021-07-07,15:10:51,,LUDP,LULD pause,Mannatech Inc.,Nasdaq,2021-07-07,,15:15:51,,,,,,nyse,2026-08-08T04:28:24,,,
CARV,CARV,2021-07-08,09:36:48,,LUDP,LULD pause,"Carver Bancorp, Inc.",Nasdaq,2021-07-08,,09:41:48,,,,,,nyse,2026-08-08T04:28:24,,,
NEGG,NEGG,2021-07-08,09:37:05,,LUDP,LULD pause,"Newegg Commerce, Inc. Common Shares",Nasdaq,2021-07-08,,09:42:05,,,,,,nyse,2026-08-08T04:28:24,,,
DBGI,DBGI,2021-07-08,09:37:24,,LUDP,LULD pause,"Digital Brands Group, Inc. Common Stock",Nasdaq,2021-07-08,,09:42:24,,,,,,nyse,2026-08-08T04:28:24,,,
CARV,CARV,2021-07-08,09:42:15,,LUDP,LULD pause,"Carver Bancorp, Inc.",Nasdaq,2021-07-08,,09:52:15,,,,,,nyse,2026-08-08T04:28:24,,,
COHN,COHN,2021-07-08,09:44:31,,LUDP,LULD pause,Cohen & Company Inc,NYSE American,2021-07-08,,09:49:31,,,,,,nyse,2026-08-08T04:28:24,,,
NEGG,NEGG,2021-07-08,09:44:53,,LUDP,LULD pause,"Newegg Commerce, Inc. Common Shares",Nasdaq,2021-07-08,,09:49:53,,,,,,nyse,2026-08-08T04:28:24,,,
UONE,UONE,2021-07-08,09:44:56,,LUDP,LULD pause,"Urban One, Inc. Class A Common Stock",Nasdaq,2021-07-08,,09:49:56,,,,,,nyse,2026-08-08T04:28:24,,,
CRTD,CRTD,2021-07-08,09:46:39,,LUDP,LULD pause,Creatd Inc. Common Stock,Nasdaq,2021-07-08,,09:51:39,,,,,,nyse,2026-08-08T04:28:24,,,
COHN,COHN,2021-07-08,09:50:45,,LUDP,LULD pause,Cohen & Company Inc,NYSE American,2021-07-08,,09:55:45,,,,,,nyse,2026-08-08T04:28:24,,,
THCBU,THCBU,2021-07-08,09:51:07,,LUDP,LULD pause,Tuscan Holdings Corp. Unit,Nasdaq,2021-07-08,,09:56:07,,,,,,nyse,2026-08-08T04:28:24,,,
CARV,CARV,2021-07-08,09:53:34,,LUDP,LULD pause,"Carver Bancorp, Inc.",Nasdaq,2021-07-08,,09:58:34,,,,,,nyse,2026-08-08T04:28:24,,,
COHN,COHN,2021-07-08,09:56:13,,LUDP,LULD pause,Cohen & Company Inc,NYSE American,2021-07-08,,10:01:13,,,,,,nyse,2026-08-08T04:28:24,,,
SEED,SEED,2021-07-08,09:57:26,,LUDP,LULD pause,Origin Agritech Limited,Nasdaq,2021-07-08,,10:02:26,,,,,,nyse,2026-08-08T04:28:24,,,
CARV,CARV,2021-07-08,10:02:36,,LUDP,LULD pause,"Carver Bancorp, Inc.",Nasdaq,2021-07-08,,10:07:36,,,,,,nyse,2026-08-08T04:28:24,,,
COHN,COHN,2021-07-08,10:02:49,,LUDP,LULD pause,Cohen & Company Inc,NYSE American,2021-07-08,,10:12:49,,,,,,nyse,2026-08-08T04:28:24,,,
CARV,CARV,2021-07-08,10:09:00,,LUDP,LULD pause,"Carver Bancorp, Inc.",Nasdaq,2021-07-08,,10:14:00,,,,,,nyse,2026-08-08T04:28:24,,,
JRJC,JRJC,2021-07-08,10:11:11,,LUDP,LULD pause,"China Finance Online Co., Ltd.",Nasdaq,2021-07-08,,10:16:11,,,,,,nyse,2026-08-08T04:28:24,,,
COHN,COHN,2021-07-08,10:13:19,,LUDP,LULD pause,Cohen & Company Inc,NYSE American,2021-07-08,,10:18:19,,,,,,nyse,2026-08-08T04:28:24,,,
CARV,CARV,2021-07-08,10:14:54,,LUDP,LULD pause,"Carver Bancorp, Inc.",Nasdaq,2021-07-08,,10:19:54,,,,,,nyse,2026-08-08T04:28:24,,,
COHN,COHN,2021-07-08,10:19:10,,LUDP,LULD pause,Cohen & Company Inc,NYSE American,2021-07-08,,10:24:10,,,,,,nyse,2026-08-08T04:28:24,,,
CARV,CARV,2021-07-08,10:20:10,,LUDP,LULD pause,"Carver Bancorp, Inc.",Nasdaq,2021-07-08,,10:35:11,,,,,,nyse,2026-08-08T04:28:24,,,
CRTD,CRTD,2021-07-08,10:22:04,,LUDP,LULD pause,Creatd Inc. Common Stock,Nasdaq,2021-07-08,,10:27:04,,,,,,nyse,2026-08-08T04:28:24,,,
COHN,COHN,2021-07-08,10:24:34,,LUDP,LULD pause,Cohen & Company Inc,NYSE American,2021-07-08,,10:29:34,,,,,,nyse,2026-08-08T04:28:24,,,
MITQ,MITQ,2021-07-08,10:29:24,,LUDP,LULD pause,"Moving iMage Technologies, Inc.",NYSE American,2021-07-08,,10:38:06,,,,,,nyse,2026-08-08T04:28:24,,,
COHN,COHN,2021-07-08,10:31:13,,LUDP,LULD pause,Cohen & Company Inc,NYSE American,2021-07-08,,10:36:13,,,,,,nyse,2026-08-08T04:28:24,,,
MITQ,MITQ,2021-07-08,10:38:32,,LUDP,LULD pause,"Moving iMage Technologies, Inc.",NYSE American,2021-07-08,,10:48:32,,,,,,nyse,2026-08-08T04:28:24,,,
MINM,MINM,2021-07-08,10:38:38,,LUDP,LULD pause,"Minim, Inc. Common Stock",Nasdaq,2021-07-08,,10:43:38,,,,,,nyse,2026-08-08T04:28:24,,,
JRJC,JRJC,2021-07-08,10:38:52,,LUDP,LULD pause,"China Finance Online Co., Ltd.",Nasdaq,2021-07-08,,10:43:52,,,,,,nyse,2026-08-08T04:28:24,,,
COHN,COHN,2021-07-08,10:46:05,,LUDP,LULD pause,Cohen & Company Inc,NYSE American,2021-07-08,,10:51:05,,,,,,nyse,2026-08-08T04:28:24,,,
MITQ,MITQ,2021-07-08,10:49:20,,LUDP,LULD pause,"Moving iMage Technologies, Inc.",NYSE American,2021-07-08,,10:59:20,,,,,,nyse,2026-08-08T04:28:24,,,
CARV,CARV,2021-07-08,10:49:26,,LUDP,LULD pause,"Carver Bancorp, Inc.",Nasdaq,2021-07-08,,10:54:26,,,,,,nyse,2026-08-08T04:28:24,,,
COHN,COHN,2021-07-08,10:52:46,,LUDP,LULD pause,Cohen & Company Inc,NYSE American,2021-07-08,,10:57:46,,,,,,nyse,2026-08-08T04:28:24,,,
COHN,COHN,2021-07-08,10:58:08,,LUDP,LULD pause,Cohen & Company Inc,NYSE American,2021-07-08,,11:03:08,,,,,,nyse,2026-08-08T04:28:24,,,
MITQ,MITQ,2021-07-08,10:59:47,,LUDP,LULD pause,"Moving iMage Technologies, Inc.",NYSE American,2021-07-08,,11:04:47,,,,,,nyse,2026-08-08T04:28:24,,,
COHN,COHN,2021-07-08,11:03:36,,LUDP,LULD pause,Cohen & Company Inc,NYSE American,2021-07-08,,11:08:36,,,,,,nyse,2026-08-08T04:28:24,,,
GHRS,GHRS,2021-07-08,11:04:14,,LUDP,LULD pause,GH Research PLC Ordinary Shares,Nasdaq,2021-07-08,,11:09:14,,,,,,nyse,2026-08-08T04:28:24,,,
MITQ,MITQ,2021-07-08,11:05:08,,LUDP,LULD pause,"Moving iMage Technologies, Inc.",NYSE American,2021-07-08,,11:15:17,,,,,,nyse,2026-08-08T04:28:24,,,
COHN,COHN,2021-07-08,11:09:13,,LUDP,LULD pause,Cohen & Company Inc,NYSE American,2021-07-08,,11:14:13,,,,,,nyse,2026-08-08T04:28:24,,,
RHE.PRA,RHE PRA,2021-07-08,11:11:10,,LUDP,LULD pause,"Regional Health Properties, Inc. Regional Health Properties, Inc. 10.875 percent Series A Cumulative",NYSE American,2021-07-08,,11:24:11,,,,,,nyse,2026-08-08T04:28:24,,,
CARV,CARV,2021-07-08,11:11:34,,LUDP,LULD pause,"Carver Bancorp, Inc.",Nasdaq,2021-07-08,,11:16:34,,,,,,nyse,2026-08-08T04:28:24,,,
MITQ,MITQ,2021-07-08,11:23:10,,LUDP,LULD pause,"Moving iMage Technologies, Inc.",NYSE American,2021-07-08,,11:28:10,,,,,,nyse,2026-08-08T04:28:24,,,
COHN,COHN,2021-07-08,11:23:36,,LUDP,LULD pause,Cohen & Company Inc,NYSE American,2021-07-08,,11:28:36,,,,,,nyse,2026-08-08T04:28:24,,,
COHN,COHN,2021-07-08,11:29:02,,LUDP,LULD pause,Cohen & Company Inc,NYSE American,2021-07-08,,11:34:02,,,,,,nyse,2026-08-08T04:28:24,,,
COHN,COHN,2021-07-08,11:34:26,,LUDP,LULD pause,Cohen & Company Inc,NYSE American,2021-07-08,,11:39:26,,,,,,nyse,2026-08-08T04:28:24,,,
COHN,COHN,2021-07-08,11:40:52,,LUDP,LULD pause,Cohen & Company Inc,NYSE American,2021-07-08,,11:50:52,,,,,,nyse,2026-08-08T04:28:24,,,
RAND,RAND,2021-07-08,11:46:01,,LUDP,LULD pause,Rand Capital Corp,Nasdaq,2021-07-08,,11:56:01,,,,,,nyse,2026-08-08T04:28:24,,,
MITQ,MITQ,2021-07-08,12:02:28,,LUDP,LULD pause,"Moving iMage Technologies, Inc.",NYSE American,2021-07-08,,12:12:28,,,,,,nyse,2026-08-08T04:28:24,,,
LMFA,LMFA,2021-07-08,12:05:12,,LUDP,LULD pause,"LM Funding America, Inc. Common Stock",Nasdaq,2021-07-08,,12:15:12,,,,,,nyse,2026-08-08T04:28:24,,,
MITQ,MITQ,2021-07-08,12:13:08,,LUDP,LULD pause,"Moving iMage Technologies, Inc.",NYSE American,2021-07-08,,12:18:08,,,,,,nyse,2026-08-08T04:28:24,,,
LMFA,LMFA,2021-07-08,12:15:49,,LUDP,LULD pause,"LM Funding America, Inc. Common Stock",Nasdaq,2021-07-08,,12:20:49,,,,,,nyse,2026-08-08T04:28:24,,,
COHN,COHN,2021-07-08,12:21:14,,LUDP,LULD pause,Cohen & Company Inc,NYSE American,2021-07-08,,12:26:14,,,,,,nyse,2026-08-08T04:28:24,,,
LMFA,LMFA,2021-07-08,12:22:21,,LUDP,LULD pause,"LM Funding America, Inc. Common Stock",Nasdaq,2021-07-08,,12:27:21,,,,,,nyse,2026-08-08T04:28:24,,,
MITQ,MITQ,2021-07-08,12:27:57,,LUDP,LULD pause,"Moving iMage Technologies, Inc.",NYSE American,2021-07-08,,12:32:57,,,,,,nyse,2026-08-08T04:28:24,,,
LMFA,LMFA,2021-07-08,12:31:22,,LUDP,LULD pause,"LM Funding America, Inc. Common Stock",Nasdaq,2021-07-08,,12:36:22,,,,,,nyse,2026-08-08T04:28:24,,,
RAND,RAND,2021-07-08,12:31:31,,LUDP,LULD pause,Rand Capital Corp,Nasdaq,2021-07-08,,12:36:31,,,,,,nyse,2026-08-08T04:28:24,,,
NVFY,NVFY,2021-07-08,12:38:57,,LUDP,LULD pause,"Nova Lifestyle, Inc.",Nasdaq,2021-07-08,,12:43:57,,,,,,nyse,2026-08-08T04:28:24,,,
COHN,COHN,2021-07-08,12:41:08,,LUDP,LULD pause,Cohen & Company Inc,NYSE American,2021-07-08,,12:46:08,,,,,,nyse,2026-08-08T04:28:24,,,
LMFA,LMFA,2021-07-08,13:03:34,,LUDP,LULD pause,"LM Funding America, Inc. Common Stock",Nasdaq,2021-07-08,,13:08:34,,,,,,nyse,2026-08-08T04:28:24,,,
LMFA,LMFA,2021-07-08,13:16:01,,LUDP,LULD pause,"LM Funding America, Inc. Common Stock",Nasdaq,2021-07-08,,13:21:01,,,,,,nyse,2026-08-08T04:28:24,,,
COHN,COHN,2021-07-08,13:26:20,,LUDP,LULD pause,Cohen & Company Inc,NYSE American,2021-07-08,,13:31:20,,,,,,nyse,2026-08-08T04:28:24,,,
NVFY,NVFY,2021-07-08,13:29:03,,LUDP,LULD pause,"Nova Lifestyle, Inc.",Nasdaq,2021-07-08,,13:34:03,,,,,,nyse,2026-08-08T04:28:24,,,
LMFA,LMFA,2021-07-08,13:30:12,,LUDP,LULD pause,"LM Funding America, Inc. Common Stock",Nasdaq,2021-07-08,,13:35:12,,,,,,nyse,2026-08-08T04:28:24,,,
LMFA,LMFA,2021-07-08,13:55:38,,LUDP,LULD pause,"LM Funding America, Inc. Common Stock",Nasdaq,2021-07-08,,14:00:38,,,,,,nyse,2026-08-08T04:28:24,,,
COHN,COHN,2021-07-08,13:58:44,,LUDP,LULD pause,Cohen & Company Inc,NYSE American,2021-07-08,,14:03:44,,,,,,nyse,2026-08-08T04:28:24,,,
NVFY,NVFY,2021-07-08,14:03:49,,LUDP,LULD pause,"Nova Lifestyle, Inc.",Nasdaq,2021-07-08,,14:08:49,,,,,,nyse,2026-08-08T04:28:24,,,
NVFY,NVFY,2021-07-08,14:12:15,,LUDP,LULD pause,"Nova Lifestyle, Inc.",Nasdaq,2021-07-08,,14:17:15,,,,,,nyse,2026-08-08T04:28:24,,,
COHN,COHN,2021-07-08,14:12:42,,LUDP,LULD pause,Cohen & Company Inc,NYSE American,2021-07-08,,14:17:42,,,,,,nyse,2026-08-08T04:28:24,,,
MITQ,MITQ,2021-07-08,15:22:02,,LUDP,LULD pause,"Moving iMage Technologies, Inc.",NYSE American,2021-07-08,,15:32:02,,,,,,nyse,2026-08-08T04:28:24,,,
MITQ,MITQ,2021-07-08,15:32:38,,LUDP,LULD pause,"Moving iMage Technologies, Inc.",NYSE American,2021-07-08,,15:37:38,,,,,,nyse,2026-08-08T04:28:24,,,
MITQ,MITQ,2021-07-08,15:42:16,,LUDP,LULD pause,"Moving iMage Technologies, Inc.",NYSE American,2021-07-08,,15:47:16,,,,,,nyse,2026-08-08T04:28:24,,,
SGTX,SGTX,2021-07-09,07:25:27,,T1,News pending,"Sigilon Therapeutics, Inc. Common Stock",Nasdaq,2021-07-09,,08:00:00,,,,,,nyse,2026-08-08T04:28:24,,,
STMP,STMP,2021-07-09,07:30:03,,T1,News pending,"Stamps.com, Inc.",Nasdaq,2021-07-09,,08:00:00,,,,,,nyse,2026-08-08T04:28:24,,,
MSGN,MSGN,2021-07-09,08:27:31,,UNKNOWN,Merger Effective,MSG Networks Inc.,NYSE,,,,,,,,,nyse,2026-08-08T04:28:24,no_reanudo,,
AGRI,AGRI,2021-07-09,09:30:31,,LUDP,LULD pause,AgriFORCE Growing Systems Ltd. Common Shares,Nasdaq,2021-07-09,,09:35:31,,,,,,nyse,2026-08-08T04:28:24,,,
CVRX,CVRX,2021-07-09,09:30:31,,LUDP,LULD pause,"CVRx, Inc. Common Stock",Nasdaq,2021-07-09,,09:35:31,,,,,,nyse,2026-08-08T04:28:24,,,
MITQ,MITQ,2021-07-09,09:31:02,,LUDP,LULD pause,"Moving iMage Technologies, Inc.",NYSE American,2021-07-09,,09:41:02,,,,,,nyse,2026-08-08T04:28:24,,,
ENSC,ENSC,2021-07-09,09:33:21,,LUDP,LULD pause,"Ensysce Biosciences, Inc. Common Stock",Nasdaq,2021-07-09,,09:38:21,,,,,,nyse,2026-08-08T04:28:24,,,
AGRI,AGRI,2021-07-09,09:38:34,,LUDP,LULD pause,AgriFORCE Growing Systems Ltd. Common Shares,Nasdaq,2021-07-09,,09:43:34,,,,,,nyse,2026-08-08T04:28:24,,,
CARV,CARV,2021-07-09,09:40:41,,LUDP,LULD pause,"Carver Bancorp, Inc.",Nasdaq,2021-07-09,,09:45:41,,,,,,nyse,2026-08-08T04:28:24,,,
AGO.PRB,AGO PRB,2021-07-09,09:47:14,,T1,News pending,Assured Guaranty Municipal Holdings Inc. 6-7/8% Quarterly Interest Bonds due 2101,NYSE,,,,,,,,,nyse,2026-08-08T04:28:24,no_reanudo,,
AGZD,AGZD,2021-07-09,10:01:56,,LUDP,LULD pause,WisdomTree Trust WisdomTree Interest Rate Hedged U.S. Aggregate Bond Fund,Nasdaq,2021-07-09,,10:06:56,,,,,,nyse,2026-08-08T04:28:24,,,
SQBG,SQBG,2021-07-09,10:47:03,,LUDP,LULD pause,"Sequential Brands Group, Inc.",Nasdaq,2021-07-09,,10:57:04,,,,,,nyse,2026-08-08T04:28:24,,,
RNAZ,RNAZ,2021-07-09,10:55:33,,LUDP,LULD pause,"TransCode Therapeutics, Inc. Common Stock",Nasdaq,2021-07-09,,11:00:33,,,,,,nyse,2026-08-08T04:28:24,,,
RNAZ,RNAZ,2021-07-09,11:02:40,,LUDP,LULD pause,"TransCode Therapeutics, Inc. Common Stock",Nasdaq,2021-07-09,,11:07:40,,,,,,nyse,2026-08-08T04:28:24,,,
SNTG,SNTG,2021-07-09,11:14:59,,LUDP,LULD pause,Sentage Holdings Inc. Ordinary Shares,Nasdaq,2021-07-09,,11:24:59,,,,,,nyse,2026-08-08T04:28:24,,,
RNGR,RNGR,2021-07-09,11:26:39,,T1,News pending,"Ranger Energy Services, Inc.",NYSE,2021-07-09,,12:10:05,,,,,,nyse,2026-08-08T04:28:24,,,
SNTG,SNTG,2021-07-09,11:26:40,,LUDP,LULD pause,Sentage Holdings Inc. Ordinary Shares,Nasdaq,2021-07-09,,11:31:40,,,,,,nyse,2026-08-08T04:28:24,,,
SNTG,SNTG,2021-07-09,11:32:32,,LUDP,LULD pause,Sentage Holdings Inc. Ordinary Shares,Nasdaq,2021-07-09,,11:42:32,,,,,,nyse,2026-08-08T04:28:24,,,
SNTG,SNTG,2021-07-09,11:46:55,,LUDP,LULD pause,Sentage Holdings Inc. Ordinary Shares,Nasdaq,2021-07-09,,11:51:55,,,,,,nyse,2026-08-08T04:28:24,,,
SGOC,SGOC,2021-07-09,12:12:16,,LUDP,LULD pause,"SGOCO Group, Ltd (Cayman Islands)",Nasdaq,2021-07-09,,12:17:16,,,,,,nyse,2026-08-08T04:28:24,,,
SGOC,SGOC,2021-07-09,12:17:45,,LUDP,LULD pause,"SGOCO Group, Ltd (Cayman Islands)",Nasdaq,2021-07-09,,12:22:45,,,,,,nyse,2026-08-08T04:28:24,,,
JRJC,JRJC,2021-07-09,12:19:08,,LUDP,LULD pause,"China Finance Online Co., Ltd.",Nasdaq,2021-07-09,,12:24:08,,,,,,nyse,2026-08-08T04:28:24,,,
SGOC,SGOC,2021-07-09,12:23:14,,LUDP,LULD pause,"SGOCO Group, Ltd (Cayman Islands)",Nasdaq,2021-07-09,,12:28:14,,,,,,nyse,2026-08-08T04:28:24,,,
SGOC,SGOC,2021-07-09,12:29:39,,LUDP,LULD pause,"SGOCO Group, Ltd (Cayman Islands)",Nasdaq,2021-07-09,,12:49:40,,,,,,nyse,2026-08-08T04:28:24,,,
SGOC,SGOC,2021-07-09,12:51:59,,LUDP,LULD pause,"SGOCO Group, Ltd (Cayman Islands)",Nasdaq,2021-07-09,,12:56:59,,,,,,nyse,2026-08-08T04:28:24,,,
LHDX,LHDX,2021-07-09,13:34:33,,LUDP,LULD pause,"Lucira Health, Inc. Common Stock",Nasdaq,2021-07-09,,13:39:33,,,,,,nyse,2026-08-08T04:28:24,,,
CLWT,CLWT,2021-07-09,14:05:41,,LUDP,LULD pause,Euro Tech Holdings Co Ltd. New,Nasdaq,2021-07-09,,14:10:41,,,,,,nyse,2026-08-08T04:28:24,,,
TPST,TPST,2021-07-09,14:10:25,,LUDP,LULD pause,"Tempest Therapeutics, Inc. Common Stock",Nasdaq,2021-07-09,,14:15:25,,,,,,nyse,2026-08-08T04:28:24,,,
BNSO,BNSO,2021-07-09,14:13:57,,LUDP,LULD pause,Bonso Electronic International,Nasdaq,2021-07-09,,14:23:58,,,,,,nyse,2026-08-08T04:28:24,,,
MTSL,MTSL,2021-07-09,14:16:14,,LUDP,LULD pause,MER Telemanagement Solutions,Nasdaq,2021-07-09,,14:21:14,,,,,,nyse,2026-08-08T04:28:24,,,
TPST,TPST,2021-07-09,14:19:50,,LUDP,LULD pause,"Tempest Therapeutics, Inc. Common Stock",Nasdaq,2021-07-09,,14:24:50,,,,,,nyse,2026-08-08T04:28:24,,,
MTSL,MTSL,2021-07-09,14:24:02,,LUDP,LULD pause,MER Telemanagement Solutions,Nasdaq,2021-07-09,,14:29:02,,,,,,nyse,2026-08-08T04:28:24,,,
MTR,MTR,2021-07-09,14:42:14,,LUDP,LULD pause,Mesa Royalty Trust,NYSE,2021-07-09,,14:47:14,,,,,,nyse,2026-08-08T04:28:24,,,
TPST,TPST,2021-07-09,14:54:10,,LUDP,LULD pause,"Tempest Therapeutics, Inc. Common Stock",Nasdaq,2021-07-09,,14:59:10,,,,,,nyse,2026-08-08T04:28:24,,,
TPST,TPST,2021-07-09,15:00:19,,LUDP,LULD pause,"Tempest Therapeutics, Inc. Common Stock",Nasdaq,2021-07-09,,15:05:19,,,,,,nyse,2026-08-08T04:28:24,,,
TPST,TPST,2021-07-09,15:05:55,,LUDP,LULD pause,"Tempest Therapeutics, Inc. Common Stock",Nasdaq,2021-07-09,,15:10:55,,,,,,nyse,2026-08-08T04:28:24,,,
SGOC,SGOC,2021-07-09,15:09:55,,LUDP,LULD pause,"SGOCO Group, Ltd (Cayman Islands)",Nasdaq,2021-07-09,,15:14:55,,,,,,nyse,2026-08-08T04:28:24,,,
TPST,TPST,2021-07-09,15:15:12,,LUDP,LULD pause,"Tempest Therapeutics, Inc. Common Stock",Nasdaq,2021-07-09,,15:25:12,,,,,,nyse,2026-08-08T04:28:24,,,
OPENW,OPENW,2021-07-09,16:05:01,,T1,News pending,Opendoor Technologies Inc Warrants expiring 12/18/2025,Nasdaq,,,,,,,,,nyse,2026-08-08T04:28:24,no_reanudo,,
FCCY,FCCY,2021-07-12,07:55:39,,T1,News pending,1st Constitution Bancorp,Nasdaq,2021-07-12,,08:30:00,,,,,,nyse,2026-08-08T04:28:24,,,
STFC,STFC,2021-07-12,08:25:21,,T1,News pending,State Auto Financial Corp,Nasdaq,2021-07-12,,09:00:00,,,,,,nyse,2026-08-08T04:28:24,,,
SGOC,SGOC,2021-07-12,09:31:11,,LUDP,LULD pause,"SGOCO Group, Ltd (Cayman Islands)",Nasdaq,2021-07-12,,09:41:11,,,,,,nyse,2026-08-08T04:28:24,,,
MTEX,MTEX,2021-07-12,09:31:49,,LUDP,LULD pause,Mannatech Inc.,Nasdaq,2021-07-12,,09:36:49,,,,,,nyse,2026-08-08T04:28:24,,,
TPST,TPST,2021-07-12,09:32:59,,LUDP,LULD pause,"Tempest Therapeutics, Inc. Common Stock",Nasdaq,2021-07-12,,09:37:59,,,,,,nyse,2026-08-08T04:28:24,,,
SPCE,SPCE,2021-07-12,09:34:51,,LUDP,LULD pause,"Virgin Galactic Holdings, Inc.",NYSE,2021-07-12,,09:39:52,,,,,,nyse,2026-08-08T04:28:24,,,
MDIA,MDIA,2021-07-12,09:40:32,,LUDP,LULD pause,Mediaco Holding Inc. Class A Common Stock,Nasdaq,2021-07-12,,09:45:32,,,,,,nyse,2026-08-08T04:28:24,,,
SGOC,SGOC,2021-07-12,09:41:47,,LUDP,LULD pause,"SGOCO Group, Ltd (Cayman Islands)",Nasdaq,2021-07-12,,09:51:47,,,,,,nyse,2026-08-08T04:28:24,,,
CRTD,CRTD,2021-07-12,09:48:51,,LUDP,LULD pause,Creatd Inc. Common Stock,Nasdaq,2021-07-12,,09:58:51,,,,,,nyse,2026-08-08T04:28:24,,,
SNTG,SNTG,2021-07-12,09:49:21,,LUDP,LULD pause,Sentage Holdings Inc. Ordinary Shares,Nasdaq,2021-07-12,,09:54:21,,,,,,nyse,2026-08-08T04:28:24,,,
SGOC,SGOC,2021-07-12,09:52:18,,LUDP,LULD pause,"SGOCO Group, Ltd (Cayman Islands)",Nasdaq,2021-07-12,,10:02:18,,,,,,nyse,2026-08-08T04:28:24,,,
SNTG,SNTG,2021-07-12,09:58:48,,LUDP,LULD pause,Sentage Holdings Inc. Ordinary Shares,Nasdaq,2021-07-12,,10:03:48,,,,,,nyse,2026-08-08T04:28:24,,,
CRTD,CRTD,2021-07-12,10:01:11,,LUDP,LULD pause,Creatd Inc. Common Stock,Nasdaq,2021-07-12,,10:11:11,,,,,,nyse,2026-08-08T04:28:24,,,
CRTD,CRTD,2021-07-12,10:13:06,,LUDP,LULD pause,Creatd Inc. Common Stock,Nasdaq,2021-07-12,,10:23:06,,,,,,nyse,2026-08-08T04:28:24,,,
SEED,SEED,2021-07-12,10:14:13,,LUDP,LULD pause,Origin Agritech Limited,Nasdaq,2021-07-12,,10:19:13,,,,,,nyse,2026-08-08T04:28:24,,,
SGOC,SGOC,2021-07-12,10:56:00,,LUDP,LULD pause,"SGOCO Group, Ltd (Cayman Islands)",Nasdaq,2021-07-12,,11:01:00,,,,,,nyse,2026-08-08T04:28:24,,,
QGEN,QGEN,2021-07-12,11:05:01,,T1,News pending,Qiagen NV,NYSE,2021-07-12,,11:31:54,,,,,,nyse,2026-08-08T04:28:24,,,
MDIA,MDIA,2021-07-12,11:47:54,,LUDP,LULD pause,Mediaco Holding Inc. Class A Common Stock,Nasdaq,2021-07-12,,11:57:54,,,,,,nyse,2026-08-08T04:28:24,,,
ARTW,ARTW,2021-07-12,11:56:05,,LUDP,LULD pause,Arts-Way Manufacturing Co Inc,Nasdaq,2021-07-12,,12:01:05,,,,,,nyse,2026-08-08T04:28:24,,,
MITQ,MITQ,2021-07-12,12:44:58,,LUDP,LULD pause,"Moving iMage Technologies, Inc.",NYSE American,2021-07-12,,12:49:58,,,,,,nyse,2026-08-08T04:28:24,,,
MITQ,MITQ,2021-07-12,12:50:21,,LUDP,LULD pause,"Moving iMage Technologies, Inc.",NYSE American,2021-07-12,,12:55:21,,,,,,nyse,2026-08-08T04:28:24,,,
MITQ,MITQ,2021-07-12,12:59:24,,LUDP,LULD pause,"Moving iMage Technologies, Inc.",NYSE American,2021-07-12,,13:04:24,,,,,,nyse,2026-08-08T04:28:24,,,
MITQ,MITQ,2021-07-12,13:07:11,,LUDP,LULD pause,"Moving iMage Technologies, Inc.",NYSE American,2021-07-12,,13:12:11,,,,,,nyse,2026-08-08T04:28:24,,,
MDIA,MDIA,2021-07-12,13:50:57,,LUDP,LULD pause,Mediaco Holding Inc. Class A Common Stock,Nasdaq,2021-07-12,,13:55:57,,,,,,nyse,2026-08-08T04:28:24,,,
MDIA,MDIA,2021-07-12,14:41:11,,LUDP,LULD pause,Mediaco Holding Inc. Class A Common Stock,Nasdaq,2021-07-12,,14:46:11,,,,,,nyse,2026-08-08T04:28:24,,,
MDIA,MDIA,2021-07-12,14:59:37,,LUDP,LULD pause,Mediaco Holding Inc. Class A Common Stock,Nasdaq,2021-07-12,,15:04:37,,,,,,nyse,2026-08-08T04:28:24,,,
MUDSU,MUDSU,2021-07-12,15:03:29,,LUDP,LULD pause,Mudrick Capital Acquisition Corporation II Unit,Nasdaq,2021-07-12,,15:08:29,,,,,,nyse,2026-08-08T04:28:24,,,
MDIA,MDIA,2021-07-12,15:31:24,,LUDP,LULD pause,Mediaco Holding Inc. Class A Common Stock,Nasdaq,2021-07-12,,15:36:24,,,,,,nyse,2026-08-08T04:28:24,,,
NEWA,NEWA,2021-07-13,08:17:58,,T1,News pending,"Newater Technology, Inc. Ordinary Shares",Nasdaq,,,,,,,,,nyse,2026-08-08T04:28:24,no_reanudo,,
HBMD,HBMD,2021-07-13,08:55:01,,T1,News pending,"Howard Bancorp, Inc. Common Stock",Nasdaq,2021-07-13,,09:50:00,,,,,,nyse,2026-08-08T04:28:24,,,
KOR,KOR,2021-07-13,09:21:17,,T1,News pending,Corvus Gold Inc. Common Shares,Nasdaq,2021-07-13,,12:45:00,,,,,,nyse,2026-08-08T04:28:24,,,
LBPH,LBPH,2021-07-13,09:31:33,,LUDP,LULD pause,"Longboard Pharmaceuticals, Inc. Common Stock",Nasdaq,2021-07-13,,09:48:21,,,,,,nyse,2026-08-08T04:28:24,,,
MDIA,MDIA,2021-07-13,09:34:21,,LUDP,LULD pause,Mediaco Holding Inc. Class A Common Stock,Nasdaq,2021-07-13,,09:39:21,,,,,,nyse,2026-08-08T04:28:24,,,
OSAT,OSAT,2021-07-13,09:36:43,,LUDP,LULD pause,Orbsat Corp Common Stock,Nasdaq,2021-07-13,,09:41:43,,,,,,nyse,2026-08-08T04:28:24,,,
CRTD,CRTD,2021-07-13,09:39:16,,LUDP,LULD pause,Creatd Inc. Common Stock,Nasdaq,2021-07-13,,09:49:17,,,,,,nyse,2026-08-08T04:28:24,,,
OSAT,OSAT,2021-07-13,09:42:53,,LUDP,LULD pause,Orbsat Corp Common Stock,Nasdaq,2021-07-13,,09:47:53,,,,,,nyse,2026-08-08T04:28:24,,,
LBPH,LBPH,2021-07-13,09:48:45,,LUDP,LULD pause,"Longboard Pharmaceuticals, Inc. Common Stock",Nasdaq,2021-07-13,,10:03:46,,,,,,nyse,2026-08-08T04:28:24,,,
PSACU,PSACU,2021-07-13,09:57:31,,LUDP,LULD pause,Property Solutions Acquisition Corp. Unit,Nasdaq,2021-07-13,,10:02:31,,,,,,nyse,2026-08-08T04:28:24,,,
AHPI,AHPI,2021-07-13,10:06:00,,LUDP,LULD pause,Allied Healthcare Products,Nasdaq,2021-07-13,,10:16:00,,,,,,nyse,2026-08-08T04:28:24,,,
LBPH,LBPH,2021-07-13,10:08:22,,LUDP,LULD pause,"Longboard Pharmaceuticals, Inc. Common Stock",Nasdaq,2021-07-13,,10:13:22,,,,,,nyse,2026-08-08T04:28:24,,,
LBPH,LBPH,2021-07-13,10:13:55,,LUDP,LULD pause,"Longboard Pharmaceuticals, Inc. Common Stock",Nasdaq,2021-07-13,,10:18:55,,,,,,nyse,2026-08-08T04:28:24,,,
AHPI,AHPI,2021-07-13,10:23:53,,LUDP,LULD pause,Allied Healthcare Products,Nasdaq,2021-07-13,,10:28:53,,,,,,nyse,2026-08-08T04:28:24,,,
FTPA,FTPA,2021-07-13,10:27:26,,LUDP,LULD pause,FTAC Parnassus Acquisition Corp. Class A Common Stock,Nasdaq,2021-07-13,,10:32:26,,,,,,nyse,2026-08-08T04:28:24,,,
LBPH,LBPH,2021-07-13,10:29:12,,LUDP,LULD pause,"Longboard Pharmaceuticals, Inc. Common Stock",Nasdaq,2021-07-13,,10:34:12,,,,,,nyse,2026-08-08T04:28:24,,,
AHPI,AHPI,2021-07-13,10:38:22,,LUDP,LULD pause,Allied Healthcare Products,Nasdaq,2021-07-13,,10:43:22,,,,,,nyse,2026-08-08T04:28:24,,,
UNCY,UNCY,2021-07-13,10:46:59,,LUDP,LULD pause,"Unicycive Therapeutics, Inc. Common Stock",Nasdaq,2021-07-13,,11:12:00,,,,,,nyse,2026-08-08T04:28:24,,,
RCAT,RCAT,2021-07-13,10:47:46,,LUDP,LULD pause,"Red Cat Holdings, Inc. Common Stock",Nasdaq,2021-07-13,,10:57:47,,,,,,nyse,2026-08-08T04:28:24,,,
UNCY,UNCY,2021-07-13,11:12:36,,LUDP,LULD pause,"Unicycive Therapeutics, Inc. Common Stock",Nasdaq,2021-07-13,,11:22:36,,,,,,nyse,2026-08-08T04:28:24,,,
TDACU,TDACU,2021-07-13,11:21:27,,LUDP,LULD pause,Trident Acquisitions Corp. Units,Nasdaq,2021-07-13,,11:26:27,,,,,,nyse,2026-08-08T04:28:24,,,
SLI,SLI,2021-07-13,11:33:59,,LUDP,LULD pause,Standard Lithium Ltd.,NYSE American,2021-07-13,,11:54:21,,,,,,nyse,2026-08-08T04:28:24,,,
VRPX,VRPX,2021-07-13,11:37:49,,LUDP,LULD pause,"Virpax Pharmaceuticals, Inc. Common Stock",Nasdaq,2021-07-13,,11:42:49,,,,,,nyse,2026-08-08T04:28:24,,,
VRPX,VRPX,2021-07-13,11:52:08,,LUDP,LULD pause,"Virpax Pharmaceuticals, Inc. Common Stock",Nasdaq,2021-07-13,,12:02:08,,,,,,nyse,2026-08-08T04:28:24,,,
SLI,SLI,2021-07-13,11:54:40,,LUDP,LULD pause,Standard Lithium Ltd.,NYSE American,2021-07-13,,12:04:40,,,,,,nyse,2026-08-08T04:28:24,,,
AHPI,AHPI,2021-07-13,12:57:58,,LUDP,LULD pause,Allied Healthcare Products,Nasdaq,2021-07-13,,13:02:58,,,,,,nyse,2026-08-08T04:28:24,,,
IMTE,IMTE,2021-07-13,13:43:54,,LUDP,LULD pause,Integrated Media Technology Limited Ordinary Shares,Nasdaq,2021-07-13,,13:48:54,,,,,,nyse,2026-08-08T04:28:24,,,
ZIVO,ZIVO,2021-07-13,13:48:38,,LUDP,LULD pause,"Zivo Bioscience, Inc. Common Stock",Nasdaq,2021-07-13,,13:58:38,,,,,,nyse,2026-08-08T04:28:24,,,
ZIVO,ZIVO,2021-07-13,14:00:14,,LUDP,LULD pause,"Zivo Bioscience, Inc. Common Stock",Nasdaq,2021-07-13,,14:05:14,,,,,,nyse,2026-08-08T04:28:24,,,
AHPI,AHPI,2021-07-13,14:13:46,,LUDP,LULD pause,Allied Healthcare Products,Nasdaq,2021-07-13,,14:23:46,,,,,,nyse,2026-08-08T04:28:24,,,
SLN,SLN,2021-07-13,14:59:10,,LUDP,LULD pause,Silence Therapeutics Plc American Depository Share,Nasdaq,2021-07-13,,15:04:10,,,,,,nyse,2026-08-08T04:28:24,,,
LMNX,LMNX,2021-07-13,19:52:26,,T1,News pending,Luminex Corp,Nasdaq,,,,,,,,,nyse,2026-08-08T04:28:24,no_reanudo,,
TMDX,TMDX,2021-07-14,06:55:02,,T1,News pending,"TransMedics Group, Inc. Common Stock",Nasdaq,2021-07-15,,07:10:00,,,,,,nyse,2026-08-08T04:28:24,,,
SGOC,SGOC,2021-07-14,09:34:39,,LUDP,LULD pause,"SGOCO Group, Ltd (Cayman Islands)",Nasdaq,2021-07-14,,09:44:41,,,,,,nyse,2026-08-08T04:28:24,,,
RCAT,RCAT,2021-07-14,09:34:58,,LUDP,LULD pause,"Red Cat Holdings, Inc. Common Stock",Nasdaq,2021-07-14,,09:39:58,,,,,,nyse,2026-08-08T04:28:24,,,
WHG,WHG,2021-07-14,09:36:32,,LUDP,LULD pause,"WESTWOOD HOLDINGS GROUP, INC.",NYSE,2021-07-14,,09:41:32,,,,,,nyse,2026-08-08T04:28:24,,,
AHPI,AHPI,2021-07-14,09:37:41,,LUDP,LULD pause,Allied Healthcare Products,Nasdaq,2021-07-14,,09:42:41,,,,,,nyse,2026-08-08T04:28:24,,,
MDIA,MDIA,2021-07-14,09:51:15,,LUDP,LULD pause,Mediaco Holding Inc. Class A Common Stock,Nasdaq,2021-07-14,,09:56:15,,,,,,nyse,2026-08-08T04:28:24,,,
WHLM,WHLM,2021-07-14,09:52:57,,LUDP,LULD pause,"Wilhelmina International, Inc",Nasdaq,2021-07-14,,09:57:57,,,,,,nyse,2026-08-08T04:28:24,,,
MDIA,MDIA,2021-07-14,09:57:48,,LUDP,LULD pause,Mediaco Holding Inc. Class A Common Stock,Nasdaq,2021-07-14,,10:02:48,,,,,,nyse,2026-08-08T04:28:24,,,
WHLM,WHLM,2021-07-14,10:01:02,,LUDP,LULD pause,"Wilhelmina International, Inc",Nasdaq,2021-07-14,,10:06:02,,,,,,nyse,2026-08-08T04:28:24,,,
SGOC,SGOC,2021-07-14,10:02:17,,LUDP,LULD pause,"SGOCO Group, Ltd (Cayman Islands)",Nasdaq,2021-07-14,,10:07:17,,,,,,nyse,2026-08-08T04:28:24,,,
IINN,IINN,2021-07-14,10:09:50,,LUDP,LULD pause,Inspira Technologies Oxy B.H.N. Ltd. Ordinary Shares,Nasdaq,2021-07-14,,10:19:50,,,,,,nyse,2026-08-08T04:28:24,,,
SENEB,SENEB,2021-07-14,10:12:50,,LUDP,LULD pause,Seneca Foods Corp,Nasdaq,2021-07-14,,10:17:50,,,,,,nyse,2026-08-08T04:28:24,,,
WHLM,WHLM,2021-07-14,10:20:37,,LUDP,LULD pause,"Wilhelmina International, Inc",Nasdaq,2021-07-14,,10:25:37,,,,,,nyse,2026-08-08T04:28:24,,,
WHLM,WHLM,2021-07-14,10:30:20,,LUDP,LULD pause,"Wilhelmina International, Inc",Nasdaq,2021-07-14,,10:35:20,,,,,,nyse,2026-08-08T04:28:24,,,
XTLB,XTLB,2021-07-14,10:46:35,,LUDP,LULD pause,XTL Biopharmaceuticals Ltd. American Depositary Shares,Nasdaq,2021-07-14,,10:51:35,,,,,,nyse,2026-08-08T04:28:24,,,
UP,UP,2021-07-14,10:47:03,,LUDP,LULD pause,Wheels Up Experience Inc.,NYSE,2021-07-14,,10:52:20,,,,,,nyse,2026-08-08T04:28:24,,,
UP,UP,2021-07-14,10:52:35,,LUDP,LULD pause,Wheels Up Experience Inc.,NYSE,2021-07-14,,10:57:37,,,,,,nyse,2026-08-08T04:28:24,,,
WBT,WBT,2021-07-14,10:56:28,,T1,News pending,"Welbilt, Inc.",NYSE,2021-07-14,,11:15:39,,,,,,nyse,2026-08-08T04:28:24,,,
USEG,USEG,2021-07-14,11:06:47,,LUDP,LULD pause,US Energy Corp Wyoming,Nasdaq,2021-07-14,,11:16:47,,,,,,nyse,2026-08-08T04:28:24,,,
USEG,USEG,2021-07-14,11:19:30,,LUDP,LULD pause,US Energy Corp Wyoming,Nasdaq,2021-07-14,,11:24:30,,,,,,nyse,2026-08-08T04:28:24,,,
ALZN,ALZN,2021-07-14,11:20:59,,LUDP,LULD pause,"Alzamend Neuro, Inc. Common Stock",Nasdaq,2021-07-14,,11:25:59,,,,,,nyse,2026-08-08T04:28:24,,,
WHLM,WHLM,2021-07-14,11:25:30,,LUDP,LULD pause,"Wilhelmina International, Inc",Nasdaq,2021-07-14,,11:30:30,,,,,,nyse,2026-08-08T04:28:24,,,
USEG,USEG,2021-07-14,11:30:44,,LUDP,LULD pause,US Energy Corp Wyoming,Nasdaq,2021-07-14,,11:35:44,,,,,,nyse,2026-08-08T04:28:24,,,
WHG,WHG,2021-07-14,11:42:39,,T1,News pending,"WESTWOOD HOLDINGS GROUP, INC.",NYSE,2021-07-14,,13:25:15,,,,,,nyse,2026-08-08T04:28:24,,,
USEG,USEG,2021-07-14,11:53:27,,LUDP,LULD pause,US Energy Corp Wyoming,Nasdaq,2021-07-14,,11:58:27,,,,,,nyse,2026-08-08T04:28:24,,,
USEG,USEG,2021-07-14,13:03:31,,LUDP,LULD pause,US Energy Corp Wyoming,Nasdaq,2021-07-14,,13:08:31,,,,,,nyse,2026-08-08T04:28:24,,,
ADIL,ADIL,2021-07-14,14:00:44,,LUDP,LULD pause,"Adial Pharmaceuticals, Inc",Nasdaq,2021-07-14,,14:05:44,,,,,,nyse,2026-08-08T04:28:24,,,
TPST,TPST,2021-07-14,14:36:35,,LUDP,LULD pause,"Tempest Therapeutics, Inc. Common Stock",Nasdaq,2021-07-14,,14:41:35,,,,,,nyse,2026-08-08T04:28:24,,,
RBNC,RBNC,2021-07-14,16:25:18,,T1,News pending,"Reliant Bancorp, Inc. Common Stock",Nasdaq,2021-07-14,,17:01:00,,,,,,nyse,2026-08-08T04:28:24,,,
CNST,CNST,2021-07-14,19:50:22,,T1,News pending,"Constellation Pharmaceuticals, Inc.",Nasdaq,,,,,,,,,nyse,2026-08-08T04:28:24,no_reanudo,,
FGEN,FGEN,2021-07-15,06:55:01,,T1,News pending,"FibroGen, Inc",Nasdaq,2021-07-15,,18:55:00,,,,,,nyse,2026-08-08T04:28:24,,,
MITQ,MITQ,2021-07-15,09:31:18,,LUDP,LULD pause,"Moving iMage Technologies, Inc.",NYSE American,2021-07-15,,09:36:18,,,,,,nyse,2026-08-08T04:28:24,,,
SGOC,SGOC,2021-07-15,09:33:42,,LUDP,LULD pause,"SGOCO Group, Ltd (Cayman Islands)",Nasdaq,2021-07-15,,09:38:42,,,,,,nyse,2026-08-08T04:28:24,,,
MITQ,MITQ,2021-07-15,09:37:08,,LUDP,LULD pause,"Moving iMage Technologies, Inc.",NYSE American,2021-07-15,,09:42:08,,,,,,nyse,2026-08-08T04:28:24,,,
AHPI,AHPI,2021-07-15,09:37:31,,LUDP,LULD pause,Allied Healthcare Products,Nasdaq,2021-07-15,,09:42:31,,,,,,nyse,2026-08-08T04:28:24,,,
CARV,CARV,2021-07-15,09:44:26,,LUDP,LULD pause,"Carver Bancorp, Inc.",Nasdaq,2021-07-15,,09:49:26,,,,,,nyse,2026-08-08T04:28:24,,,
MITQ,MITQ,2021-07-15,09:45:27,,LUDP,LULD pause,"Moving iMage Technologies, Inc.",NYSE American,2021-07-15,,09:55:27,,,,,,nyse,2026-08-08T04:28:24,,,
YVR,YVR,2021-07-15,10:05:24,,LUDP,LULD pause,Liquid Media Group Ltd. Common Shares,Nasdaq,2021-07-15,,10:10:24,,,,,,nyse,2026-08-08T04:28:24,,,
SNOA,SNOA,2021-07-15,10:34:41,,LUDP,LULD pause,"Sonoma Pharmaceuticals, Inc. Common Stock",Nasdaq,2021-07-15,,10:39:41,,,,,,nyse,2026-08-08T04:28:24,,,
MMMB,MMMB,2021-07-15,10:56:36,,LUDP,LULD pause,"MamaMancini's Holdings, Inc. Common Stock",Nasdaq,2021-07-15,,11:01:36,,,,,,nyse,2026-08-08T04:28:24,,,
GPX,GPX,2021-07-15,11:37:11,,T1,News pending,GP Strategies Corp.,NYSE,2021-07-15,,12:06:39,,,,,,nyse,2026-08-08T04:28:24,,,
ARL,ARL,2021-07-15,11:41:29,,LUDP,LULD pause,"American Realty Investors, Inc.",NYSE,2021-07-15,,11:46:36,,,,,,nyse,2026-08-08T04:28:24,,,
ARL,ARL,2021-07-15,12:21:14,,LUDP,LULD pause,"American Realty Investors, Inc.",NYSE,2021-07-15,,12:26:19,,,,,,nyse,2026-08-08T04:28:24,,,
EVGO,EVGO,2021-07-15,13:00:36,,LUDP,LULD pause,EVgo Inc. Class A Common Stock,Nasdaq,2021-07-15,,13:10:36,,,,,,nyse,2026-08-08T04:28:24,,,
CRVS,CRVS,2021-07-15,16:00:37,,T1,News pending,"Corvus Pharmaceuticals, Inc.",Nasdaq,2021-07-15,,16:35:00,,,,,,nyse,2026-08-08T04:28:24,,,
PFDR,PFDR,2021-07-15,17:01:01,,T1,News pending,Pathfinder Acquisition Corporation Class A Ordinary Shares,Nasdaq,2021-07-15,,17:55:00,,,,,,nyse,2026-08-08T04:28:24,,,
PFDRU,PFDRU,2021-07-15,17:01:01,,T1,News pending,Pathfinder Acquisition Corporation Unit,Nasdaq,2021-07-15,,17:55:00,,,,,,nyse,2026-08-08T04:28:24,,,
PFDRW,PFDRW,2021-07-15,17:01:01,,T1,News pending,Pathfinder Acquisition Corporation Warrant,Nasdaq,2021-07-15,,17:55:00,,,,,,nyse,2026-08-08T04:28:24,,,
DSSI,DSSI,2021-07-16,06:42:57,,UNKNOWN,Merger Effective,Diamond S Shipping Inc. Common Shares,NYSE,,,,,,,,,nyse,2026-08-08T04:28:24,no_reanudo,,
TCBS,TCBS,2021-07-16,09:41:54,,LUDP,LULD pause,"Texas Community Bancshares, Inc. Common Stock",Nasdaq,2021-07-16,,09:51:54,,,,,,nyse,2026-08-08T04:28:24,,,
TCBS,TCBS,2021-07-16,09:55:57,,LUDP,LULD pause,"Texas Community Bancshares, Inc. Common Stock",Nasdaq,2021-07-16,,10:05:57,,,,,,nyse,2026-08-08T04:28:24,,,
MOHO,MOHO,2021-07-16,10:03:03,,LUDP,LULD pause,ECMOHO Limited American Depositary Shares,Nasdaq,2021-07-16,,10:08:03,,,,,,nyse,2026-08-08T04:28:24,,,
GXGXU,GXGXU,2021-07-16,11:02:22,,LUDP,LULD pause,GX Acquisiton Corp. Unit,Nasdaq,2021-07-16,,11:07:22,,,,,,nyse,2026-08-08T04:28:24,,,
GXGX,GXGX,2021-07-16,11:02:25,,LUDP,LULD pause,GX Acquisiton Corp. Class A Common Stock,Nasdaq,2021-07-16,,11:07:25,,,,,,nyse,2026-08-08T04:28:24,,,
RGC,RGC,2021-07-16,11:18:13,,LUDP,LULD pause,Regencell Bioscience Holdings Limited Ordinary Shares,Nasdaq,2021-07-16,,11:23:13,,,,,,nyse,2026-08-08T04:28:24,,,
GXGXU,GXGXU,2021-07-16,12:06:47,,LUDP,LULD pause,GX Acquisiton Corp. Unit,Nasdaq,2021-07-16,,12:11:47,,,,,,nyse,2026-08-08T04:28:24,,,
ARL,ARL,2021-07-16,12:52:14,,LUDP,LULD pause,"American Realty Investors, Inc.",NYSE,2021-07-16,,12:57:22,,,,,,nyse,2026-08-08T04:28:24,,,
KDMN,KDMN,2021-07-16,14:07:40,,T1,News pending,"Kadmon Holdings, Inc.",Nasdaq,2021-07-16,,14:45:00,,,,,,nyse,2026-08-08T04:28:24,,,
KRBP,KRBP,2021-07-16,14:56:39,,LUDP,LULD pause,"Kiromic BioPharma, Inc. Common Stock",Nasdaq,2021-07-16,,15:01:39,,,,,,nyse,2026-08-08T04:28:24,,,
PPX,PPX,2021-07-16,16:39:09,,T1,News pending,"PPL CAPITAL FUNDING, INC. 2013 Series B Junior Subordinated Notes due 2073",NYSE,,,,,,,,,nyse,2026-08-08T04:28:24,no_reanudo,,
ENNV,ENNV,2021-07-19,07:00:08,,T1,News pending,ECP Environmental Growth Opportunities Corp. Class A Common Stock,Nasdaq,2021-07-19,,07:30:00,,,,,,nyse,2026-08-08T04:28:24,,,
ENNVU,ENNVU,2021-07-19,07:00:08,,T1,News pending,ECP Environmental Growth Opportunities Corp. Unit,Nasdaq,2021-07-19,,07:31:00,,,,,,nyse,2026-08-08T04:28:24,,,
ENNVW,ENNVW,2021-07-19,07:00:08,,T1,News pending,ECP Environmental Growth Opportunities Corp. Warrants,Nasdaq,2021-07-19,,07:30:00,,,,,,nyse,2026-08-08T04:28:24,,,
EVLV,EVLV,2021-07-19,09:33:13,,LUDP,LULD pause,"Evolv Technologies Holdings, Inc. Class A Common Stock",Nasdaq,2021-07-19,,09:43:13,,,,,,nyse,2026-08-08T04:28:24,,,
SNTG,SNTG,2021-07-19,09:33:46,,LUDP,LULD pause,Sentage Holdings Inc. Ordinary Shares,Nasdaq,2021-07-19,,09:38:46,,,,,,nyse,2026-08-08T04:28:24,,,
FRLN,FRLN,2021-07-19,09:35:39,,LUDP,LULD pause,Freeline Therapeutics Holdings plc American Depositary Shares,Nasdaq,2021-07-19,,10:50:39,,,,,,nyse,2026-08-08T04:28:24,,,
CRTD,CRTD,2021-07-19,09:43:17,,LUDP,LULD pause,Creatd Inc. Common Stock,Nasdaq,2021-07-19,,09:48:17,,,,,,nyse,2026-08-08T04:28:24,,,
MTSL,MTSL,2021-07-19,10:09:31,,LUDP,LULD pause,MER Telemanagement Solutions,Nasdaq,2021-07-19,,10:14:31,,,,,,nyse,2026-08-08T04:28:24,,,
TDACU,TDACU,2021-07-19,10:41:22,,LUDP,LULD pause,Trident Acquisitions Corp. Units,Nasdaq,2021-07-19,,10:46:22,,,,,,nyse,2026-08-08T04:28:24,,,
TPGY.U,TPGY U,2021-07-19,10:48:20,,LUDP,LULD pause,"TPG Pace Beneficial Finance Corp. Units, each consisting of one Class A ordinary share and one-fifth",NYSE,2021-07-19,,10:53:24,,,,,,nyse,2026-08-08T04:28:24,,,
FRLN,FRLN,2021-07-19,10:50:54,,LUDP,LULD pause,Freeline Therapeutics Holdings plc American Depositary Shares,Nasdaq,2021-07-19,,11:00:54,,,,,,nyse,2026-08-08T04:28:24,,,
XTLB,XTLB,2021-07-19,14:33:08,,LUDP,LULD pause,XTL Biopharmaceuticals Ltd. American Depositary Shares,Nasdaq,2021-07-19,,14:38:08,,,,,,nyse,2026-08-08T04:28:24,,,
AHPI,AHPI,2021-07-19,15:23:38,,LUDP,LULD pause,Allied Healthcare Products,Nasdaq,2021-07-19,,15:28:38,,,,,,nyse,2026-08-08T04:28:24,,,
AEHR,AEHR,2021-07-19,15:32:16,,LUDP,LULD pause,Aehr Test Systems,Nasdaq,2021-07-19,,15:37:16,,,,,,nyse,2026-08-08T04:28:24,,,
ARDX,ARDX,2021-07-19,16:00:11,,T1,News pending,"Ardelyx, Inc.",Nasdaq,2021-07-19,,16:30:00,,,,,,nyse,2026-08-08T04:28:24,,,
MDWD,MDWD,2021-07-20,06:56:33,,T1,News pending,MediWound Ltd.,Nasdaq,2021-07-20,,07:30:00,,,,,,nyse,2026-08-08T04:28:24,,,
PYPD,PYPD,2021-07-20,09:30:17,,LUDP,LULD pause,PolyPid Ltd. Ordinary Shares,Nasdaq,2021-07-20,,09:35:17,,,,,,nyse,2026-08-08T04:28:24,,,
NABL,NABL,2021-07-20,09:41:24,,LUDP,LULD pause,"N-able, Inc.",NYSE,2021-07-20,,09:46:26,,,,,,nyse,2026-08-08T04:28:24,,,
SPRT,SPRT,2021-07-20,09:49:05,,LUDP,LULD pause,"support.com, Inc.",Nasdaq,2021-07-20,,09:54:05,,,,,,nyse,2026-08-08T04:28:24,,,
NABL,NABL,2021-07-20,09:56:07,,LUDP,LULD pause,"N-able, Inc.",NYSE,2021-07-20,,10:01:11,,,,,,nyse,2026-08-08T04:28:24,,,
IKNA,IKNA,2021-07-20,09:56:53,,LUDP,LULD pause,"Ikena Oncology, Inc. Common Stock",Nasdaq,2021-07-20,,10:06:53,,,,,,nyse,2026-08-08T04:28:24,,,
STAF,STAF,2021-07-20,11:24:08,,LUDP,LULD pause,"Staffing 360 Solutions, Inc. Common Stock (DE)",Nasdaq,2021-07-20,,11:29:08,,,,,,nyse,2026-08-08T04:28:24,,,
NURO,NURO,2021-07-20,11:53:32,,LUDP,LULD pause,"NeuroMetrix, Inc. Common Stock",Nasdaq,2021-07-20,,11:58:32,,,,,,nyse,2026-08-08T04:28:24,,,
NURO,NURO,2021-07-20,12:17:14,,LUDP,LULD pause,"NeuroMetrix, Inc. Common Stock",Nasdaq,2021-07-20,,12:22:14,,,,,,nyse,2026-08-08T04:28:24,,,
NURO,NURO,2021-07-20,12:48:31,,LUDP,LULD pause,"NeuroMetrix, Inc. Common Stock",Nasdaq,2021-07-20,,12:53:31,,,,,,nyse,2026-08-08T04:28:24,,,
NURO,NURO,2021-07-20,13:27:37,,LUDP,LULD pause,"NeuroMetrix, Inc. Common Stock",Nasdaq,2021-07-20,,13:32:37,,,,,,nyse,2026-08-08T04:28:24,,,
NURO,NURO,2021-07-20,14:35:02,,LUDP,LULD pause,"NeuroMetrix, Inc. Common Stock",Nasdaq,2021-07-20,,14:40:02,,,,,,nyse,2026-08-08T04:28:24,,,
NURO,NURO,2021-07-20,14:41:03,,LUDP,LULD pause,"NeuroMetrix, Inc. Common Stock",Nasdaq,2021-07-20,,14:46:03,,,,,,nyse,2026-08-08T04:28:24,,,
NURO,NURO,2021-07-20,15:19:44,,LUDP,LULD pause,"NeuroMetrix, Inc. Common Stock",Nasdaq,2021-07-20,,15:24:44,,,,,,nyse,2026-08-08T04:28:24,,,
SVFD,SVFD,2021-07-20,15:52:04,,LUDP,LULD pause,"Save Foods, Inc. Common Stock",Nasdaq,2021-07-20,,16:00:00,,,,,,nyse,2026-08-08T04:28:24,,,
ALXN,ALXN,2021-07-20,19:50:12,,T1,News pending,Alexion Pharmaceuticals Inc,Nasdaq,,,,,,,,,nyse,2026-08-08T04:28:24,no_reanudo,,
PLL,PLL,2021-07-21,04:00:09,,T1,News pending,Piedmont Lithium Inc. Common Stock,Nasdaq,2021-07-21,,10:45:00,,,,,,nyse,2026-08-08T04:28:24,,,
MGTA,MGTA,2021-07-21,07:55:00,,T1,News pending,"Magenta Therapeutics, Inc. Common Stock",Nasdaq,2021-07-21,,08:30:00,,,,,,nyse,2026-08-08T04:28:24,,,
WORK,WORK,2021-07-21,08:47:58,,UNKNOWN,Merger Effective,"Slack Technologies, Inc.",NYSE,,,,,,,,,nyse,2026-08-08T04:28:24,no_reanudo,,
XPDI,XPDI,2021-07-21,09:05:03,,T1,News pending,Power & Digital Infrastructure Acquisition Corp. Class A Common Stock,Nasdaq,2021-07-21,,10:00:00,,,,,,nyse,2026-08-08T04:28:24,,,
XPDIU,XPDIU,2021-07-21,09:05:03,,T1,News pending,Power & Digital Infrastructure Acquisition Corp. Unit,Nasdaq,2021-07-21,,10:00:00,,,,,,nyse,2026-08-08T04:28:24,,,
XPDIW,XPDIW,2021-07-21,09:05:03,,T1,News pending,Power & Digital Infrastructure Acquisition Corp. Warrant,Nasdaq,2021-07-21,,10:03:52,,,,,,nyse,2026-08-08T04:28:24,,,
NURO,NURO,2021-07-21,09:31:45,,LUDP,LULD pause,"NeuroMetrix, Inc. Common Stock",Nasdaq,2021-07-21,,09:57:28,,,,,,nyse,2026-08-08T04:28:24,,,
NVFY,NVFY,2021-07-21,09:32:54,,LUDP,LULD pause,"Nova Lifestyle, Inc.",Nasdaq,2021-07-21,,09:37:54,,,,,,nyse,2026-08-08T04:28:24,,,
PRFX,PRFX,2021-07-21,09:32:55,,LUDP,LULD pause,PainReform Ltd. Ordinary Shares,Nasdaq,2021-07-21,,09:37:55,,,,,,nyse,2026-08-08T04:28:24,,,
AATC,AATC,2021-07-21,09:35:08,,LUDP,LULD pause,Autoscope Technologies Corporation Common Stock,Nasdaq,2021-07-21,,09:40:08,,,,,,nyse,2026-08-08T04:28:24,,,
SIGA,SIGA,2021-07-21,09:41:33,,LUDP,LULD pause,SIGA Technologies Inc.,Nasdaq,2021-07-21,,09:46:33,,,,,,nyse,2026-08-08T04:28:24,,,
LEXX,LEXX,2021-07-21,09:42:31,,LUDP,LULD pause,Lexaria Bioscience Corp. Common Stock,Nasdaq,2021-07-21,,09:47:31,,,,,,nyse,2026-08-08T04:28:24,,,
NURO,NURO,2021-07-21,09:57:43,,LUDP,LULD pause,"NeuroMetrix, Inc. Common Stock",Nasdaq,2021-07-21,,10:02:43,,,,,,nyse,2026-08-08T04:28:24,,,
NURO,NURO,2021-07-21,10:03:06,,LUDP,LULD pause,"NeuroMetrix, Inc. Common Stock",Nasdaq,2021-07-21,,10:13:06,,,,,,nyse,2026-08-08T04:28:24,,,
MSC,MSC,2021-07-21,10:07:12,,LUDP,LULD pause,"Studio City International Holdings Limited American depositary shares, each representing four Class",NYSE,2021-07-21,,10:12:28,,,,,,nyse,2026-08-08T04:28:24,,,
NURO,NURO,2021-07-21,10:13:46,,LUDP,LULD pause,"NeuroMetrix, Inc. Common Stock",Nasdaq,2021-07-21,,10:18:46,,,,,,nyse,2026-08-08T04:28:24,,,
MSC,MSC,2021-07-21,10:18:24,,LUDP,LULD pause,"Studio City International Holdings Limited American depositary shares, each representing four Class",NYSE,2021-07-21,,10:23:29,,,,,,nyse,2026-08-08T04:28:24,,,
NURO,NURO,2021-07-21,10:19:08,,LUDP,LULD pause,"NeuroMetrix, Inc. Common Stock",Nasdaq,2021-07-21,,10:24:08,,,,,,nyse,2026-08-08T04:28:24,,,
LEXX,LEXX,2021-07-21,10:20:25,,LUDP,LULD pause,Lexaria Bioscience Corp. Common Stock,Nasdaq,2021-07-21,,10:25:25,,,,,,nyse,2026-08-08T04:28:24,,,
NURO,NURO,2021-07-21,10:24:53,,LUDP,LULD pause,"NeuroMetrix, Inc. Common Stock",Nasdaq,2021-07-21,,10:35:31,,,,,,nyse,2026-08-08T04:28:24,,,
NURO,NURO,2021-07-21,10:36:11,,LUDP,LULD pause,"NeuroMetrix, Inc. Common Stock",Nasdaq,2021-07-21,,10:46:11,,,,,,nyse,2026-08-08T04:28:24,,,
NURO,NURO,2021-07-21,10:54:28,,LUDP,LULD pause,"NeuroMetrix, Inc. Common Stock",Nasdaq,2021-07-21,,11:04:28,,,,,,nyse,2026-08-08T04:28:24,,,
MSC,MSC,2021-07-21,10:57:51,,LUDP,LULD pause,"Studio City International Holdings Limited American depositary shares, each representing four Class",NYSE,2021-07-21,,11:02:55,,,,,,nyse,2026-08-08T04:28:24,,,
SGMA,SGMA,2021-07-21,11:35:24,,LUDP,LULD pause,Sigmatron International Inc,Nasdaq,2021-07-21,,11:40:24,,,,,,nyse,2026-08-08T04:28:24,,,
VSCO.WI,VSCO WI,2021-07-21,12:08:47,,LUDP,LULD pause,Victoria's Secret & Co.,NYSE,2021-07-21,,12:20:41,,,,,,nyse,2026-08-08T04:28:24,,,
MRIN,MRIN,2021-07-21,13:52:10,,LUDP,LULD pause,MARIN SOFTWARE INCORPORATED,Nasdaq,2021-07-21,,13:57:10,,,,,,nyse,2026-08-08T04:28:24,,,
SPKAU,SPKAU,2021-07-21,14:19:01,,LUDP,LULD pause,SPK Acquisition Corp Unit,Nasdaq,2021-07-21,,14:24:01,,,,,,nyse,2026-08-08T04:28:24,,,
SNTG,SNTG,2021-07-21,15:40:44,,LUDP,LULD pause,Sentage Holdings Inc. Ordinary Shares,Nasdaq,2021-07-21,,15:45:44,,,,,,nyse,2026-08-08T04:28:24,,,
VERI,VERI,2021-07-22,07:00:00,,T1,News pending,"Veritone, Inc. Common Stock",Nasdaq,2021-07-22,,07:35:00,,,,,,nyse,2026-08-08T04:28:24,,,
MSC,MSC,2021-07-22,09:32:37,,LUDP,LULD pause,"Studio City International Holdings Limited American depositary shares, each representing four Class",NYSE,2021-07-22,,09:37:47,,,,,,nyse,2026-08-08T04:28:24,,,
NURO,NURO,2021-07-22,09:33:13,,LUDP,LULD pause,"NeuroMetrix, Inc. Common Stock",Nasdaq,2021-07-22,,09:38:13,,,,,,nyse,2026-08-08T04:28:24,,,
SNTG,SNTG,2021-07-22,09:34:14,,LUDP,LULD pause,Sentage Holdings Inc. Ordinary Shares,Nasdaq,2021-07-22,,09:44:14,,,,,,nyse,2026-08-08T04:28:24,,,
PRFX,PRFX,2021-07-22,09:34:41,,LUDP,LULD pause,PainReform Ltd. Ordinary Shares,Nasdaq,2021-07-22,,09:39:41,,,,,,nyse,2026-08-08T04:28:24,,,
LSXMB,LSXMB,2021-07-22,09:37:40,,LUDP,LULD pause,Liberty Media Corporation Series B Liberty SiriusXM Common Stock,Nasdaq,2021-07-22,,09:42:40,,,,,,nyse,2026-08-08T04:28:24,,,
MSC,MSC,2021-07-22,09:38:12,,LUDP,LULD pause,"Studio City International Holdings Limited American depositary shares, each representing four Class",NYSE,2021-07-22,,09:43:39,,,,,,nyse,2026-08-08T04:28:24,,,
CUEN,CUEN,2021-07-22,09:41:49,,LUDP,LULD pause,Cuentas Inc. Common Stock,Nasdaq,2021-07-22,,09:46:49,,,,,,nyse,2026-08-08T04:28:24,,,
PRFX,PRFX,2021-07-22,09:41:59,,LUDP,LULD pause,PainReform Ltd. Ordinary Shares,Nasdaq,2021-07-22,,09:46:59,,,,,,nyse,2026-08-08T04:28:24,,,
MSC,MSC,2021-07-22,09:44:00,,LUDP,LULD pause,"Studio City International Holdings Limited American depositary shares, each representing four Class",NYSE,2021-07-22,,09:49:26,,,,,,nyse,2026-08-08T04:28:24,,,
SNTG,SNTG,2021-07-22,09:44:45,,LUDP,LULD pause,Sentage Holdings Inc. Ordinary Shares,Nasdaq,2021-07-22,,09:49:45,,,,,,nyse,2026-08-08T04:28:24,,,
PRFX,PRFX,2021-07-22,09:47:42,,LUDP,LULD pause,PainReform Ltd. Ordinary Shares,Nasdaq,2021-07-22,,09:52:42,,,,,,nyse,2026-08-08T04:28:24,,,
CUEN,CUEN,2021-07-22,09:48:49,,LUDP,LULD pause,Cuentas Inc. Common Stock,Nasdaq,2021-07-22,,09:53:49,,,,,,nyse,2026-08-08T04:28:24,,,
MSC,MSC,2021-07-22,09:49:43,,LUDP,LULD pause,"Studio City International Holdings Limited American depositary shares, each representing four Class",NYSE,2021-07-22,,09:54:50,,,,,,nyse,2026-08-08T04:28:24,,,
SNTG,SNTG,2021-07-22,09:50:22,,LUDP,LULD pause,Sentage Holdings Inc. Ordinary Shares,Nasdaq,2021-07-22,,09:55:22,,,,,,nyse,2026-08-08T04:28:24,,,
PRFX,PRFX,2021-07-22,09:53:09,,LUDP,LULD pause,PainReform Ltd. Ordinary Shares,Nasdaq,2021-07-22,,10:03:09,,,,,,nyse,2026-08-08T04:28:24,,,
WHLM,WHLM,2021-07-22,10:05:56,,LUDP,LULD pause,"Wilhelmina International, Inc",Nasdaq,2021-07-22,,10:10:56,,,,,,nyse,2026-08-08T04:28:24,,,
SNTG,SNTG,2021-07-22,10:09:34,,LUDP,LULD pause,Sentage Holdings Inc. Ordinary Shares,Nasdaq,2021-07-22,,10:19:34,,,,,,nyse,2026-08-08T04:28:24,,,
SNTG,SNTG,2021-07-22,10:19:52,,LUDP,LULD pause,Sentage Holdings Inc. Ordinary Shares,Nasdaq,2021-07-22,,10:24:52,,,,,,nyse,2026-08-08T04:28:24,,,
MSC,MSC,2021-07-22,10:22:33,,LUDP,LULD pause,"Studio City International Holdings Limited American depositary shares, each representing four Class",NYSE,2021-07-22,,10:27:36,,,,,,nyse,2026-08-08T04:28:24,,,
SNTG,SNTG,2021-07-22,10:25:13,,LUDP,LULD pause,Sentage Holdings Inc. Ordinary Shares,Nasdaq,2021-07-22,,10:35:13,,,,,,nyse,2026-08-08T04:28:24,,,
SNTG,SNTG,2021-07-22,10:37:31,,LUDP,LULD pause,Sentage Holdings Inc. Ordinary Shares,Nasdaq,2021-07-22,,10:42:31,,,,,,nyse,2026-08-08T04:28:24,,,
SNTG,SNTG,2021-07-22,10:42:52,,LUDP,LULD pause,Sentage Holdings Inc. Ordinary Shares,Nasdaq,2021-07-22,,10:47:52,,,,,,nyse,2026-08-08T04:28:24,,,
SNTG,SNTG,2021-07-22,10:51:59,,LUDP,LULD pause,Sentage Holdings Inc. Ordinary Shares,Nasdaq,2021-07-22,,10:56:59,,,,,,nyse,2026-08-08T04:28:24,,,
SNTG,SNTG,2021-07-22,11:02:13,,LUDP,LULD pause,Sentage Holdings Inc. Ordinary Shares,Nasdaq,2021-07-22,,11:07:13,,,,,,nyse,2026-08-08T04:28:24,,,
DXR,DXR,2021-07-22,11:03:20,,LUDP,LULD pause,Daxor Corporation,NYSE American,2021-07-22,,11:08:20,,,,,,nyse,2026-08-08T04:28:24,,,
IPA,IPA,2021-07-22,11:17:26,,LUDP,LULD pause,IMMUNOPRECISE ANTIBODIES LTD,Nasdaq,2021-07-22,,11:22:26,,,,,,nyse,2026-08-08T04:28:24,,,
IPA,IPA,2021-07-22,11:23:08,,LUDP,LULD pause,IMMUNOPRECISE ANTIBODIES LTD,Nasdaq,2021-07-22,,11:28:08,,,,,,nyse,2026-08-08T04:28:24,,,
IPA,IPA,2021-07-22,11:28:26,,LUDP,LULD pause,IMMUNOPRECISE ANTIBODIES LTD,Nasdaq,2021-07-22,,11:33:26,,,,,,nyse,2026-08-08T04:28:24,,,
SGMA,SGMA,2021-07-22,11:31:07,,LUDP,LULD pause,Sigmatron International Inc,Nasdaq,2021-07-22,,11:36:07,,,,,,nyse,2026-08-08T04:28:24,,,
IPA,IPA,2021-07-22,12:07:15,,LUDP,LULD pause,IMMUNOPRECISE ANTIBODIES LTD,Nasdaq,2021-07-22,,12:12:15,,,,,,nyse,2026-08-08T04:28:24,,,
CEMI,CEMI,2021-07-22,12:50:00,,LUDP,LULD pause,"Chembio diagnostics, Inc.",Nasdaq,2021-07-22,,13:00:00,,,,,,nyse,2026-08-08T04:28:24,,,
CEMI,CEMI,2021-07-22,13:07:27,,LUDP,LULD pause,"Chembio diagnostics, Inc.",Nasdaq,2021-07-22,,13:12:27,,,,,,nyse,2026-08-08T04:28:24,,,
DXR,DXR,2021-07-22,13:52:10,,LUDP,LULD pause,Daxor Corporation,NYSE American,2021-07-22,,13:57:10,,,,,,nyse,2026-08-08T04:28:24,,,
IPA,IPA,2021-07-22,14:37:14,,LUDP,LULD pause,IMMUNOPRECISE ANTIBODIES LTD,Nasdaq,2021-07-22,,14:42:14,,,,,,nyse,2026-08-08T04:28:24,,,
DTST,DTST,2021-07-22,15:30:03,,LUDP,LULD pause,Data Storage Corporation Common Stock,Nasdaq,2021-07-22,,15:35:03,,,,,,nyse,2026-08-08T04:28:24,,,
DTST,DTST,2021-07-22,15:36:00,,LUDP,LULD pause,Data Storage Corporation Common Stock,Nasdaq,2021-07-22,,15:46:00,,,,,,nyse,2026-08-08T04:28:24,,,
CYCCP,CYCCP,2021-07-22,15:56:45,,LUDP,LULD pause,"Cyclacel Pharmaceuticals, Inc. 6% Cnvrtbl. Prfrd. Stock",Nasdaq,2021-07-22,,16:00:00,,,,,,nyse,2026-08-08T04:28:24,,,
ADVM,ADVM,2021-07-22,16:03:05,,T1,News pending,"Adverum Biotechnologies, Inc. Common Stock",Nasdaq,2021-07-22,,16:35:00,,,,,,nyse,2026-08-08T04:28:24,,,
NWHM,NWHM,2021-07-23,07:52:38,,T1,News pending,THE NEW HOME COMPANY INC.,NYSE,2021-07-23,,08:12:25,,,,,,nyse,2026-08-08T04:28:24,,,
HOME,HOME,2021-07-23,09:14:01,,UNKNOWN,Merger Effective,At Home Group Inc.,NYSE,,,,,,,,,nyse,2026-08-08T04:28:24,no_reanudo,,
ELEV,ELEV,2021-07-23,09:30:18,,LUDP,LULD pause,"Elevation Oncology, Inc. Common stock",Nasdaq,2021-07-23,,09:35:18,,,,,,nyse,2026-08-08T04:28:24,,,
TAL,TAL,2021-07-23,09:30:35,,LUDP,LULD pause,TAL Education Group,NYSE,2021-07-23,,09:36:00,,,,,,nyse,2026-08-08T04:28:24,,,
MSC,MSC,2021-07-23,09:32:06,,LUDP,LULD pause,"Studio City International Holdings Limited American depositary shares, each representing four Class",NYSE,2021-07-23,,09:37:22,,,,,,nyse,2026-08-08T04:28:24,,,
UPC,UPC,2021-07-23,09:34:37,,LUDP,LULD pause,Universe Pharmaceuticals Inc. Ordinary Shares,Nasdaq,2021-07-23,,09:39:37,,,,,,nyse,2026-08-08T04:28:24,,,
SCKT,SCKT,2021-07-23,09:37:37,,LUDP,LULD pause,"Socket Mobile, Inc. New",Nasdaq,2021-07-23,,09:42:37,,,,,,nyse,2026-08-08T04:28:24,,,
MSC,MSC,2021-07-23,09:38:01,,LUDP,LULD pause,"Studio City International Holdings Limited American depositary shares, each representing four Class",NYSE,2021-07-23,,09:43:04,,,,,,nyse,2026-08-08T04:28:24,,,
SNTG,SNTG,2021-07-23,09:41:09,,LUDP,LULD pause,Sentage Holdings Inc. Ordinary Shares,Nasdaq,2021-07-23,,09:46:09,,,,,,nyse,2026-08-08T04:28:24,,,
ACOR,ACOR,2021-07-23,09:44:54,,LUDP,LULD pause,"Acorda Therapeutics, Inc.",Nasdaq,2021-07-23,,09:49:54,,,,,,nyse,2026-08-08T04:28:24,,,
THCBU,THCBU,2021-07-23,10:47:34,,LUDP,LULD pause,Tuscan Holdings Corp. Unit,Nasdaq,2021-07-23,,10:52:34,,,,,,nyse,2026-08-08T04:28:24,,,
THCBU,THCBU,2021-07-23,10:53:23,,LUDP,LULD pause,Tuscan Holdings Corp. Unit,Nasdaq,2021-07-23,,10:58:23,,,,,,nyse,2026-08-08T04:28:24,,,
THCBU,THCBU,2021-07-23,10:58:38,,LUDP,LULD pause,Tuscan Holdings Corp. Unit,Nasdaq,2021-07-23,,11:03:38,,,,,,nyse,2026-08-08T04:28:24,,,
PRFX,PRFX,2021-07-23,11:02:48,,LUDP,LULD pause,PainReform Ltd. Ordinary Shares,Nasdaq,2021-07-23,,11:07:48,,,,,,nyse,2026-08-08T04:28:24,,,
PRFX,PRFX,2021-07-23,11:14:21,,LUDP,LULD pause,PainReform Ltd. Ordinary Shares,Nasdaq,2021-07-23,,11:19:21,,,,,,nyse,2026-08-08T04:28:24,,,
XTLB,XTLB,2021-07-23,11:21:45,,LUDP,LULD pause,XTL Biopharmaceuticals Ltd. American Depositary Shares,Nasdaq,2021-07-23,,11:26:45,,,,,,nyse,2026-08-08T04:28:24,,,
XTLB,XTLB,2021-07-23,11:27:53,,LUDP,LULD pause,XTL Biopharmaceuticals Ltd. American Depositary Shares,Nasdaq,2021-07-23,,11:32:53,,,,,,nyse,2026-08-08T04:28:24,,,
XTLB,XTLB,2021-07-23,11:35:43,,LUDP,LULD pause,XTL Biopharmaceuticals Ltd. American Depositary Shares,Nasdaq,2021-07-23,,11:45:43,,,,,,nyse,2026-08-08T04:28:24,,,
SEED,SEED,2021-07-23,13:15:27,,LUDP,LULD pause,Origin Agritech Limited,Nasdaq,2021-07-23,,13:20:27,,,,,,nyse,2026-08-08T04:28:24,,,
NAOV,NAOV,2021-07-23,13:20:11,,LUDP,LULD pause,"NanoVibronix, Inc. Common Stock",Nasdaq,2021-07-23,,13:25:11,,,,,,nyse,2026-08-08T04:28:24,,,
NAOV,NAOV,2021-07-23,13:53:07,,LUDP,LULD pause,"NanoVibronix, Inc. Common Stock",Nasdaq,2021-07-23,,13:58:07,,,,,,nyse,2026-08-08T04:28:24,,,
NAOV,NAOV,2021-07-23,13:58:52,,LUDP,LULD pause,"NanoVibronix, Inc. Common Stock",Nasdaq,2021-07-23,,14:03:52,,,,,,nyse,2026-08-08T04:28:24,,,
NUWE,NUWE,2021-07-23,14:00:10,,LUDP,LULD pause,"Nuwellis, Inc. Common Stock",Nasdaq,2021-07-23,,14:05:10,,,,,,nyse,2026-08-08T04:28:24,,,
NAOV,NAOV,2021-07-23,14:04:22,,LUDP,LULD pause,"NanoVibronix, Inc. Common Stock",Nasdaq,2021-07-23,,14:09:22,,,,,,nyse,2026-08-08T04:28:24,,,
NAOV,NAOV,2021-07-23,14:10:34,,LUDP,LULD pause,"NanoVibronix, Inc. Common Stock",Nasdaq,2021-07-23,,14:15:34,,,,,,nyse,2026-08-08T04:28:24,,,
NAOV,NAOV,2021-07-23,14:16:12,,LUDP,LULD pause,"NanoVibronix, Inc. Common Stock",Nasdaq,2021-07-23,,14:21:12,,,,,,nyse,2026-08-08T04:28:24,,,
NAOV,NAOV,2021-07-23,14:21:57,,LUDP,LULD pause,"NanoVibronix, Inc. Common Stock",Nasdaq,2021-07-23,,14:26:57,,,,,,nyse,2026-08-08T04:28:24,,,
NAOV,NAOV,2021-07-23,14:27:36,,LUDP,LULD pause,"NanoVibronix, Inc. Common Stock",Nasdaq,2021-07-23,,14:32:36,,,,,,nyse,2026-08-08T04:28:24,,,
NAOV,NAOV,2021-07-23,14:33:16,,LUDP,LULD pause,"NanoVibronix, Inc. Common Stock",Nasdaq,2021-07-23,,14:38:16,,,,,,nyse,2026-08-08T04:28:24,,,
NAOV,NAOV,2021-07-23,14:38:39,,LUDP,LULD pause,"NanoVibronix, Inc. Common Stock",Nasdaq,2021-07-23,,14:43:39,,,,,,nyse,2026-08-08T04:28:24,,,
NAOV,NAOV,2021-07-23,14:44:00,,LUDP,LULD pause,"NanoVibronix, Inc. Common Stock",Nasdaq,2021-07-23,,14:54:00,,,,,,nyse,2026-08-08T04:28:24,,,
NAOV,NAOV,2021-07-23,14:54:55,,LUDP,LULD pause,"NanoVibronix, Inc. Common Stock",Nasdaq,2021-07-23,,14:59:55,,,,,,nyse,2026-08-08T04:28:24,,,
NAOV,NAOV,2021-07-23,15:01:18,,LUDP,LULD pause,"NanoVibronix, Inc. Common Stock",Nasdaq,2021-07-23,,15:06:18,,,,,,nyse,2026-08-08T04:28:24,,,
NAOV,NAOV,2021-07-23,15:06:38,,LUDP,LULD pause,"NanoVibronix, Inc. Common Stock",Nasdaq,2021-07-23,,15:11:38,,,,,,nyse,2026-08-08T04:28:24,,,
NAOV,NAOV,2021-07-23,15:14:03,,LUDP,LULD pause,"NanoVibronix, Inc. Common Stock",Nasdaq,2021-07-23,,15:19:03,,,,,,nyse,2026-08-08T04:28:24,,,
NAOV,NAOV,2021-07-23,15:20:26,,LUDP,LULD pause,"NanoVibronix, Inc. Common Stock",Nasdaq,2021-07-23,,15:25:26,,,,,,nyse,2026-08-08T04:28:24,,,
EVLV,EVLV,2021-07-23,15:25:36,,LUDP,LULD pause,"Evolv Technologies Holdings, Inc. Class A Common Stock",Nasdaq,2021-07-23,,15:43:20,,,,,,nyse,2026-08-08T04:28:24,,,
EVLVU,EVLVU,2021-07-23,15:27:46,,LUDP,LULD pause,"Evolv Technologies Holdings, Inc. Unit",Nasdaq,2021-07-23,,15:37:46,,,,,,nyse,2026-08-08T04:28:24,,,
NAOV,NAOV,2021-07-23,15:29:05,,LUDP,LULD pause,"NanoVibronix, Inc. Common Stock",Nasdaq,2021-07-23,,15:34:05,,,,,,nyse,2026-08-08T04:28:24,,,
NRXP,NRXP,2021-07-23,15:47:26,,LUDP,LULD pause,"NRX Pharmaceuticals, Inc. Common Stock",Nasdaq,2021-07-23,,16:00:00,,,,,,nyse,2026-08-08T04:28:24,,,
NAOV,NAOV,2021-07-23,15:54:43,,LUDP,LULD pause,"NanoVibronix, Inc. Common Stock",Nasdaq,2021-07-23,,16:00:00,,,,,,nyse,2026-08-08T04:28:24,,,
TNXP,TNXP,2021-07-23,16:40:02,,T1,News pending,Tonix Pharmaceuticals Holding Corp.,Nasdaq,2021-07-23,,17:10:00,,,,,,nyse,2026-08-08T04:28:24,,,
LCID,LCID,2021-07-26,04:00:00,,T1,News pending,"Lucid Group, Inc. Common Stock",Nasdaq,2021-07-26,,09:45:00,,,,,,nyse,2026-08-08T04:28:24,,,
LCIDW,LCIDW,2021-07-26,04:00:00,,T1,News pending,"Lucid Group, Inc. Warrant",Nasdaq,2021-07-26,,10:40:28,,,,,,nyse,2026-08-08T04:28:24,,,
WLTW,WLTW,2021-07-26,07:55:03,,T1,News pending,Willis Towers Watson Public Limited Company Ordinary Shares,Nasdaq,2021-07-26,,08:31:00,,,,,,nyse,2026-08-08T04:28:24,,,
ABOS,ABOS,2021-07-26,09:30:18,,LUDP,LULD pause,"Acumen Pharmaceuticals, Inc. Common Stock",Nasdaq,2021-07-26,,09:35:18,,,,,,nyse,2026-08-08T04:28:24,,,
ATIP,ATIP,2021-07-26,09:36:40,,LUDP,LULD pause,"ATI Physical Therapy, Inc.",NYSE,2021-07-26,,09:41:49,,,,,,nyse,2026-08-08T04:28:24,,,
SGRP,SGRP,2021-07-26,09:39:50,,LUDP,LULD pause,SPAR Group Inc,Nasdaq,2021-07-26,,09:44:50,,,,,,nyse,2026-08-08T04:28:24,,,
SNPX,SNPX,2021-07-26,09:43:50,,LUDP,LULD pause,"Synaptogenix, Inc. Common Stock",Nasdaq,2021-07-26,,09:48:50,,,,,,nyse,2026-08-08T04:28:24,,,
MSC,MSC,2021-07-26,09:45:09,,LUDP,LULD pause,"Studio City International Holdings Limited American depositary shares, each representing four Class",NYSE,2021-07-26,,09:50:20,,,,,,nyse,2026-08-08T04:28:24,,,
MSC,MSC,2021-07-26,09:50:54,,LUDP,LULD pause,"Studio City International Holdings Limited American depositary shares, each representing four Class",NYSE,2021-07-26,,09:56:03,,,,,,nyse,2026-08-08T04:28:24,,,
MSC,MSC,2021-07-26,10:09:58,,LUDP,LULD pause,"Studio City International Holdings Limited American depositary shares, each representing four Class",NYSE,2021-07-26,,10:15:10,,,,,,nyse,2026-08-08T04:28:24,,,
NSYS,NSYS,2021-07-26,10:15:11,,LUDP,LULD pause,Nortech Systems Inc,Nasdaq,2021-07-26,,10:20:11,,,,,,nyse,2026-08-08T04:28:24,,,
EZGO,EZGO,2021-07-26,10:50:34,,LUDP,LULD pause,EZGO Technologies Ltd. Ordinary Shares,Nasdaq,2021-07-26,,10:55:34,,,,,,nyse,2026-08-08T04:28:24,,,
EZGO,EZGO,2021-07-26,11:01:25,,LUDP,LULD pause,EZGO Technologies Ltd. Ordinary Shares,Nasdaq,2021-07-26,,11:06:25,,,,,,nyse,2026-08-08T04:28:24,,,
VRPX,VRPX,2021-07-26,11:24:47,,LUDP,LULD pause,"Virpax Pharmaceuticals, Inc. Common Stock",Nasdaq,2021-07-26,,11:29:47,,,,,,nyse,2026-08-08T04:28:24,,,
VRPX,VRPX,2021-07-26,11:30:19,,LUDP,LULD pause,"Virpax Pharmaceuticals, Inc. Common Stock",Nasdaq,2021-07-26,,11:35:19,,,,,,nyse,2026-08-08T04:28:24,,,
MITQ,MITQ,2021-07-26,11:56:08,,LUDP,LULD pause,"Moving iMage Technologies, Inc.",NYSE American,2021-07-26,,12:01:08,,,,,,nyse,2026-08-08T04:28:24,,,
VRPX,VRPX,2021-07-26,12:52:23,,LUDP,LULD pause,"Virpax Pharmaceuticals, Inc. Common Stock",Nasdaq,2021-07-26,,12:57:23,,,,,,nyse,2026-08-08T04:28:24,,,
LEXX,LEXX,2021-07-26,12:58:58,,LUDP,LULD pause,Lexaria Bioscience Corp. Common Stock,Nasdaq,2021-07-26,,13:03:58,,,,,,nyse,2026-08-08T04:28:24,,,
LEXX,LEXX,2021-07-26,13:05:11,,LUDP,LULD pause,Lexaria Bioscience Corp. Common Stock,Nasdaq,2021-07-26,,13:10:11,,,,,,nyse,2026-08-08T04:28:24,,,
PRFX,PRFX,2021-07-26,14:13:05,,LUDP,LULD pause,PainReform Ltd. Ordinary Shares,Nasdaq,2021-07-26,,14:18:05,,,,,,nyse,2026-08-08T04:28:24,,,
MKTY,MKTY,2021-07-26,14:17:28,,LUDP,LULD pause,Mechanical Technology Incorporated Common Stock (Nevada),Nasdaq,2021-07-26,,14:22:28,,,,,,nyse,2026-08-08T04:28:24,,,
FLGC,FLGC,2021-07-26,15:40:42,,LUDP,LULD pause,Flora Growth Corp. Common Stock,Nasdaq,2021-07-26,,16:00:00,,,,,,nyse,2026-08-08T04:28:24,,,
RLMD,RLMD,2021-07-27,07:25:07,,T1,News pending,"Relmada Therapeutics, Inc. Common Stock",Nasdaq,2021-07-27,,08:30:00,,,,,,nyse,2026-08-08T04:28:24,,,
SLGL,SLGL,2021-07-27,08:25:04,,T1,News pending,Sol-Gel Technologies Ltd. Ordinary Shares,Nasdaq,2021-07-27,,09:50:00,,,,,,nyse,2026-08-08T04:28:24,,,
DYAI,DYAI,2021-07-27,09:34:22,,LUDP,LULD pause,"Dyadic International, Inc.",Nasdaq,2021-07-27,,09:39:22,,,,,,nyse,2026-08-08T04:28:24,,,
FLGC,FLGC,2021-07-27,09:35:39,,LUDP,LULD pause,Flora Growth Corp. Common Stock,Nasdaq,2021-07-27,,09:40:39,,,,,,nyse,2026-08-08T04:28:24,,,
RLMD,RLMD,2021-07-27,09:47:57,,LUDP,LULD pause,"Relmada Therapeutics, Inc. Common Stock",Nasdaq,2021-07-27,,09:52:57,,,,,,nyse,2026-08-08T04:28:24,,,
YQ,YQ,2021-07-27,09:58:37,,LUDP,LULD pause,17 Education & Technology Group Inc. American Depositary Shares,Nasdaq,2021-07-27,,10:03:37,,,,,,nyse,2026-08-08T04:28:24,,,
MOXC,MOXC,2021-07-27,10:01:41,,LUDP,LULD pause,"Moxian, Inc. Common Stock",Nasdaq,2021-07-27,,10:11:41,,,,,,nyse,2026-08-08T04:28:24,,,
OLB,OLB,2021-07-27,10:04:44,,LUDP,LULD pause,"The OLB Group, Inc. Common Stock",Nasdaq,2021-07-27,,10:09:44,,,,,,nyse,2026-08-08T04:28:24,,,
LVTX,LVTX,2021-07-27,10:19:40,,LUDP,LULD pause,LAVA Therapeutics N.V. Ordinary Shares,Nasdaq,2021-07-27,,10:24:40,,,,,,nyse,2026-08-08T04:28:24,,,
NNVC,NNVC,2021-07-27,11:29:45,,LUDP,LULD pause,NanoViricides Inc.,NYSE American,2021-07-27,,11:34:45,,,,,,nyse,2026-08-08T04:28:24,,,
INTZ,INTZ,2021-07-27,12:31:16,,LUDP,LULD pause,Intrusion Inc New,Nasdaq,2021-07-27,,12:36:16,,,,,,nyse,2026-08-08T04:28:24,,,
INTZ,INTZ,2021-07-27,12:38:48,,LUDP,LULD pause,Intrusion Inc New,Nasdaq,2021-07-27,,12:43:48,,,,,,nyse,2026-08-08T04:28:24,,,
INTZ,INTZ,2021-07-27,12:51:49,,LUDP,LULD pause,Intrusion Inc New,Nasdaq,2021-07-27,,12:56:49,,,,,,nyse,2026-08-08T04:28:24,,,
INTZ,INTZ,2021-07-27,13:13:15,,LUDP,LULD pause,Intrusion Inc New,Nasdaq,2021-07-27,,13:18:15,,,,,,nyse,2026-08-08T04:28:24,,,
INTZ,INTZ,2021-07-27,13:19:38,,LUDP,LULD pause,Intrusion Inc New,Nasdaq,2021-07-27,,13:24:38,,,,,,nyse,2026-08-08T04:28:24,,,
NTIP,NTIP,2021-07-27,13:31:05,,LUDP,LULD pause,"Network-1 Technologies, Inc.",NYSE American,2021-07-27,,13:36:05,,,,,,nyse,2026-08-08T04:28:24,,,
NTIP,NTIP,2021-07-27,13:41:16,,LUDP,LULD pause,"Network-1 Technologies, Inc.",NYSE American,2021-07-27,,13:46:16,,,,,,nyse,2026-08-08T04:28:24,,,
INTZ,INTZ,2021-07-27,13:43:39,,LUDP,LULD pause,Intrusion Inc New,Nasdaq,2021-07-27,,13:48:39,,,,,,nyse,2026-08-08T04:28:24,,,
SGOC,SGOC,2021-07-27,15:43:27,,LUDP,LULD pause,"SGOCO Group, Ltd (Cayman Islands)",Nasdaq,2021-07-27,,15:48:27,,,,,,nyse,2026-08-08T04:28:24,,,
SGOC,SGOC,2021-07-27,15:49:01,,LUDP,LULD pause,"SGOCO Group, Ltd (Cayman Islands)",Nasdaq,2021-07-27,,16:00:00,,,,,,nyse,2026-08-08T04:28:24,,,
GRVI,GRVI,2021-07-28,09:33:30,,LUDP,LULD pause,"Grove, Inc. Common Stock",Nasdaq,2021-07-28,,09:38:30,,,,,,nyse,2026-08-08T04:28:24,,,
FLGC,FLGC,2021-07-28,09:43:14,,LUDP,LULD pause,Flora Growth Corp. Common Stock,Nasdaq,2021-07-28,,09:48:14,,,,,,nyse,2026-08-08T04:28:24,,,
GRVI,GRVI,2021-07-28,09:43:41,,LUDP,LULD pause,"Grove, Inc. Common Stock",Nasdaq,2021-07-28,,09:48:41,,,,,,nyse,2026-08-08T04:28:24,,,
TYHT,TYHT,2021-07-28,09:47:44,,LUDP,LULD pause,"Shineco, Inc. Common Stock",Nasdaq,2021-07-28,,09:52:44,,,,,,nyse,2026-08-08T04:28:24,,,
PCTTU,PCTTU,2021-07-28,09:51:54,,LUDP,LULD pause,"PureCycle Technologies, Inc. Unit",Nasdaq,2021-07-28,,10:01:55,,,,,,nyse,2026-08-08T04:28:24,,,
SEED,SEED,2021-07-28,09:57:41,,LUDP,LULD pause,Origin Agritech Limited,Nasdaq,2021-07-28,,10:02:41,,,,,,nyse,2026-08-08T04:28:24,,,
PCTTU,PCTTU,2021-07-28,10:13:53,,LUDP,LULD pause,"PureCycle Technologies, Inc. Unit",Nasdaq,2021-07-28,,10:18:53,,,,,,nyse,2026-08-08T04:28:24,,,
TYHT,TYHT,2021-07-28,10:35:29,,LUDP,LULD pause,"Shineco, Inc. Common Stock",Nasdaq,2021-07-28,,10:40:29,,,,,,nyse,2026-08-08T04:28:24,,,
ZME,ZME,2021-07-28,10:54:00,,LUDP,LULD pause,"Zhangmen Education Inc. American Depositary Shares, each  representing nine (9) Class A ordinary sha",NYSE,2021-07-28,,10:59:00,,,,,,nyse,2026-08-08T04:28:24,,,
HRC,HRC,2021-07-28,11:28:41,,LUDP,LULD pause,"HILL-ROM HOLDINGS, INC.",NYSE,2021-07-28,,11:33:41,,,,,,nyse,2026-08-08T04:28:24,,,
BTBT,BTBT,2021-07-28,11:39:25,,LUDP,LULD pause,"Bit Digital, Inc. Ordinary Shares",Nasdaq,2021-07-28,,11:44:25,,,,,,nyse,2026-08-08T04:28:24,,,
ALZN,ALZN,2021-07-28,15:07:19,,LUDP,LULD pause,"Alzamend Neuro, Inc. Common Stock",Nasdaq,2021-07-28,,15:17:20,,,,,,nyse,2026-08-08T04:28:24,,,
ALZN,ALZN,2021-07-28,15:17:44,,LUDP,LULD pause,"Alzamend Neuro, Inc. Common Stock",Nasdaq,2021-07-28,,15:22:44,,,,,,nyse,2026-08-08T04:28:24,,,
KAVL,KAVL,2021-07-29,09:30:57,,LUDP,LULD pause,"Kaival Brands Innovations Group, Inc",Nasdaq,2021-07-29,,09:35:57,,,,,,nyse,2026-08-08T04:28:24,,,
ANVS,ANVS,2021-07-29,09:35:28,,LUDP,LULD pause,"Annovis Bio, Inc.",NYSE American,2021-07-29,,09:40:28,,,,,,nyse,2026-08-08T04:28:24,,,
KAVL,KAVL,2021-07-29,09:36:47,,LUDP,LULD pause,"Kaival Brands Innovations Group, Inc",Nasdaq,2021-07-29,,09:41:47,,,,,,nyse,2026-08-08T04:28:24,,,
SGOC,SGOC,2021-07-29,09:39:42,,LUDP,LULD pause,"SGOCO Group, Ltd (Cayman Islands)",Nasdaq,2021-07-29,,09:44:42,,,,,,nyse,2026-08-08T04:28:24,,,
ALIN.PRE,ALIN PRE,2021-07-29,09:44:00,,LUDP,LULD pause,Altera Infrastructure L.P. 8.875% Series E Fixed-to-Floating Rate Cumulative Redeemable Perpetual Pr,NYSE,2021-07-29,,09:49:00,,,,,,nyse,2026-08-08T04:28:24,,,
ALIN.PRB,ALIN PRB,2021-07-29,09:44:36,,LUDP,LULD pause,"Altera Infrastructure L.P. 8.50% Series B Cumulative Redeemable Preferred Units, representing limite",NYSE,2021-07-29,,09:49:36,,,,,,nyse,2026-08-08T04:28:24,,,
ALIN.PRA,ALIN PRA,2021-07-29,09:52:54,,LUDP,LULD pause,"Altera Infrastructure L.P. 7.25% Series A Cumulative Redeemable Preferred Units, representing limite",NYSE,2021-07-29,,09:58:24,,,,,,nyse,2026-08-08T04:28:24,,,
SGLB,SGLB,2021-07-29,09:54:39,,LUDP,LULD pause,"Sigma Labs, Inc. Common Stock",Nasdaq,2021-07-29,,09:59:39,,,,,,nyse,2026-08-08T04:28:24,,,
MDIA,MDIA,2021-07-29,10:02:31,,LUDP,LULD pause,Mediaco Holding Inc. Class A Common Stock,Nasdaq,2021-07-29,,10:07:31,,,,,,nyse,2026-08-08T04:28:24,,,
MDIA,MDIA,2021-07-29,10:09:48,,LUDP,LULD pause,Mediaco Holding Inc. Class A Common Stock,Nasdaq,2021-07-29,,10:14:48,,,,,,nyse,2026-08-08T04:28:24,,,
GHRS,GHRS,2021-07-29,10:18:51,,LUDP,LULD pause,GH Research PLC Ordinary Shares,Nasdaq,2021-07-29,,10:23:51,,,,,,nyse,2026-08-08T04:28:24,,,
NTEC,NTEC,2021-07-29,10:24:38,,LUDP,LULD pause,Intec Parent Inc. Common Stock (DE),Nasdaq,2021-07-29,,10:29:38,,,,,,nyse,2026-08-08T04:28:24,,,
NTEC,NTEC,2021-07-29,11:07:23,,LUDP,LULD pause,Intec Parent Inc. Common Stock (DE),Nasdaq,2021-07-29,,11:12:23,,,,,,nyse,2026-08-08T04:28:24,,,
ICVX,ICVX,2021-07-29,11:26:10,,LUDP,LULD pause,"Icosavax, Inc. Common Stock",Nasdaq,2021-07-29,,11:31:10,,,,,,nyse,2026-08-08T04:28:24,,,
ICVX,ICVX,2021-07-29,11:33:03,,LUDP,LULD pause,"Icosavax, Inc. Common Stock",Nasdaq,2021-07-29,,11:38:03,,,,,,nyse,2026-08-08T04:28:24,,,
ICVX,ICVX,2021-07-29,11:40:57,,LUDP,LULD pause,"Icosavax, Inc. Common Stock",Nasdaq,2021-07-29,,11:50:57,,,,,,nyse,2026-08-08T04:28:24,,,
FTI,FTI,2021-07-29,11:43:26,,T1,News pending,TechnipFMC plc Ordinary Share,NYSE,2021-07-29,,12:01:14,,,,,,nyse,2026-08-08T04:28:24,,,
MSON,MSON,2021-07-29,16:00:09,,T1,News pending,Misonix Inc,Nasdaq,2021-07-29,,16:35:00,,,,,,nyse,2026-08-08T04:28:24,,,
RLYB,RLYB,2021-07-30,09:32:14,,LUDP,LULD pause,Rallybio Corporation Common Stock,Nasdaq,2021-07-30,,09:42:15,,,,,,nyse,2026-08-08T04:28:24,,,
ICVX,ICVX,2021-07-30,09:33:10,,LUDP,LULD pause,"Icosavax, Inc. Common Stock",Nasdaq,2021-07-30,,09:43:10,,,,,,nyse,2026-08-08T04:28:24,,,
ERYP,ERYP,2021-07-30,09:33:51,,LUDP,LULD pause,Erytech Pharma S.A. American Depositary Shares,Nasdaq,2021-07-30,,09:38:51,,,,,,nyse,2026-08-08T04:28:24,,,
SNPX,SNPX,2021-07-30,09:37:19,,LUDP,LULD pause,"Synaptogenix, Inc. Common Stock",Nasdaq,2021-07-30,,09:42:19,,,,,,nyse,2026-08-08T04:28:24,,,
ERYP,ERYP,2021-07-30,09:39:16,,LUDP,LULD pause,Erytech Pharma S.A. American Depositary Shares,Nasdaq,2021-07-30,,09:44:16,,,,,,nyse,2026-08-08T04:28:24,,,
RLYB,RLYB,2021-07-30,09:42:41,,LUDP,LULD pause,Rallybio Corporation Common Stock,Nasdaq,2021-07-30,,09:52:42,,,,,,nyse,2026-08-08T04:28:24,,,
ICVX,ICVX,2021-07-30,09:50:51,,LUDP,LULD pause,"Icosavax, Inc. Common Stock",Nasdaq,2021-07-30,,10:00:51,,,,,,nyse,2026-08-08T04:28:24,,,
RLYB,RLYB,2021-07-30,09:53:24,,LUDP,LULD pause,Rallybio Corporation Common Stock,Nasdaq,2021-07-30,,10:03:25,,,,,,nyse,2026-08-08T04:28:24,,,
AHPI,AHPI,2021-07-30,09:58:28,,LUDP,LULD pause,Allied Healthcare Products,Nasdaq,2021-07-30,,10:03:28,,,,,,nyse,2026-08-08T04:28:24,,,
RLYB,RLYB,2021-07-30,10:19:25,,LUDP,LULD pause,Rallybio Corporation Common Stock,Nasdaq,2021-07-30,,10:24:25,,,,,,nyse,2026-08-08T04:28:24,,,
RLYB,RLYB,2021-07-30,10:30:19,,LUDP,LULD pause,Rallybio Corporation Common Stock,Nasdaq,2021-07-30,,10:35:19,,,,,,nyse,2026-08-08T04:28:24,,,
TRKA,TRKA,2021-07-30,11:07:54,,LUDP,LULD pause,"Troika Media Group, Inc. Common Stock",Nasdaq,2021-07-30,,11:12:54,,,,,,nyse,2026-08-08T04:28:24,,,
ENSC,ENSC,2021-07-30,12:46:34,,LUDP,LULD pause,"Ensysce Biosciences, Inc. Common Stock",Nasdaq,2021-07-30,,12:56:34,,,,,,nyse,2026-08-08T04:28:24,,,
ENSC,ENSC,2021-07-30,13:09:03,,LUDP,LULD pause,"Ensysce Biosciences, Inc. Common Stock",Nasdaq,2021-07-30,,13:14:03,,,,,,nyse,2026-08-08T04:28:24,,,
ATIP,ATIP,2021-07-30,14:41:44,,LUDP,LULD pause,"ATI Physical Therapy, Inc.",NYSE,2021-07-30,,14:46:44,,,,,,nyse,2026-08-08T04:28:24,,,
YSAC,YSAC,2021-08-02,09:03:30,,T1,News pending,Yellowstone Acquisition Company Class A Common Stock,Nasdaq,2021-08-02,,09:50:00,,,,,,nyse,2026-08-08T04:28:24,,,
YSACU,YSACU,2021-08-02,09:03:30,,T1,News pending,Yellowstone Acquisition Company Units,Nasdaq,2021-08-02,,09:50:00,,,,,,nyse,2026-08-08T04:28:24,,,
YSACW,YSACW,2021-08-02,09:03:30,,T1,News pending,Yellowstone Acquisition Company Warrants to purchase Class A common stock,Nasdaq,2021-08-02,,09:52:10,,,,,,nyse,2026-08-08T04:28:24,,,
AHPI,AHPI,2021-08-02,09:34:08,,LUDP,LULD pause,Allied Healthcare Products,Nasdaq,2021-08-02,,09:44:08,,,,,,nyse,2026-08-08T04:28:24,,,
ALIN.PRE,ALIN PRE,2021-08-02,09:40:31,,LUDP,LULD pause,Altera Infrastructure L.P. 8.875% Series E Fixed-to-Floating Rate Cumulative Redeemable Perpetual Pr,NYSE,2021-08-02,,09:46:06,,,,,,nyse,2026-08-08T04:28:24,,,
ALIN.PRE,ALIN PRE,2021-08-02,09:52:26,,LUDP,LULD pause,Altera Infrastructure L.P. 8.875% Series E Fixed-to-Floating Rate Cumulative Redeemable Perpetual Pr,NYSE,2021-08-02,,09:57:26,,,,,,nyse,2026-08-08T04:28:24,,,
RMED,RMED,2021-08-02,09:52:53,,LUDP,LULD pause,"Ra Medical Systems, Inc",NYSE American,2021-08-02,,09:57:53,,,,,,nyse,2026-08-08T04:28:24,,,
EVK,EVK,2021-08-02,09:59:51,,LUDP,LULD pause,"Ever-Glory International Group, Inc.",Nasdaq,2021-08-02,,10:04:51,,,,,,nyse,2026-08-08T04:28:24,,,
EJH,EJH,2021-08-02,10:08:44,,LUDP,LULD pause,E-Home Household Service Holdings Limited Ordinary Shares,Nasdaq,2021-08-02,,10:18:44,,,,,,nyse,2026-08-08T04:28:24,,,
EJH,EJH,2021-08-02,10:19:10,,LUDP,LULD pause,E-Home Household Service Holdings Limited Ordinary Shares,Nasdaq,2021-08-02,,10:29:10,,,,,,nyse,2026-08-08T04:28:24,,,
EJH,EJH,2021-08-02,10:29:35,,LUDP,LULD pause,E-Home Household Service Holdings Limited Ordinary Shares,Nasdaq,2021-08-02,,10:39:35,,,,,,nyse,2026-08-08T04:28:24,,,
EJH,EJH,2021-08-02,10:40:36,,LUDP,LULD pause,E-Home Household Service Holdings Limited Ordinary Shares,Nasdaq,2021-08-02,,10:45:36,,,,,,nyse,2026-08-08T04:28:24,,,
EJH,EJH,2021-08-02,10:56:27,,LUDP,LULD pause,E-Home Household Service Holdings Limited Ordinary Shares,Nasdaq,2021-08-02,,11:01:27,,,,,,nyse,2026-08-08T04:28:24,,,
MDIA,MDIA,2021-08-02,11:27:54,,LUDP,LULD pause,Mediaco Holding Inc. Class A Common Stock,Nasdaq,2021-08-02,,11:32:54,,,,,,nyse,2026-08-08T04:28:24,,,
EJH,EJH,2021-08-02,12:03:50,,LUDP,LULD pause,E-Home Household Service Holdings Limited Ordinary Shares,Nasdaq,2021-08-02,,12:08:50,,,,,,nyse,2026-08-08T04:28:24,,,
VPCB,VPCB,2021-08-02,16:01:12,,T1,News pending,VPC Impact Acquisition Holdings II Class A ordinary shre,Nasdaq,2021-08-02,,16:30:00,,,,,,nyse,2026-08-08T04:28:24,,,
VPCBU,VPCBU,2021-08-02,16:01:12,,T1,News pending,VPC Impact Acquisition Holdings II Unit,Nasdaq,2021-08-02,,16:30:00,,,,,,nyse,2026-08-08T04:28:24,,,
VPCBW,VPCBW,2021-08-02,16:01:12,,T1,News pending,VPC Impact Acquisition Holdings II Warrant,Nasdaq,2021-08-02,,16:30:00,,,,,,nyse,2026-08-08T04:28:24,,,
STGW,STGW,2021-08-03,09:34:11,,LUDP,LULD pause,Stagwell Inc. Class A Common Stock,Nasdaq,2021-08-03,,09:48:53,,,,,,nyse,2026-08-08T04:28:24,,,
PALT,PALT,2021-08-03,09:34:23,,LUDP,LULD pause,"Paltalk, Inc. Common Stock",Nasdaq,2021-08-03,,09:39:23,,,,,,nyse,2026-08-08T04:28:24,,,
VSCO,VSCO,2021-08-03,09:40:20,,LUDP,LULD pause,Victoria's Secret & Co.,NYSE,2021-08-03,,09:46:17,,,,,,nyse,2026-08-08T04:28:24,,,
EJH,EJH,2021-08-03,09:44:01,,LUDP,LULD pause,E-Home Household Service Holdings Limited Ordinary Shares,Nasdaq,2021-08-03,,09:49:01,,,,,,nyse,2026-08-08T04:28:24,,,
OLB,OLB,2021-08-03,09:45:32,,LUDP,LULD pause,"The OLB Group, Inc. Common Stock",Nasdaq,2021-08-03,,09:55:32,,,,,,nyse,2026-08-08T04:28:24,,,
WHLM,WHLM,2021-08-03,09:45:48,,LUDP,LULD pause,"Wilhelmina International, Inc",Nasdaq,2021-08-03,,09:50:48,,,,,,nyse,2026-08-08T04:28:24,,,
EJH,EJH,2021-08-03,09:52:55,,LUDP,LULD pause,E-Home Household Service Holdings Limited Ordinary Shares,Nasdaq,2021-08-03,,09:57:55,,,,,,nyse,2026-08-08T04:28:24,,,
EJH,EJH,2021-08-03,09:58:54,,LUDP,LULD pause,E-Home Household Service Holdings Limited Ordinary Shares,Nasdaq,2021-08-03,,10:03:54,,,,,,nyse,2026-08-08T04:28:24,,,
EJH,EJH,2021-08-03,10:04:32,,LUDP,LULD pause,E-Home Household Service Holdings Limited Ordinary Shares,Nasdaq,2021-08-03,,10:09:32,,,,,,nyse,2026-08-08T04:28:24,,,
EJH,EJH,2021-08-03,10:11:10,,LUDP,LULD pause,E-Home Household Service Holdings Limited Ordinary Shares,Nasdaq,2021-08-03,,10:16:10,,,,,,nyse,2026-08-08T04:28:24,,,
EJH,EJH,2021-08-03,10:19:27,,LUDP,LULD pause,E-Home Household Service Holdings Limited Ordinary Shares,Nasdaq,2021-08-03,,10:24:27,,,,,,nyse,2026-08-08T04:28:24,,,
EJH,EJH,2021-08-03,10:26:29,,LUDP,LULD pause,E-Home Household Service Holdings Limited Ordinary Shares,Nasdaq,2021-08-03,,10:31:29,,,,,,nyse,2026-08-08T04:28:24,,,
WHLM,WHLM,2021-08-03,10:32:50,,LUDP,LULD pause,"Wilhelmina International, Inc",Nasdaq,2021-08-03,,10:37:50,,,,,,nyse,2026-08-08T04:28:24,,,
VLON,VLON,2021-08-03,10:50:19,,LUDP,LULD pause,Vallon Pharmaceuticals Inc. Common Stock,Nasdaq,2021-08-03,,10:55:19,,,,,,nyse,2026-08-08T04:28:24,,,
APDN,APDN,2021-08-03,12:25:22,,LUDP,LULD pause,"Applied DNA Sciences, Inc.",Nasdaq,2021-08-03,,12:30:22,,,,,,nyse,2026-08-08T04:28:24,,,
LVTX,LVTX,2021-08-03,12:46:45,,LUDP,LULD pause,LAVA Therapeutics N.V. Ordinary Shares,Nasdaq,2021-08-03,,12:56:45,,,,,,nyse,2026-08-08T04:28:24,,,
ACY,ACY,2021-08-03,13:19:23,,LUDP,LULD pause,AeroCentury Corporation,NYSE American,2021-08-03,,13:24:23,,,,,,nyse,2026-08-08T04:28:24,,,
APDN,APDN,2021-08-03,14:48:08,,LUDP,LULD pause,"Applied DNA Sciences, Inc.",Nasdaq,2021-08-03,,14:53:08,,,,,,nyse,2026-08-08T04:28:24,,,
AFRM,AFRM,2021-08-03,15:30:39,,LUDP,LULD pause,"Affirm Holdings, Inc. Class A Common Stock",Nasdaq,2021-08-03,,15:35:39,,,,,,nyse,2026-08-08T04:28:24,,,
ZY,ZY,2021-08-03,16:00:29,,T1,News pending,Zymergen Inc. Common Stock,Nasdaq,2021-08-03,,16:35:00,,,,,,nyse,2026-08-08T04:28:24,,,
APOPW,APOPW,2021-08-03,16:05:01,,T1,News pending,Cellect Biotechnology Ltd. Warrants to Purchase ADRs,Nasdaq,,,,,,,,,nyse,2026-08-08T04:28:24,no_reanudo,,
ICON,ICON,2021-08-03,19:50:05,,T1,News pending,"Iconix Brand Group, Inc.",Nasdaq,,,,,,,,,nyse,2026-08-08T04:28:24,no_reanudo,,
BYSI,BYSI,2021-08-04,06:55:31,,T1,News pending,BeyondSpring Inc. Ordinary Shares,Nasdaq,2021-08-04,,07:30:00,,,,,,nyse,2026-08-08T04:28:24,,,
FTAA,FTAA,2021-08-04,07:00:12,,T1,News pending,FTAC Athena Acquisition Corp. Class A Ordinary Share,Nasdaq,2021-08-04,,07:30:00,,,,,,nyse,2026-08-08T04:28:24,,,
FTAAU,FTAAU,2021-08-04,07:00:12,,T1,News pending,FTAC Athena Acquisition Corp. Unit,Nasdaq,2021-08-04,,07:30:00,,,,,,nyse,2026-08-08T04:28:24,,,
FTAAW,FTAAW,2021-08-04,07:00:12,,T1,News pending,FTAC Athena Acquisition Corp. Warrant,Nasdaq,2021-08-04,,07:30:00,,,,,,nyse,2026-08-08T04:28:24,,,
PROS,PROS,2021-08-04,08:39:09,,UNKNOWN,Merger Effective,"ProSight Global, Inc.",NYSE,,,,,,,,,nyse,2026-08-08T04:28:24,no_reanudo,,
SPD,SPD,2021-08-04,09:30:20,,LUDP,LULD pause,Simplify US Equity PLUS Downside Convexity ETF,NYSE Arca,2021-08-04,,09:35:20,,,,,,nyse,2026-08-08T04:28:24,,,
BYSI,BYSI,2021-08-04,09:30:42,,LUDP,LULD pause,BeyondSpring Inc. Ordinary Shares,Nasdaq,2021-08-04,,09:35:42,,,,,,nyse,2026-08-08T04:28:24,,,
MOXC,MOXC,2021-08-04,09:33:31,,LUDP,LULD pause,"Moxian, Inc. Common Stock",Nasdaq,2021-08-04,,09:38:31,,,,,,nyse,2026-08-08T04:28:24,,,
HOOD,HOOD,2021-08-04,09:35:09,,LUDP,LULD pause,"Robinhood Markets, Inc. Class A Common Stock",Nasdaq,2021-08-04,,09:40:09,,,,,,nyse,2026-08-08T04:28:24,,,
MOXC,MOXC,2021-08-04,09:39:08,,LUDP,LULD pause,"Moxian, Inc. Common Stock",Nasdaq,2021-08-04,,09:44:08,,,,,,nyse,2026-08-08T04:28:24,,,
BYSI,BYSI,2021-08-04,09:40:25,,LUDP,LULD pause,BeyondSpring Inc. Ordinary Shares,Nasdaq,2021-08-04,,09:45:25,,,,,,nyse,2026-08-08T04:28:24,,,
HOOD,HOOD,2021-08-04,09:41:37,,LUDP,LULD pause,"Robinhood Markets, Inc. Class A Common Stock",Nasdaq,2021-08-04,,09:46:37,,,,,,nyse,2026-08-08T04:28:24,,,
WHLR,WHLR,2021-08-04,09:42:16,,LUDP,LULD pause,"Wheeler Real Estate Investment Trust, Inc",Nasdaq,2021-08-04,,09:47:16,,,,,,nyse,2026-08-08T04:28:24,,,
BYSI,BYSI,2021-08-04,09:45:55,,LUDP,LULD pause,BeyondSpring Inc. Ordinary Shares,Nasdaq,2021-08-04,,09:50:55,,,,,,nyse,2026-08-08T04:28:24,,,
HOOD,HOOD,2021-08-04,09:47:28,,LUDP,LULD pause,"Robinhood Markets, Inc. Class A Common Stock",Nasdaq,2021-08-04,,09:52:28,,,,,,nyse,2026-08-08T04:28:24,,,
MOXC,MOXC,2021-08-04,09:49:43,,LUDP,LULD pause,"Moxian, Inc. Common Stock",Nasdaq,2021-08-04,,09:54:43,,,,,,nyse,2026-08-08T04:28:24,,,
MOXC,MOXC,2021-08-04,09:59:14,,LUDP,LULD pause,"Moxian, Inc. Common Stock",Nasdaq,2021-08-04,,10:04:14,,,,,,nyse,2026-08-08T04:28:24,,,
ONE,ONE,2021-08-04,10:16:37,,LUDP,LULD pause,OneSmart International Education Group Limited,NYSE,2021-08-04,,10:22:01,,,,,,nyse,2026-08-08T04:28:24,,,
BYSI,BYSI,2021-08-04,10:19:17,,LUDP,LULD pause,BeyondSpring Inc. Ordinary Shares,Nasdaq,2021-08-04,,10:24:17,,,,,,nyse,2026-08-08T04:28:24,,,
ONE,ONE,2021-08-04,10:23:23,,LUDP,LULD pause,OneSmart International Education Group Limited,NYSE,2021-08-04,,10:29:00,,,,,,nyse,2026-08-08T04:28:24,,,
ONE,ONE,2021-08-04,10:29:38,,LUDP,LULD pause,OneSmart International Education Group Limited,NYSE,2021-08-04,,10:35:08,,,,,,nyse,2026-08-08T04:28:24,,,
SMIT,SMIT,2021-08-04,10:58:24,,LUDP,LULD pause,Schmitt Industries Inc,Nasdaq,2021-08-04,,11:03:24,,,,,,nyse,2026-08-08T04:28:24,,,
ZEST,ZEST,2021-08-04,13:04:38,,LUDP,LULD pause,"Ecoark Holdings, Inc. Common Stock",Nasdaq,2021-08-04,,13:09:38,,,,,,nyse,2026-08-08T04:28:24,,,
ACY,ACY,2021-08-04,13:22:15,,LUDP,LULD pause,AeroCentury Corporation,NYSE American,2021-08-04,,13:27:15,,,,,,nyse,2026-08-08T04:28:24,,,
SCPS,SCPS,2021-08-04,15:18:45,,LUDP,LULD pause,Scopus BioPharma Inc. Common Stock,Nasdaq,2021-08-04,,15:23:45,,,,,,nyse,2026-08-08T04:28:24,,,
SCR,SCR,2021-08-05,06:55:45,,T1,News pending,Score Media and Gaming Inc. Class A Subordinate Voting Shares,Nasdaq,2021-08-05,,07:30:00,,,,,,nyse,2026-08-08T04:28:24,,,
GCAC,GCAC,2021-08-05,07:02:10,,T1,News pending,Growth Capital Acquisition Corp. Class A Common Stock,Nasdaq,2021-08-05,,09:15:00,,,,,,nyse,2026-08-08T04:28:24,,,
GCACU,GCACU,2021-08-05,07:02:10,,T1,News pending,Growth Capital Acquisition Corp. Unit,Nasdaq,2021-08-05,,09:15:00,,,,,,nyse,2026-08-08T04:28:24,,,
GCACW,GCACW,2021-08-05,07:02:10,,T1,News pending,Growth Capital Acquisition Corp. Warrant,Nasdaq,2021-08-05,,09:15:00,,,,,,nyse,2026-08-08T04:28:24,,,
ITRI,ITRI,2021-08-05,08:25:22,,T1,News pending,Itron Inc,Nasdaq,2021-08-05,,09:00:00,,,,,,nyse,2026-08-08T04:28:24,,,
MMAT,MMAT,2021-08-05,08:25:22,,T1,News pending,Meta Materials Inc. Common Stock,Nasdaq,2021-08-05,,09:00:00,,,,,,nyse,2026-08-08T04:28:24,,,
ZY,ZY,2021-08-05,09:31:33,,LUDP,LULD pause,Zymergen Inc. Common Stock,Nasdaq,2021-08-05,,09:36:33,,,,,,nyse,2026-08-08T04:28:24,,,
FLGC,FLGC,2021-08-05,09:40:24,,LUDP,LULD pause,Flora Growth Corp. Common Stock,Nasdaq,2021-08-05,,09:45:24,,,,,,nyse,2026-08-08T04:28:24,,,
MYMD,MYMD,2021-08-05,10:30:36,,LUDP,LULD pause,"MyMD Pharmaceuticals, Inc. Common Stock",Nasdaq,2021-08-05,,10:35:36,,,,,,nyse,2026-08-08T04:28:24,,,
NAUT,NAUT,2021-08-05,12:25:33,,LUDP,LULD pause,"Nautilus Biotechnolgy, Inc. Common Stock",Nasdaq,2021-08-05,,12:30:33,,,,,,nyse,2026-08-08T04:28:24,,,
DISCB,DISCB,2021-08-05,12:27:02,,LUDP,LULD pause,"Discovery, Inc. Series B Common Stock",Nasdaq,2021-08-05,,12:32:02,,,,,,nyse,2026-08-08T04:28:24,,,
NAUT,NAUT,2021-08-05,12:30:57,,LUDP,LULD pause,"Nautilus Biotechnolgy, Inc. Common Stock",Nasdaq,2021-08-05,,12:40:57,,,,,,nyse,2026-08-08T04:28:24,,,
NAUT,NAUT,2021-08-05,12:46:39,,LUDP,LULD pause,"Nautilus Biotechnolgy, Inc. Common Stock",Nasdaq,2021-08-05,,12:51:39,,,,,,nyse,2026-08-08T04:28:24,,,
NEGG,NEGG,2021-08-05,14:50:29,,LUDP,LULD pause,"Newegg Commerce, Inc. Common Shares",Nasdaq,2021-08-05,,14:55:29,,,,,,nyse,2026-08-08T04:28:24,,,
HYW,HYW,2021-08-05,15:30:14,,LUDP,LULD pause,Hywin Holdings Ltd. American Depositary Shares,Nasdaq,2021-08-05,,15:35:14,,,,,,nyse,2026-08-08T04:28:24,,,
KAVL,KAVL,2021-08-05,15:57:58,,LUDP,LULD pause,"Kaival Brands Innovations Group, Inc",Nasdaq,2021-08-05,,16:00:00,,,,,,nyse,2026-08-08T04:28:24,,,
CSOD,CSOD,2021-08-05,16:00:12,,T1,News pending,"Cornerstone OnDemand, Inc.",Nasdaq,2021-08-05,,16:40:00,,,,,,nyse,2026-08-08T04:28:24,,,
DRNA,DRNA,2021-08-05,16:00:12,,T1,News pending,"Dicerna Pharmaceuticals, Inc.",Nasdaq,2021-08-05,,16:30:00,,,,,,nyse,2026-08-08T04:28:24,,,
XENT,XENT,2021-08-06,06:55:09,,T1,News pending,"Intersect ENT, Inc",Nasdaq,2021-08-06,,07:35:00,,,,,,nyse,2026-08-08T04:28:24,,,
CMLT,CMLT,2021-08-06,07:00:06,,T1,News pending,CM Life Sciences III Inc. Class A Common Stock,Nasdaq,2021-08-06,,07:30:00,,,,,,nyse,2026-08-08T04:28:24,,,
CMLTU,CMLTU,2021-08-06,07:00:06,,T1,News pending,CM Life Sciences III Inc. Unit,Nasdaq,2021-08-06,,07:30:00,,,,,,nyse,2026-08-08T04:28:24,,,
CMLTW,CMLTW,2021-08-06,07:00:06,,T1,News pending,CM Life Sciences III Inc. Warrant,Nasdaq,2021-08-06,,07:30:00,,,,,,nyse,2026-08-08T04:28:24,,,
KAVL,KAVL,2021-08-06,09:43:17,,LUDP,LULD pause,"Kaival Brands Innovations Group, Inc",Nasdaq,2021-08-06,,09:48:17,,,,,,nyse,2026-08-08T04:28:24,,,
WKSP,WKSP,2021-08-06,11:11:04,,LUDP,LULD pause,"Worksport, Ltd. Common Stock",Nasdaq,2021-08-06,,11:16:04,,,,,,nyse,2026-08-08T04:28:24,,,
ADGI,ADGI,2021-08-06,11:38:03,,LUDP,LULD pause,"Adagio Therapeutics, Inc. Common Stock",Nasdaq,2021-08-06,,11:43:03,,,,,,nyse,2026-08-08T04:28:24,,,
SAFM,SAFM,2021-08-09,06:59:06,,T1,News pending,Sanderson Farms Inc,Nasdaq,2021-08-09,,07:30:00,,,,,,nyse,2026-08-08T04:28:24,,,
GNOG,GNOG,2021-08-09,07:41:57,,T1,News pending,"Golden Nugget Online Gaming, Inc. Class A Common Stock",Nasdaq,2021-08-09,,08:10:00,,,,,,nyse,2026-08-08T04:28:24,,,
MCMJ,MCMJ,2021-08-09,08:11:18,,T1,News pending,Merida Merger Corp. I Common Stock,Nasdaq,2021-08-09,,08:45:00,,,,,,nyse,2026-08-08T04:28:24,,,
MCMJW,MCMJW,2021-08-09,08:11:18,,T1,News pending,Merida Merger Corp Warrant,Nasdaq,2021-08-09,,08:45:00,,,,,,nyse,2026-08-08T04:28:24,,,
EXFO,EXFO,2021-08-09,08:39:43,,T1,News pending,EXFO INC.,Nasdaq,2021-08-09,,09:10:00,,,,,,nyse,2026-08-08T04:28:24,,,
WORX,WORX,2021-08-09,09:32:23,,LUDP,LULD pause,SC WORX Corp,Nasdaq,2021-08-09,,09:37:23,,,,,,nyse,2026-08-08T04:28:24,,,
CYCCP,CYCCP,2021-08-09,09:46:41,,LUDP,LULD pause,"Cyclacel Pharmaceuticals, Inc. 6% Cnvrtbl. Prfrd. Stock",Nasdaq,2021-08-09,,09:51:41,,,,,,nyse,2026-08-08T04:28:24,,,
MDIA,MDIA,2021-08-09,09:47:06,,LUDP,LULD pause,Mediaco Holding Inc. Class A Common Stock,Nasdaq,2021-08-09,,09:52:06,,,,,,nyse,2026-08-08T04:28:24,,,
KAVL,KAVL,2021-08-09,10:12:51,,LUDP,LULD pause,"Kaival Brands Innovations Group, Inc",Nasdaq,2021-08-09,,10:17:51,,,,,,nyse,2026-08-08T04:28:24,,,
SENEB,SENEB,2021-08-09,15:38:17,,LUDP,LULD pause,Seneca Foods Corp,Nasdaq,2021-08-09,,15:43:17,,,,,,nyse,2026-08-08T04:28:24,,,
ACY,ACY,2021-08-10,09:27:22,,T1,News pending,AeroCentury Corporation,NYSE American,2021-08-10,,12:35:00,,,,,,nyse,2026-08-08T04:28:24,,,
PUYI,PUYI,2021-08-10,09:31:06,,LUDP,LULD pause,Puyi Inc. American Depository Shares,Nasdaq,2021-08-10,,09:36:06,,,,,,nyse,2026-08-08T04:28:24,,,
EZGO,EZGO,2021-08-10,09:39:18,,LUDP,LULD pause,EZGO Technologies Ltd. Ordinary Shares,Nasdaq,2021-08-10,,09:44:18,,,,,,nyse,2026-08-08T04:28:24,,,
ZEV,ZEV,2021-08-10,09:58:24,,LUDP,LULD pause,"Lightning eMotors, Inc.",NYSE,2021-08-10,,10:03:27,,,,,,nyse,2026-08-08T04:28:24,,,
FULC,FULC,2021-08-10,10:02:51,,LUDP,LULD pause,"Fulcrum Therapeutics, Inc. Common Stock",Nasdaq,2021-08-10,,10:07:51,,,,,,nyse,2026-08-08T04:28:24,,,
MDIA,MDIA,2021-08-10,10:26:07,,LUDP,LULD pause,Mediaco Holding Inc. Class A Common Stock,Nasdaq,2021-08-10,,10:31:07,,,,,,nyse,2026-08-08T04:28:24,,,
MYMD,MYMD,2021-08-10,10:30:20,,LUDP,LULD pause,"MyMD Pharmaceuticals, Inc. Common Stock",Nasdaq,2021-08-10,,10:35:20,,,,,,nyse,2026-08-08T04:28:24,,,
FULC,FULC,2021-08-10,11:27:17,,LUDP,LULD pause,"Fulcrum Therapeutics, Inc. Common Stock",Nasdaq,2021-08-10,,11:32:17,,,,,,nyse,2026-08-08T04:28:24,,,
ACY,ACY,2021-08-10,12:38:27,,LUDP,LULD pause,AeroCentury Corporation,NYSE American,2021-08-10,,12:48:27,,,,,,nyse,2026-08-08T04:28:24,,,
ABVC,ABVC,2021-08-10,14:43:44,,LUDP,LULD pause,"ABVC BioPharma, Inc. Common Stock",Nasdaq,2021-08-10,,14:48:44,,,,,,nyse,2026-08-08T04:28:24,,,
ABVC,ABVC,2021-08-10,14:50:07,,LUDP,LULD pause,"ABVC BioPharma, Inc. Common Stock",Nasdaq,2021-08-10,,14:55:07,,,,,,nyse,2026-08-08T04:28:24,,,
SCPE,SCPE,2021-08-10,15:56:10,,LUDP,LULD pause,SC Health Corporation,NYSE,2021-08-10,,16:00:05,,,,,,nyse,2026-08-08T04:28:24,,,
FGEN,FGEN,2021-08-11,06:55:05,,T1,News pending,"FibroGen, Inc",Nasdaq,2021-08-11,,07:30:00,,,,,,nyse,2026-08-08T04:28:24,,,
ACHL,ACHL,2021-08-11,09:43:30,,LUDP,LULD pause,Achilles Therapeutics plc American Depositary Shares,Nasdaq,2021-08-11,,09:53:31,,,,,,nyse,2026-08-08T04:28:24,,,
ACY,ACY,2021-08-11,10:03:41,,LUDP,LULD pause,AeroCentury Corporation,NYSE American,2021-08-11,,10:08:41,,,,,,nyse,2026-08-08T04:28:24,,,
RANI,RANI,2021-08-11,10:37:09,,LUDP,LULD pause,"Rani Therapeutics Holdings, Inc. Class A Common Stock",Nasdaq,2021-08-11,,10:42:09,,,,,,nyse,2026-08-08T04:28:24,,,
DYAI,DYAI,2021-08-11,10:56:28,,LUDP,LULD pause,"Dyadic International, Inc.",Nasdaq,2021-08-11,,11:01:28,,,,,,nyse,2026-08-08T04:28:24,,,
RANI,RANI,2021-08-11,11:17:03,,LUDP,LULD pause,"Rani Therapeutics Holdings, Inc. Class A Common Stock",Nasdaq,2021-08-11,,11:22:03,,,,,,nyse,2026-08-08T04:28:24,,,
ACY,ACY,2021-08-11,11:17:44,,LUDP,LULD pause,AeroCentury Corporation,NYSE American,2021-08-11,,11:22:44,,,,,,nyse,2026-08-08T04:28:24,,,
ELYM,ELYM,2021-08-11,12:30:07,,LUDP,LULD pause,"Eliem Therapeutics, Inc Common Stock",Nasdaq,2021-08-11,,12:35:07,,,,,,nyse,2026-08-08T04:28:24,,,
XONE,XONE,2021-08-11,16:18:43,,T1,News pending,The ExOne Company,Nasdaq,2021-08-11,,16:50:00,,,,,,nyse,2026-08-08T04:28:24,,,
TIG,TIG,2021-08-12,09:30:17,,LUDP,LULD pause,"Trean Insurance Group, Inc. Common Stock",Nasdaq,2021-08-12,,09:35:17,,,,,,nyse,2026-08-08T04:28:24,,,
ACY,ACY,2021-08-12,09:32:56,,LUDP,LULD pause,AeroCentury Corporation,NYSE American,2021-08-12,,09:37:56,,,,,,nyse,2026-08-08T04:28:24,,,
PCTTU,PCTTU,2021-08-12,10:11:34,,LUDP,LULD pause,"PureCycle Technologies, Inc. Unit",Nasdaq,2021-08-12,,10:16:34,,,,,,nyse,2026-08-08T04:28:24,,,
TKC,TKC,2021-08-12,11:37:17,,T1,News pending,TURKCELL ILETISIM HIZMETLERI A.S. ADS,NYSE,2021-08-12,,12:11:13,,,,,,nyse,2026-08-08T04:28:24,,,
PCTTU,PCTTU,2021-08-12,12:34:59,,LUDP,LULD pause,"PureCycle Technologies, Inc. Unit",Nasdaq,2021-08-12,,12:39:59,,,,,,nyse,2026-08-08T04:28:24,,,
PCTTU,PCTTU,2021-08-12,14:44:05,,LUDP,LULD pause,"PureCycle Technologies, Inc. Unit",Nasdaq,2021-08-12,,14:49:05,,,,,,nyse,2026-08-08T04:28:24,,,
FRLN,FRLN,2021-08-12,14:52:26,,LUDP,LULD pause,Freeline Therapeutics Holdings plc American Depositary Shares,Nasdaq,2021-08-12,,15:02:26,,,,,,nyse,2026-08-08T04:28:24,,,
MMAC,MMAC,2021-08-12,19:50:03,,T1,News pending,"MMA Capital Holdings, Inc. Common Stock",Nasdaq,,,,,,,,,nyse,2026-08-08T04:28:24,no_reanudo,,
MTAC,MTAC,2021-08-13,07:25:15,,T1,News pending,MedTech Acquisition Corporation Class A Common Stock,Nasdaq,2021-08-13,,08:20:00,,,,,,nyse,2026-08-08T04:28:24,,,
MTACU,MTACU,2021-08-13,07:25:15,,T1,News pending,MedTech Acquisition Corporation Unit,Nasdaq,2021-08-13,,08:20:00,,,,,,nyse,2026-08-08T04:28:24,,,
MTACW,MTACW,2021-08-13,07:25:15,,T1,News pending,MedTech Acquisition Corporation Warrant,Nasdaq,2021-08-13,,08:20:00,,,,,,nyse,2026-08-08T04:28:24,,,
LMPX,LMPX,2021-08-13,09:30:33,,LUDP,LULD pause,"LMP Automotive Holdings, Inc. Common Stock",Nasdaq,2021-08-13,,09:35:33,,,,,,nyse,2026-08-08T04:28:24,,,
DUOT,DUOT,2021-08-13,09:35:13,,LUDP,LULD pause,"Duos Technologies Group, Inc. Common Stock",Nasdaq,2021-08-13,,09:40:13,,,,,,nyse,2026-08-08T04:28:24,,,
EVLVU,EVLVU,2021-08-13,09:38:25,,LUDP,LULD pause,"Evolv Technologies Holdings, Inc. Unit",Nasdaq,2021-08-13,,09:43:25,,,,,,nyse,2026-08-08T04:28:24,,,
ALIM,ALIM,2021-08-13,09:50:57,,LUDP,LULD pause,"Alimera Sciences, Inc.",Nasdaq,2021-08-13,,09:55:57,,,,,,nyse,2026-08-08T04:28:24,,,
HYW,HYW,2021-08-13,09:59:06,,LUDP,LULD pause,Hywin Holdings Ltd. American Depositary Shares,Nasdaq,2021-08-13,,10:04:06,,,,,,nyse,2026-08-08T04:28:24,,,
GRNVU,GRNVU,2021-08-13,10:32:52,,LUDP,LULD pause,GreenVision Acquisition Corp Unit,Nasdaq,2021-08-13,,10:37:52,,,,,,nyse,2026-08-08T04:28:24,,,
GRNV,GRNV,2021-08-13,11:04:09,,LUDP,LULD pause,GreenVision Acquisition Corp Common stock,Nasdaq,2021-08-13,,11:25:19,,,,,,nyse,2026-08-08T04:28:24,,,
GRNVU,GRNVU,2021-08-13,11:24:39,,LUDP,LULD pause,GreenVision Acquisition Corp Unit,Nasdaq,2021-08-13,,11:43:42,,,,,,nyse,2026-08-08T04:28:24,,,
GRNV,GRNV,2021-08-13,11:25:43,,LUDP,LULD pause,GreenVision Acquisition Corp Common stock,Nasdaq,2021-08-13,,11:43:52,,,,,,nyse,2026-08-08T04:28:24,,,
GRNV,GRNV,2021-08-13,11:44:16,,LUDP,LULD pause,GreenVision Acquisition Corp Common stock,Nasdaq,2021-08-13,,11:54:16,,,,,,nyse,2026-08-08T04:28:24,,,
GRNVU,GRNVU,2021-08-13,11:44:24,,LUDP,LULD pause,GreenVision Acquisition Corp Unit,Nasdaq,2021-08-13,,11:49:24,,,,,,nyse,2026-08-08T04:28:24,,,
GRNV,GRNV,2021-08-13,11:54:36,,LUDP,LULD pause,GreenVision Acquisition Corp Common stock,Nasdaq,2021-08-13,,12:04:36,,,,,,nyse,2026-08-08T04:28:24,,,
GRNVU,GRNVU,2021-08-13,11:54:51,,LUDP,LULD pause,GreenVision Acquisition Corp Unit,Nasdaq,2021-08-13,,11:59:51,,,,,,nyse,2026-08-08T04:28:24,,,
GRNV,GRNV,2021-08-13,12:04:52,,LUDP,LULD pause,GreenVision Acquisition Corp Common stock,Nasdaq,2021-08-13,,12:29:52,,,,,,nyse,2026-08-08T04:28:24,,,
GRNVU,GRNVU,2021-08-13,12:06:05,,LUDP,LULD pause,GreenVision Acquisition Corp Unit,Nasdaq,2021-08-13,,12:16:06,,,,,,nyse,2026-08-08T04:28:24,,,
ACHV,ACHV,2021-08-13,12:10:08,,LUDP,LULD pause,"Achieve Life Sciences, Inc.",Nasdaq,2021-08-13,,12:15:08,,,,,,nyse,2026-08-08T04:28:24,,,
GRNV,GRNV,2021-08-13,12:30:36,,LUDP,LULD pause,GreenVision Acquisition Corp Common stock,Nasdaq,2021-08-13,,12:35:36,,,,,,nyse,2026-08-08T04:28:24,,,
GRNV,GRNV,2021-08-13,12:36:49,,LUDP,LULD pause,GreenVision Acquisition Corp Common stock,Nasdaq,2021-08-13,,12:41:49,,,,,,nyse,2026-08-08T04:28:24,,,
GRNVU,GRNVU,2021-08-13,12:50:36,,LUDP,LULD pause,GreenVision Acquisition Corp Unit,Nasdaq,2021-08-13,,12:55:36,,,,,,nyse,2026-08-08T04:28:24,,,
GRNV,GRNV,2021-08-13,13:06:40,,LUDP,LULD pause,GreenVision Acquisition Corp Common stock,Nasdaq,2021-08-13,,13:11:40,,,,,,nyse,2026-08-08T04:28:24,,,
SESN,SESN,2021-08-13,14:10:40,,T1,News pending,"Sesen Bio, Inc. Common Stock",Nasdaq,2021-08-13,,15:10:00,,,,,,nyse,2026-08-08T04:28:24,,,
GRNVU,GRNVU,2021-08-13,14:33:15,,LUDP,LULD pause,GreenVision Acquisition Corp Unit,Nasdaq,2021-08-13,,14:38:15,,,,,,nyse,2026-08-08T04:28:24,,,
SESN,SESN,2021-08-13,15:10:15,,LUDP,LULD pause,"Sesen Bio, Inc. Common Stock",Nasdaq,2021-08-13,,15:20:15,,,,,,nyse,2026-08-08T04:28:24,,,
SESN,SESN,2021-08-13,15:20:31,,LUDP,LULD pause,"Sesen Bio, Inc. Common Stock",Nasdaq,2021-08-13,,15:30:31,,,,,,nyse,2026-08-08T04:28:24,,,
SESN,SESN,2021-08-13,15:31:16,,LUDP,LULD pause,"Sesen Bio, Inc. Common Stock",Nasdaq,2021-08-13,,15:36:16,,,,,,nyse,2026-08-08T04:28:24,,,
SESN,SESN,2021-08-13,15:40:05,,LUDP,LULD pause,"Sesen Bio, Inc. Common Stock",Nasdaq,2021-08-13,,15:45:05,,,,,,nyse,2026-08-08T04:28:24,,,
SESN,SESN,2021-08-13,15:47:21,,LUDP,LULD pause,"Sesen Bio, Inc. Common Stock",Nasdaq,2021-08-13,,16:00:00,,,,,,nyse,2026-08-08T04:28:24,,,
GRNVU,GRNVU,2021-08-13,15:48:59,,LUDP,LULD pause,GreenVision Acquisition Corp Unit,Nasdaq,2021-08-13,,16:00:00,,,,,,nyse,2026-08-08T04:28:24,,,
WHLRL,WHLRL,2021-08-16,09:28:57,,T1,News pending,"Wheeler Real Estate Investment Trust, Inc. 7.00% Senior Subordinated Convertible Notes Due 2031",Nasdaq,2021-08-16,,10:30:00,,,,,,nyse,2026-08-08T04:28:24,,,
MIMO,MIMO,2021-08-16,09:30:15,,LUDP,LULD pause,Airspan Networks Holdings Inc.,NYSE American,2021-08-16,,09:51:09,,,,,,nyse,2026-08-08T04:28:24,,,
TSP,TSP,2021-08-16,09:33:18,,LUDP,LULD pause,TuSimple Holdings Inc. Class A Common Stock,Nasdaq,2021-08-16,,09:38:18,,,,,,nyse,2026-08-08T04:28:24,,,
HLBZ,HLBZ,2021-08-16,09:34:38,,LUDP,LULD pause,"Helbiz, Inc. Class A Common stock",Nasdaq,2021-08-16,,09:39:38,,,,,,nyse,2026-08-08T04:28:24,,,
ELYM,ELYM,2021-08-16,09:37:17,,LUDP,LULD pause,"Eliem Therapeutics, Inc Common Stock",Nasdaq,2021-08-16,,09:47:17,,,,,,nyse,2026-08-08T04:28:24,,,
ENLV,ENLV,2021-08-16,09:38:06,,LUDP,LULD pause,Enlivex Therapeutics Ltd. Ordinary Shares,Nasdaq,2021-08-16,,09:43:06,,,,,,nyse,2026-08-08T04:28:24,,,
PALT,PALT,2021-08-16,09:55:22,,LUDP,LULD pause,"Paltalk, Inc. Common Stock",Nasdaq,2021-08-16,,10:00:22,,,,,,nyse,2026-08-08T04:28:24,,,
GTEC,GTEC,2021-08-16,13:13:27,,LUDP,LULD pause,Greenland Technologies Holding Corporation Ordinary Shares,Nasdaq,2021-08-16,,13:18:27,,,,,,nyse,2026-08-08T04:28:24,,,
VRPX,VRPX,2021-08-17,09:30:25,,LUDP,LULD pause,"Virpax Pharmaceuticals, Inc. Common Stock",Nasdaq,2021-08-17,,09:35:25,,,,,,nyse,2026-08-08T04:28:24,,,
GBGR,GBGR,2021-08-17,09:46:04,,LUDP,LULD pause,Global Beta Rising Stars ETF,NYSE Arca,2021-08-17,,09:51:04,,,,,,nyse,2026-08-08T04:28:24,,,
VRPX,VRPX,2021-08-17,12:02:37,,LUDP,LULD pause,"Virpax Pharmaceuticals, Inc. Common Stock",Nasdaq,2021-08-17,,12:07:37,,,,,,nyse,2026-08-08T04:28:24,,,
VRPX,VRPX,2021-08-17,13:42:53,,LUDP,LULD pause,"Virpax Pharmaceuticals, Inc. Common Stock",Nasdaq,2021-08-17,,13:47:53,,,,,,nyse,2026-08-08T04:28:24,,,
CADL,CADL,2021-08-18,09:30:17,,LUDP,LULD pause,"Candel Therapeutics, Inc. Common Stock",Nasdaq,2021-08-18,,09:35:17,,,,,,nyse,2026-08-08T04:28:24,,,
PMCB,PMCB,2021-08-18,09:38:35,,LUDP,LULD pause,"PharmaCyte Biotech, Inc. Common Stock",Nasdaq,2021-08-18,,09:43:35,,,,,,nyse,2026-08-08T04:28:24,,,
VRPX,VRPX,2021-08-18,09:39:35,,LUDP,LULD pause,"Virpax Pharmaceuticals, Inc. Common Stock",Nasdaq,2021-08-18,,09:44:35,,,,,,nyse,2026-08-08T04:28:24,,,
VRPX,VRPX,2021-08-18,09:48:41,,LUDP,LULD pause,"Virpax Pharmaceuticals, Inc. Common Stock",Nasdaq,2021-08-18,,09:53:41,,,,,,nyse,2026-08-08T04:28:24,,,
MDJH,MDJH,2021-08-18,09:48:49,,LUDP,LULD pause,MDJM LTD Ordinary Share,Nasdaq,2021-08-18,,09:53:49,,,,,,nyse,2026-08-08T04:28:24,,,
MAYS,MAYS,2021-08-18,09:49:36,,LUDP,LULD pause,Mays (J.W.) Inc,Nasdaq,2021-08-18,,09:59:37,,,,,,nyse,2026-08-08T04:28:24,,,
MDJH,MDJH,2021-08-18,09:56:30,,LUDP,LULD pause,MDJM LTD Ordinary Share,Nasdaq,2021-08-18,,10:01:30,,,,,,nyse,2026-08-08T04:28:24,,,
PMCB,PMCB,2021-08-18,09:57:33,,LUDP,LULD pause,"PharmaCyte Biotech, Inc. Common Stock",Nasdaq,2021-08-18,,10:02:33,,,,,,nyse,2026-08-08T04:28:24,,,
SGOC,SGOC,2021-08-18,09:59:10,,LUDP,LULD pause,"SGOCO Group, Ltd (Cayman Islands)",Nasdaq,2021-08-18,,10:09:11,,,,,,nyse,2026-08-08T04:28:24,,,
MDJH,MDJH,2021-08-18,10:01:57,,LUDP,LULD pause,MDJM LTD Ordinary Share,Nasdaq,2021-08-18,,10:06:57,,,,,,nyse,2026-08-08T04:28:24,,,
MDJH,MDJH,2021-08-18,10:07:21,,LUDP,LULD pause,MDJM LTD Ordinary Share,Nasdaq,2021-08-18,,10:12:21,,,,,,nyse,2026-08-08T04:28:24,,,
SGOC,SGOC,2021-08-18,10:13:37,,LUDP,LULD pause,"SGOCO Group, Ltd (Cayman Islands)",Nasdaq,2021-08-18,,10:18:37,,,,,,nyse,2026-08-08T04:28:24,,,
SGOC,SGOC,2021-08-18,10:26:21,,LUDP,LULD pause,"SGOCO Group, Ltd (Cayman Islands)",Nasdaq,2021-08-18,,10:31:21,,,,,,nyse,2026-08-08T04:28:24,,,
PMCB,PMCB,2021-08-18,10:30:29,,LUDP,LULD pause,"PharmaCyte Biotech, Inc. Common Stock",Nasdaq,2021-08-18,,10:35:29,,,,,,nyse,2026-08-08T04:28:24,,,
PMCB,PMCB,2021-08-18,10:51:20,,LUDP,LULD pause,"PharmaCyte Biotech, Inc. Common Stock",Nasdaq,2021-08-18,,10:56:20,,,,,,nyse,2026-08-08T04:28:24,,,
NRXP,NRXP,2021-08-18,11:53:52,,LUDP,LULD pause,"NRX Pharmaceuticals, Inc. Common Stock",Nasdaq,2021-08-18,,12:03:53,,,,,,nyse,2026-08-08T04:28:24,,,
NRXP,NRXP,2021-08-18,12:04:23,,LUDP,LULD pause,"NRX Pharmaceuticals, Inc. Common Stock",Nasdaq,2021-08-18,,12:14:23,,,,,,nyse,2026-08-08T04:28:24,,,
CBOE,CBOE,2021-08-18,13:30:35,,LUDP,LULD pause,"Cboe Global Markets, Inc.",Cboe BZX,2021-08-18,,13:40:35,,,,,,nyse,2026-08-08T04:28:24,,,
SGOC,SGOC,2021-08-18,14:08:17,,LUDP,LULD pause,"SGOCO Group, Ltd (Cayman Islands)",Nasdaq,2021-08-18,,14:13:17,,,,,,nyse,2026-08-08T04:28:24,,,
MDJH,MDJH,2021-08-18,15:58:19,,LUDP,LULD pause,MDJM LTD Ordinary Share,Nasdaq,2021-08-18,,16:00:00,,,,,,nyse,2026-08-08T04:28:24,,,
INOV,INOV,2021-08-19,07:55:07,,T1,News pending,"Inovalon Holdings, Inc. Class A Common Stock",Nasdaq,2021-08-19,,08:30:00,,,,,,nyse,2026-08-08T04:28:24,,,
FTRP,FTRP,2021-08-19,09:30:31,,LUDP,LULD pause,Field Trip Health Ltd. Common Shares,Nasdaq,2021-08-19,,09:35:31,,,,,,nyse,2026-08-08T04:28:24,,,
SNOA,SNOA,2021-08-19,09:31:13,,LUDP,LULD pause,"Sonoma Pharmaceuticals, Inc. Common Stock",Nasdaq,2021-08-19,,09:36:13,,,,,,nyse,2026-08-08T04:28:24,,,
IMPL,IMPL,2021-08-19,09:32:24,,LUDP,LULD pause,"Impel NeuroPharma, Inc. Common Stock",Nasdaq,2021-08-19,,09:43:50,,,,,,nyse,2026-08-08T04:28:24,,,
SONN,SONN,2021-08-19,09:33:55,,LUDP,LULD pause,"Sonnet BioTherapeutics Holdings, Inc. Common Stock",Nasdaq,2021-08-19,,09:38:55,,,,,,nyse,2026-08-08T04:28:24,,,
ENSC,ENSC,2021-08-19,09:34:51,,LUDP,LULD pause,"Ensysce Biosciences, Inc. Common Stock",Nasdaq,2021-08-19,,09:39:51,,,,,,nyse,2026-08-08T04:28:24,,,
IMPL,IMPL,2021-08-19,09:47:44,,LUDP,LULD pause,"Impel NeuroPharma, Inc. Common Stock",Nasdaq,2021-08-19,,09:52:44,,,,,,nyse,2026-08-08T04:28:24,,,
SONN,SONN,2021-08-19,10:02:37,,LUDP,LULD pause,"Sonnet BioTherapeutics Holdings, Inc. Common Stock",Nasdaq,2021-08-19,,10:07:37,,,,,,nyse,2026-08-08T04:28:24,,,
SONN,SONN,2021-08-19,10:10:35,,LUDP,LULD pause,"Sonnet BioTherapeutics Holdings, Inc. Common Stock",Nasdaq,2021-08-19,,10:15:35,,,,,,nyse,2026-08-08T04:28:24,,,
RGC,RGC,2021-08-19,10:18:49,,LUDP,LULD pause,Regencell Bioscience Holdings Limited Ordinary Shares,Nasdaq,2021-08-19,,10:23:49,,,,,,nyse,2026-08-08T04:28:24,,,
IMPL,IMPL,2021-08-19,10:25:12,,LUDP,LULD pause,"Impel NeuroPharma, Inc. Common Stock",Nasdaq,2021-08-19,,10:30:12,,,,,,nyse,2026-08-08T04:28:24,,,
ENSC,ENSC,2021-08-19,10:42:58,,LUDP,LULD pause,"Ensysce Biosciences, Inc. Common Stock",Nasdaq,2021-08-19,,10:52:58,,,,,,nyse,2026-08-08T04:28:24,,,
GOVX,GOVX,2021-08-19,11:16:24,,LUDP,LULD pause,"GeoVax Labs, Inc. New",Nasdaq,2021-08-19,,11:21:24,,,,,,nyse,2026-08-08T04:28:24,,,
LIVKU,LIVKU,2021-08-19,11:24:03,,LUDP,LULD pause,LIV Capital Acquisition Corp. Unit,Nasdaq,2021-08-19,,11:29:03,,,,,,nyse,2026-08-08T04:28:24,,,
DATS,DATS,2021-08-19,13:07:34,,LUDP,LULD pause,"DatChat, Inc. Common Stock",Nasdaq,2021-08-19,,13:12:34,,,,,,nyse,2026-08-08T04:28:24,,,
ZME,ZME,2021-08-19,15:30:43,,LUDP,LULD pause,"Zhangmen Education Inc. American Depositary Shares, each  representing nine (9) Class A ordinary sha",NYSE,2021-08-19,,15:35:47,,,,,,nyse,2026-08-08T04:28:24,,,
LIVKU,LIVKU,2021-08-19,15:49:05,,LUDP,LULD pause,LIV Capital Acquisition Corp. Unit,Nasdaq,,,,,,,,,nyse,2026-08-08T04:28:24,no_reanudo,,
HEXO,HEXO,2021-08-20,08:26:39,,T1,News pending,HEXO Corp.,NYSE,2021-08-20,,09:15:03,,,,,,nyse,2026-08-08T04:28:24,,,
FLGC,FLGC,2021-08-20,09:32:13,,LUDP,LULD pause,Flora Growth Corp. Common Stock,Nasdaq,2021-08-20,,09:37:13,,,,,,nyse,2026-08-08T04:28:24,,,
RGC,RGC,2021-08-20,09:37:33,,LUDP,LULD pause,Regencell Bioscience Holdings Limited Ordinary Shares,Nasdaq,2021-08-20,,09:47:33,,,,,,nyse,2026-08-08T04:28:24,,,
GRNQ,GRNQ,2021-08-20,09:53:15,,LUDP,LULD pause,Greenpro Capital Corp. Common Stock,Nasdaq,2021-08-20,,09:58:15,,,,,,nyse,2026-08-08T04:28:24,,,
GRNQ,GRNQ,2021-08-20,09:59:21,,LUDP,LULD pause,Greenpro Capital Corp. Common Stock,Nasdaq,2021-08-20,,10:04:21,,,,,,nyse,2026-08-08T04:28:24,,,
XTLB,XTLB,2021-08-20,10:10:00,,LUDP,LULD pause,XTL Biopharmaceuticals Ltd. American Depositary Shares,Nasdaq,2021-08-20,,10:15:00,,,,,,nyse,2026-08-08T04:28:24,,,
RGC,RGC,2021-08-20,11:28:12,,LUDP,LULD pause,Regencell Bioscience Holdings Limited Ordinary Shares,Nasdaq,2021-08-20,,11:33:12,,,,,,nyse,2026-08-08T04:28:24,,,
RGC,RGC,2021-08-20,11:35:02,,LUDP,LULD pause,Regencell Bioscience Holdings Limited Ordinary Shares,Nasdaq,2021-08-20,,11:45:02,,,,,,nyse,2026-08-08T04:28:24,,,
RGC,RGC,2021-08-20,11:45:37,,LUDP,LULD pause,Regencell Bioscience Holdings Limited Ordinary Shares,Nasdaq,2021-08-20,,11:55:38,,,,,,nyse,2026-08-08T04:28:24,,,
RGC,RGC,2021-08-20,11:55:56,,LUDP,LULD pause,Regencell Bioscience Holdings Limited Ordinary Shares,Nasdaq,2021-08-20,,12:12:48,,,,,,nyse,2026-08-08T04:28:24,,,
RGC,RGC,2021-08-20,12:13:45,,LUDP,LULD pause,Regencell Bioscience Holdings Limited Ordinary Shares,Nasdaq,2021-08-20,,12:18:45,,,,,,nyse,2026-08-08T04:28:24,,,
RGC,RGC,2021-08-20,12:19:03,,LUDP,LULD pause,Regencell Bioscience Holdings Limited Ordinary Shares,Nasdaq,2021-08-20,,12:24:03,,,,,,nyse,2026-08-08T04:28:24,,,
RGC,RGC,2021-08-20,12:24:19,,LUDP,LULD pause,Regencell Bioscience Holdings Limited Ordinary Shares,Nasdaq,2021-08-20,,12:37:15,,,,,,nyse,2026-08-08T04:28:24,,,
RGC,RGC,2021-08-20,13:15:04,,LUDP,LULD pause,Regencell Bioscience Holdings Limited Ordinary Shares,Nasdaq,2021-08-20,,13:20:04,,,,,,nyse,2026-08-08T04:28:24,,,
RGC,RGC,2021-08-20,13:29:02,,LUDP,LULD pause,Regencell Bioscience Holdings Limited Ordinary Shares,Nasdaq,2021-08-20,,13:34:02,,,,,,nyse,2026-08-08T04:28:24,,,
RGC,RGC,2021-08-20,13:34:32,,LUDP,LULD pause,Regencell Bioscience Holdings Limited Ordinary Shares,Nasdaq,2021-08-20,,13:39:32,,,,,,nyse,2026-08-08T04:28:24,,,
RGC,RGC,2021-08-20,13:39:48,,LUDP,LULD pause,Regencell Bioscience Holdings Limited Ordinary Shares,Nasdaq,2021-08-20,,13:49:48,,,,,,nyse,2026-08-08T04:28:24,,,
SNTG,SNTG,2021-08-20,14:12:16,,LUDP,LULD pause,Sentage Holdings Inc. Ordinary Shares,Nasdaq,2021-08-20,,14:17:16,,,,,,nyse,2026-08-08T04:28:24,,,
RGC,RGC,2021-08-20,15:01:12,,LUDP,LULD pause,Regencell Bioscience Holdings Limited Ordinary Shares,Nasdaq,2021-08-20,,15:06:12,,,,,,nyse,2026-08-08T04:28:24,,,
RGC,RGC,2021-08-20,15:44:22,,LUDP,LULD pause,Regencell Bioscience Holdings Limited Ordinary Shares,Nasdaq,2021-08-20,,15:49:22,,,,,,nyse,2026-08-08T04:28:24,,,
RGC,RGC,2021-08-20,15:51:01,,LUDP,LULD pause,Regencell Bioscience Holdings Limited Ordinary Shares,Nasdaq,2021-08-20,,16:00:00,,,,,,nyse,2026-08-08T04:28:24,,,
NGCA,NGCA,2021-08-23,06:57:02,,T1,News pending,NextGen Acquisition Corp. II Class A Ordinary Shares,Nasdaq,2021-08-23,,07:30:00,,,,,,nyse,2026-08-08T04:28:24,,,
NGCAU,NGCAU,2021-08-23,06:57:02,,T1,News pending,NextGen Acquisition Corp. II Units,Nasdaq,2021-08-23,,07:30:00,,,,,,nyse,2026-08-08T04:28:24,,,
NGCAW,NGCAW,2021-08-23,06:57:02,,T1,News pending,NextGen Acquisition Corp. II Warrant,Nasdaq,2021-08-23,,07:30:00,,,,,,nyse,2026-08-08T04:28:24,,,
LMRK,LMRK,2021-08-23,08:25:28,,T1,News pending,Landmark Infrastructure Partners LP Common Units,Nasdaq,2021-08-23,,09:00:00,,,,,,nyse,2026-08-08T04:28:24,,,
LMRKN,LMRKN,2021-08-23,08:25:28,,T1,News pending,Landmark Infrastructure Partners LP 7% Series C Fltg/Fxd Perpetual Conv Preferred Stock,Nasdaq,2021-08-23,,09:00:00,,,,,,nyse,2026-08-08T04:28:24,,,
LMRKO,LMRKO,2021-08-23,08:25:28,,T1,News pending,Landmark Infrastructure Partners LP Perpetual Preferred Units Series B 7.90%,Nasdaq,2021-08-23,,09:00:00,,,,,,nyse,2026-08-08T04:28:24,,,
LMRKP,LMRKP,2021-08-23,08:25:28,,T1,News pending,Landmark Infrastructure Partners LP 8.00% Series A Cumulative Redeemable Perpetual Preferred Units,Nasdaq,2021-08-23,,09:00:00,,,,,,nyse,2026-08-08T04:28:24,,,
RGC,RGC,2021-08-23,09:31:58,,LUDP,LULD pause,Regencell Bioscience Holdings Limited Ordinary Shares,Nasdaq,2021-08-23,,09:41:59,,,,,,nyse,2026-08-08T04:28:24,,,
SYTA,SYTA,2021-08-23,09:36:35,,LUDP,LULD pause,"Siyata Mobile, Inc.",Nasdaq,2021-08-23,,09:41:35,,,,,,nyse,2026-08-08T04:28:24,,,
SIEB,SIEB,2021-08-23,09:37:50,,LUDP,LULD pause,Siebert Financial Corp,Nasdaq,2021-08-23,,09:42:50,,,,,,nyse,2026-08-08T04:28:24,,,
SYTA,SYTA,2021-08-23,09:41:56,,LUDP,LULD pause,"Siyata Mobile, Inc.",Nasdaq,2021-08-23,,09:46:56,,,,,,nyse,2026-08-08T04:28:24,,,
RGC,RGC,2021-08-23,09:42:17,,LUDP,LULD pause,Regencell Bioscience Holdings Limited Ordinary Shares,Nasdaq,2021-08-23,,09:47:17,,,,,,nyse,2026-08-08T04:28:24,,,
SYTA,SYTA,2021-08-23,09:47:14,,LUDP,LULD pause,"Siyata Mobile, Inc.",Nasdaq,2021-08-23,,09:52:14,,,,,,nyse,2026-08-08T04:28:24,,,
ALF,ALF,2021-08-23,10:01:23,,LUDP,LULD pause,"ALFI, Inc. Common Stock",Nasdaq,2021-08-23,,10:06:23,,,,,,nyse,2026-08-08T04:28:24,,,
RGC,RGC,2021-08-23,10:06:10,,LUDP,LULD pause,Regencell Bioscience Holdings Limited Ordinary Shares,Nasdaq,2021-08-23,,10:11:10,,,,,,nyse,2026-08-08T04:28:24,,,
VVOS,VVOS,2021-08-23,10:11:05,,LUDP,LULD pause,"Vivos Therapeutics, Inc. Common Stock",Nasdaq,2021-08-23,,10:16:05,,,,,,nyse,2026-08-08T04:28:24,,,
SGA,SGA,2021-08-23,10:38:53,,LUDP,LULD pause,"Saga Communications, Inc. Class A Common Stock (FL)",Nasdaq,2021-08-23,,10:43:53,,,,,,nyse,2026-08-08T04:28:24,,,
NMTC,NMTC,2021-08-23,11:00:22,,LUDP,LULD pause,NeuroOne Medical Technologies Corporation Common Stock,Nasdaq,2021-08-23,,11:05:22,,,,,,nyse,2026-08-08T04:28:24,,,
NMTC,NMTC,2021-08-23,11:38:50,,LUDP,LULD pause,NeuroOne Medical Technologies Corporation Common Stock,Nasdaq,2021-08-23,,11:43:50,,,,,,nyse,2026-08-08T04:28:24,,,
MAYS,MAYS,2021-08-23,11:40:56,,LUDP,LULD pause,Mays (J.W.) Inc,Nasdaq,2021-08-23,,11:45:56,,,,,,nyse,2026-08-08T04:28:24,,,
MAYS,MAYS,2021-08-23,12:23:03,,LUDP,LULD pause,Mays (J.W.) Inc,Nasdaq,2021-08-23,,12:28:03,,,,,,nyse,2026-08-08T04:28:24,,,
SENEB,SENEB,2021-08-23,12:39:30,,LUDP,LULD pause,Seneca Foods Corp,Nasdaq,2021-08-23,,12:44:30,,,,,,nyse,2026-08-08T04:28:24,,,
SENEB,SENEB,2021-08-23,13:22:19,,LUDP,LULD pause,Seneca Foods Corp,Nasdaq,2021-08-23,,13:27:19,,,,,,nyse,2026-08-08T04:28:24,,,
RICE.U,RICE U,2021-08-23,14:27:45,,LUDP,LULD pause,"Rice Acquisition Corp. Units, each consisting of one share of our Class A common stock and one-half",NYSE,2021-08-23,,14:33:01,,,,,,nyse,2026-08-08T04:28:24,,,
CARA,CARA,2021-08-23,14:50:13,,T1,News pending,"Cara Therapeutics, Inc.",Nasdaq,2021-08-23,,16:15:00,,,,,,nyse,2026-08-08T04:28:24,,,
VVOS,VVOS,2021-08-23,15:30:50,,LUDP,LULD pause,"Vivos Therapeutics, Inc. Common Stock",Nasdaq,2021-08-23,,15:35:50,,,,,,nyse,2026-08-08T04:28:24,,,
TBPH,TBPH,2021-08-23,16:02:01,,T1,News pending,"Theravance Biopharma, Inc.",Nasdaq,2021-08-23,,16:35:00,,,,,,nyse,2026-08-08T04:28:24,,,
CLOVW,CLOVW,2021-08-23,16:05:08,,T1,News pending,"Clover Health Investments, Corp. Warrants",Nasdaq,,,,,,,,,nyse,2026-08-08T04:28:24,no_reanudo,,
VTRU,VTRU,2021-08-23,17:15:04,,T1,News pending,Vitru Limited Common Shares,Nasdaq,2021-08-23,,18:00:00,,,,,,nyse,2026-08-08T04:28:24,,,
SNTG,SNTG,2021-08-24,09:35:40,,LUDP,LULD pause,Sentage Holdings Inc. Ordinary Shares,Nasdaq,2021-08-24,,09:40:40,,,,,,nyse,2026-08-08T04:28:24,,,
FATBB,FATBB,2021-08-24,11:30:39,,LUDP,LULD pause,FAT Brands Inc. Class B Common Stock,Nasdaq,2021-08-24,,11:35:39,,,,,,nyse,2026-08-08T04:28:24,,,
FLGC,FLGC,2021-08-24,11:43:19,,LUDP,LULD pause,Flora Growth Corp. Common Stock,Nasdaq,2021-08-24,,11:48:19,,,,,,nyse,2026-08-08T04:28:24,,,
FATBB,FATBB,2021-08-24,12:35:24,,LUDP,LULD pause,FAT Brands Inc. Class B Common Stock,Nasdaq,2021-08-24,,13:50:25,,,,,,nyse,2026-08-08T04:28:24,,,
CYCCP,CYCCP,2021-08-24,14:09:57,,LUDP,LULD pause,"Cyclacel Pharmaceuticals, Inc. 6% Cnvrtbl. Prfrd. Stock",Nasdaq,2021-08-24,,14:14:57,,,,,,nyse,2026-08-08T04:28:24,,,
EVLVU,EVLVU,2021-08-25,04:02:41,,T1,News pending,"Evolv Technologies Holdings, Inc. Unit",Nasdaq,,,,,,,,,nyse,2026-08-08T04:28:24,no_reanudo,,
ACBA,ACBA,2021-08-25,08:25:01,,T1,News pending,Ace Global Business Acquisition Limited Ordinary Shares,Nasdaq,2021-08-25,,09:00:00,,,,,,nyse,2026-08-08T04:28:24,,,
ACBAU,ACBAU,2021-08-25,08:25:01,,T1,News pending,Ace Global Business Acquisition Limited Unit,Nasdaq,2021-08-25,,09:00:00,,,,,,nyse,2026-08-08T04:28:24,,,
ACBAW,ACBAW,2021-08-25,08:25:01,,T1,News pending,Ace Global Business Acquisition Limited Warrant,Nasdaq,2021-08-25,,09:00:00,,,,,,nyse,2026-08-08T04:28:24,,,
RGC,RGC,2021-08-25,09:30:28,,LUDP,LULD pause,Regencell Bioscience Holdings Limited Ordinary Shares,Nasdaq,2021-08-25,,09:35:28,,,,,,nyse,2026-08-08T04:28:24,,,
LWAC,LWAC,2021-08-25,09:31:14,,LUDP,LULD pause,Locust Walk Acquisition Corp. Class A Common Stock,Nasdaq,2021-08-25,,09:41:14,,,,,,nyse,2026-08-08T04:28:24,,,
JFIN,JFIN,2021-08-25,09:31:30,,LUDP,LULD pause,Jiayin Group Inc. American Depositary Shares,Nasdaq,2021-08-25,,09:36:30,,,,,,nyse,2026-08-08T04:28:24,,,
LWACU,LWACU,2021-08-25,09:32:02,,LUDP,LULD pause,Locust Walk Acquisition Corp. Unit,Nasdaq,2021-08-25,,09:37:02,,,,,,nyse,2026-08-08T04:28:24,,,
RGC,RGC,2021-08-25,09:36:00,,LUDP,LULD pause,Regencell Bioscience Holdings Limited Ordinary Shares,Nasdaq,2021-08-25,,09:41:00,,,,,,nyse,2026-08-08T04:28:24,,,
RGC,RGC,2021-08-25,09:41:16,,LUDP,LULD pause,Regencell Bioscience Holdings Limited Ordinary Shares,Nasdaq,2021-08-25,,09:51:17,,,,,,nyse,2026-08-08T04:28:24,,,
LWAC,LWAC,2021-08-25,09:42:37,,LUDP,LULD pause,Locust Walk Acquisition Corp. Class A Common Stock,Nasdaq,2021-08-25,,09:47:37,,,,,,nyse,2026-08-08T04:28:24,,,
FATBB,FATBB,2021-08-25,09:47:12,,LUDP,LULD pause,FAT Brands Inc. Class B Common Stock,Nasdaq,2021-08-25,,10:21:04,,,,,,nyse,2026-08-08T04:28:24,,,
BGI,BGI,2021-08-25,09:47:22,,LUDP,LULD pause,Birks Group Inc,NYSE American,2021-08-25,,09:52:22,,,,,,nyse,2026-08-08T04:28:24,,,
LWAC,LWAC,2021-08-25,10:03:57,,LUDP,LULD pause,Locust Walk Acquisition Corp. Class A Common Stock,Nasdaq,2021-08-25,,10:08:57,,,,,,nyse,2026-08-08T04:28:24,,,
FATBB,FATBB,2021-08-25,10:21:20,,LUDP,LULD pause,FAT Brands Inc. Class B Common Stock,Nasdaq,2021-08-25,,10:31:20,,,,,,nyse,2026-08-08T04:28:24,,,
LTRN,LTRN,2021-08-25,10:45:33,,LUDP,LULD pause,Lantern Pharma Inc. Common Stock,Nasdaq,2021-08-25,,10:50:33,,,,,,nyse,2026-08-08T04:28:24,,,
TKAT,TKAT,2021-08-25,11:19:07,,LUDP,LULD pause,"Takung Art Co., Ltd.",NYSE American,2021-08-25,,11:24:07,,,,,,nyse,2026-08-08T04:28:24,,,
ASND,ASND,2021-08-25,11:56:52,,T1,News pending,Ascendis Pharma A/S American Depositary Shares,Nasdaq,2021-08-25,,16:15:00,,,,,,nyse,2026-08-08T04:28:24,,,
RGC,RGC,2021-08-25,13:30:22,,LUDP,LULD pause,Regencell Bioscience Holdings Limited Ordinary Shares,Nasdaq,2021-08-25,,13:35:22,,,,,,nyse,2026-08-08T04:28:24,,,
USCR,USCR,2021-08-25,19:50:00,,T1,News pending,"U S Concrete, Inc.",Nasdaq,,,,,,,,,nyse,2026-08-08T04:28:24,no_reanudo,,
MXIM,MXIM,2021-08-26,08:06:59,,T1,News pending,Maxim Integrated Products,Nasdaq,,,,,,,,,nyse,2026-08-08T04:28:24,no_reanudo,,
TCRX,TCRX,2021-08-26,09:31:15,,LUDP,LULD pause,"TScan Therapeutics, Inc. Common Stock",Nasdaq,2021-08-26,,09:36:15,,,,,,nyse,2026-08-08T04:28:24,,,
BLUW,BLUW,2021-08-26,09:34:17,,LUDP,LULD pause,Blue Water Acquisition Corp. Class A Common Stock,Nasdaq,2021-08-26,,09:39:17,,,,,,nyse,2026-08-08T04:28:24,,,
TKAT,TKAT,2021-08-26,09:35:14,,LUDP,LULD pause,"Takung Art Co., Ltd.",NYSE American,2021-08-26,,09:40:14,,,,,,nyse,2026-08-08T04:28:24,,,
GBNH,GBNH,2021-08-26,09:37:05,,LUDP,LULD pause,Greenbrook TMS Inc. Common Shares,Nasdaq,2021-08-26,,09:42:05,,,,,,nyse,2026-08-08T04:28:24,,,
GBNH,GBNH,2021-08-26,09:42:21,,LUDP,LULD pause,Greenbrook TMS Inc. Common Shares,Nasdaq,2021-08-26,,09:47:21,,,,,,nyse,2026-08-08T04:28:24,,,
TKAT,TKAT,2021-08-26,09:43:07,,LUDP,LULD pause,"Takung Art Co., Ltd.",NYSE American,2021-08-26,,09:48:07,,,,,,nyse,2026-08-08T04:28:24,,,
GBNH,GBNH,2021-08-26,09:47:42,,LUDP,LULD pause,Greenbrook TMS Inc. Common Shares,Nasdaq,2021-08-26,,09:52:42,,,,,,nyse,2026-08-08T04:28:24,,,
BLUWU,BLUWU,2021-08-26,09:59:04,,LUDP,LULD pause,Blue Water Acquisition Corp. Unit,Nasdaq,2021-08-26,,10:04:04,,,,,,nyse,2026-08-08T04:28:24,,,
BLUW,BLUW,2021-08-26,09:59:32,,LUDP,LULD pause,Blue Water Acquisition Corp. Class A Common Stock,Nasdaq,2021-08-26,,10:04:32,,,,,,nyse,2026-08-08T04:28:24,,,
UUU,UUU,2021-08-26,10:27:04,,T1,News pending,"Universal Security Instruments, Inc.",NYSE American,2021-08-26,,11:35:00,,,,,,nyse,2026-08-08T04:28:24,,,
EFTR,EFTR,2021-08-26,10:30:08,,LUDP,LULD pause,"eFFECTOR Therapeutics, Inc. Common Stock",Nasdaq,2021-08-26,,10:35:08,,,,,,nyse,2026-08-08T04:28:24,,,
BLUWU,BLUWU,2021-08-26,10:39:49,,LUDP,LULD pause,Blue Water Acquisition Corp. Unit,Nasdaq,2021-08-26,,10:49:49,,,,,,nyse,2026-08-08T04:28:24,,,
BLUWU,BLUWU,2021-08-26,10:51:57,,LUDP,LULD pause,Blue Water Acquisition Corp. Unit,Nasdaq,2021-08-26,,11:01:57,,,,,,nyse,2026-08-08T04:28:24,,,
PRTC,PRTC,2021-08-26,10:56:59,,LUDP,LULD pause,PureTech Health plc American Depositary Shares,Nasdaq,2021-08-26,,11:01:59,,,,,,nyse,2026-08-08T04:28:24,,,
TSRI,TSRI,2021-08-26,11:45:41,,LUDP,LULD pause,TSR Inc. New,Nasdaq,2021-08-26,,11:50:41,,,,,,nyse,2026-08-08T04:28:24,,,
PEB.PRC,PEB PRC,2021-08-26,12:01:30,,T2,News Released,Pebblebrook Hotel Trust 6.50% Series C,NYSE,,,,,,,,,nyse,2026-08-08T04:28:24,no_reanudo,,
HPK,HPK,2021-08-26,14:07:07,,LUDP,LULD pause,"HighPeak Energy, Inc. Common Stock",Nasdaq,2021-08-26,,14:12:07,,,,,,nyse,2026-08-08T04:28:24,,,
TSRI,TSRI,2021-08-26,15:58:21,,LUDP,LULD pause,TSR Inc. New,Nasdaq,2021-08-26,,16:00:00,,,,,,nyse,2026-08-08T04:28:24,,,
SYKE,SYKE,2021-08-26,19:50:07,,T1,News pending,SYKES Enterprises Inc,Nasdaq,,,,,,,,,nyse,2026-08-08T04:28:24,no_reanudo,,
SPRT,SPRT,2021-08-27,09:30:45,,LUDP,LULD pause,"support.com, Inc.",Nasdaq,2021-08-27,,09:40:45,,,,,,nyse,2026-08-08T04:28:24,,,
RNXT,RNXT,2021-08-27,09:39:26,,LUDP,LULD pause,"RenovoRx, Inc. Common Stock",Nasdaq,2021-08-27,,09:44:26,,,,,,nyse,2026-08-08T04:28:24,,,
RPHM,RPHM,2021-08-27,09:41:08,,LUDP,LULD pause,"Reneo Pharmaceuticals, Inc. Common Stock",Nasdaq,2021-08-27,,09:46:08,,,,,,nyse,2026-08-08T04:28:24,,,
SPRT,SPRT,2021-08-27,09:45:04,,LUDP,LULD pause,"support.com, Inc.",Nasdaq,2021-08-27,,09:50:04,,,,,,nyse,2026-08-08T04:28:24,,,
SPRT,SPRT,2021-08-27,09:52:14,,LUDP,LULD pause,"support.com, Inc.",Nasdaq,2021-08-27,,09:57:14,,,,,,nyse,2026-08-08T04:28:24,,,
IRNT,IRNT,2021-08-27,09:56:09,,LUDP,LULD pause,"IronNet, Inc.",NYSE,2021-08-27,,10:01:49,,,,,,nyse,2026-08-08T04:28:24,,,
HUMA,HUMA,2021-08-27,09:57:07,,LUDP,LULD pause,"Humacyte, Inc. Common Stock",Nasdaq,2021-08-27,,10:07:07,,,,,,nyse,2026-08-08T04:28:24,,,
NURO,NURO,2021-08-27,10:02:28,,LUDP,LULD pause,"NeuroMetrix, Inc. Common Stock",Nasdaq,2021-08-27,,10:07:28,,,,,,nyse,2026-08-08T04:28:24,,,
SPRT,SPRT,2021-08-27,10:22:33,,LUDP,LULD pause,"support.com, Inc.",Nasdaq,2021-08-27,,10:27:33,,,,,,nyse,2026-08-08T04:28:24,,,
SPRT,SPRT,2021-08-27,11:05:51,,LUDP,LULD pause,"support.com, Inc.",Nasdaq,2021-08-27,,11:10:51,,,,,,nyse,2026-08-08T04:28:24,,,
IRNT,IRNT,2021-08-27,11:10:18,,LUDP,LULD pause,"IronNet, Inc.",NYSE,2021-08-27,,11:16:12,,,,,,nyse,2026-08-08T04:28:24,,,
SQL,SQL,2021-08-27,11:11:58,,LUDP,LULD pause,SeqLL Inc. Common stock,Nasdaq,2021-08-27,,11:21:59,,,,,,nyse,2026-08-08T04:28:24,,,
SQL,SQL,2021-08-27,11:23:03,,LUDP,LULD pause,SeqLL Inc. Common stock,Nasdaq,2021-08-27,,11:28:03,,,,,,nyse,2026-08-08T04:28:24,,,
CYCCP,CYCCP,2021-08-27,11:52:48,,LUDP,LULD pause,"Cyclacel Pharmaceuticals, Inc. 6% Cnvrtbl. Prfrd. Stock",Nasdaq,2021-08-27,,11:57:48,,,,,,nyse,2026-08-08T04:28:24,,,
CYCCP,CYCCP,2021-08-27,12:17:11,,LUDP,LULD pause,"Cyclacel Pharmaceuticals, Inc. 6% Cnvrtbl. Prfrd. Stock",Nasdaq,2021-08-27,,12:27:11,,,,,,nyse,2026-08-08T04:28:24,,,
CYCCP,CYCCP,2021-08-27,12:48:13,,LUDP,LULD pause,"Cyclacel Pharmaceuticals, Inc. 6% Cnvrtbl. Prfrd. Stock",Nasdaq,2021-08-27,,12:53:13,,,,,,nyse,2026-08-08T04:28:24,,,
ALIM,ALIM,2021-08-27,12:58:28,,LUDP,LULD pause,"Alimera Sciences, Inc.",Nasdaq,2021-08-27,,13:03:28,,,,,,nyse,2026-08-08T04:28:24,,,
GBGR,GBGR,2021-08-27,14:28:06,,LUDP,LULD pause,Global Beta Rising Stars ETF,NYSE Arca,2021-08-27,,14:33:06,,,,,,nyse,2026-08-08T04:28:24,,,
SPRT,SPRT,2021-08-27,15:19:39,,LUDP,LULD pause,"support.com, Inc.",Nasdaq,2021-08-27,,15:29:39,,,,,,nyse,2026-08-08T04:28:24,,,
SPRT,SPRT,2021-08-27,15:44:47,,LUDP,LULD pause,"support.com, Inc.",Nasdaq,2021-08-27,,15:49:47,,,,,,nyse,2026-08-08T04:28:24,,,
SPRT,SPRT,2021-08-27,15:52:08,,LUDP,LULD pause,"support.com, Inc.",Nasdaq,2021-08-27,,16:00:00,,,,,,nyse,2026-08-08T04:28:24,,,
ADTN,ADTN,2021-08-30,07:15:56,,T1,News pending,Adtran Inc,Nasdaq,2021-08-30,,08:20:00,,,,,,nyse,2026-08-08T04:28:24,,,
DSPG,DSPG,2021-08-30,07:57:31,,T1,News pending,DSP Group Inc,Nasdaq,2021-08-30,,08:30:00,,,,,,nyse,2026-08-08T04:28:24,,,
RNXT,RNXT,2021-08-30,10:00:08,,LUDP,LULD pause,"RenovoRx, Inc. Common Stock",Nasdaq,2021-08-30,,10:05:08,,,,,,nyse,2026-08-08T04:28:24,,,
BBIG,BBIG,2021-08-30,10:00:50,,LUDP,LULD pause,"Vinco Ventures, Inc. Common Stock",Nasdaq,2021-08-30,,10:05:50,,,,,,nyse,2026-08-08T04:28:24,,,
RNXT,RNXT,2021-08-30,10:07:38,,LUDP,LULD pause,"RenovoRx, Inc. Common Stock",Nasdaq,2021-08-30,,10:12:38,,,,,,nyse,2026-08-08T04:28:24,,,
RNXT,RNXT,2021-08-30,10:16:19,,LUDP,LULD pause,"RenovoRx, Inc. Common Stock",Nasdaq,2021-08-30,,10:21:19,,,,,,nyse,2026-08-08T04:28:24,,,
ANY,ANY,2021-08-30,10:17:10,,LUDP,LULD pause,Sphere 3D Corp. Common Shares,Nasdaq,2021-08-30,,10:22:10,,,,,,nyse,2026-08-08T04:28:24,,,
PRTC,PRTC,2021-08-30,11:03:52,,LUDP,LULD pause,PureTech Health plc American Depositary Shares,Nasdaq,2021-08-30,,11:08:52,,,,,,nyse,2026-08-08T04:28:24,,,
CYCCP,CYCCP,2021-08-30,12:03:24,,LUDP,LULD pause,"Cyclacel Pharmaceuticals, Inc. 6% Cnvrtbl. Prfrd. Stock",Nasdaq,2021-08-30,,12:08:24,,,,,,nyse,2026-08-08T04:28:24,,,
DISCB,DISCB,2021-08-30,13:36:33,,LUDP,LULD pause,"Discovery, Inc. Series B Common Stock",Nasdaq,2021-08-30,,13:41:33,,,,,,nyse,2026-08-08T04:28:24,,,
WVVIP,WVVIP,2021-08-30,14:07:49,,LUDP,LULD pause,"Willamette Valley Vineyards, Inc. Series A Redeemable Preferred Stock",Nasdaq,2021-08-30,,14:27:50,,,,,,nyse,2026-08-08T04:28:24,,,
WVVIP,WVVIP,2021-08-30,14:46:50,,LUDP,LULD pause,"Willamette Valley Vineyards, Inc. Series A Redeemable Preferred Stock",Nasdaq,2021-08-30,,14:51:50,,,,,,nyse,2026-08-08T04:28:24,,,
RNXT,RNXT,2021-08-30,15:39:20,,LUDP,LULD pause,"RenovoRx, Inc. Common Stock",Nasdaq,2021-08-30,,15:44:20,,,,,,nyse,2026-08-08T04:28:24,,,
AIRTW,AIRTW,2021-08-30,16:05:01,,T1,News pending,"Air T, Inc. Air T Funding Warrants to Purchase Alpha Income Trust Preferred Expiring 08/30/2021",Nasdaq,,,,,,,,,nyse,2026-08-08T04:28:24,no_reanudo,,
CEREW,CEREW,2021-08-30,16:05:01,,T1,News pending,"Cerevel Therapeutics Holdings, Inc. Warrant",Nasdaq,,,,,,,,,nyse,2026-08-08T04:28:24,no_reanudo,,
GDYNW,GDYNW,2021-08-30,16:05:01,,T1,News pending,"Grid Dynamics Holdings, Inc. Warrant",Nasdaq,,,,,,,,,nyse,2026-08-08T04:28:24,no_reanudo,,
PFPT,PFPT,2021-08-30,19:50:02,,T1,News pending,"Proofpoint, Inc.",Nasdaq,,,,,,,,,nyse,2026-08-08T04:28:24,no_reanudo,,
SQBG,SQBG,2021-08-31,09:25:58,,T1,News pending,"Sequential Brands Group, Inc.",Nasdaq,2021-08-31,,10:00:00,,,,,,nyse,2026-08-08T04:28:24,,,
FCUV,FCUV,2021-08-31,09:31:07,,LUDP,LULD pause,Focus Universal Inc. Common Stock,Nasdaq,2021-08-31,,09:36:07,,,,,,nyse,2026-08-08T04:28:24,,,
RHE,RHE,2021-08-31,09:43:11,,LUDP,LULD pause,"Regional Health Properties, Inc.",NYSE American,2021-08-31,,09:48:11,,,,,,nyse,2026-08-08T04:28:24,,,
WVVIP,WVVIP,2021-08-31,09:54:35,,LUDP,LULD pause,"Willamette Valley Vineyards, Inc. Series A Redeemable Preferred Stock",Nasdaq,2021-08-31,,10:04:35,,,,,,nyse,2026-08-08T04:28:24,,,
SQBG,SQBG,2021-08-31,10:00:18,,LUDP,LULD pause,"Sequential Brands Group, Inc.",Nasdaq,2021-08-31,,10:10:18,,,,,,nyse,2026-08-08T04:28:24,,,
SQBG,SQBG,2021-08-31,10:11:03,,LUDP,LULD pause,"Sequential Brands Group, Inc.",Nasdaq,2021-08-31,,10:16:03,,,,,,nyse,2026-08-08T04:28:24,,,
WVVIP,WVVIP,2021-08-31,10:17:58,,LUDP,LULD pause,"Willamette Valley Vineyards, Inc. Series A Redeemable Preferred Stock",Nasdaq,2021-08-31,,10:27:58,,,,,,nyse,2026-08-08T04:28:24,,,
WVVIP,WVVIP,2021-08-31,10:30:50,,LUDP,LULD pause,"Willamette Valley Vineyards, Inc. Series A Redeemable Preferred Stock",Nasdaq,2021-08-31,,10:35:50,,,,,,nyse,2026-08-08T04:28:24,,,
ELYS,ELYS,2021-08-31,10:48:44,,LUDP,LULD pause,"Elys Game Technology, Corp. Common Stock",Nasdaq,2021-08-31,,10:53:44,,,,,,nyse,2026-08-08T04:28:24,,,
NETE,NETE,2021-08-31,12:00:23,,LUDP,LULD pause,"Net Element, Inc.",Nasdaq,2021-08-31,,12:10:24,,,,,,nyse,2026-08-08T04:28:24,,,
STG,STG,2021-08-31,13:16:26,,LUDP,LULD pause,"Sunlands Technology Group, American Depositary Shares,  American Depositary Shares, every two (2) AD",NYSE,2021-08-31,,13:23:00,,,,,,nyse,2026-08-08T04:28:24,,,
CYCCP,CYCCP,2021-08-31,13:25:09,,LUDP,LULD pause,"Cyclacel Pharmaceuticals, Inc. 6% Cnvrtbl. Prfrd. Stock",Nasdaq,2021-08-31,,13:35:10,,,,,,nyse,2026-08-08T04:28:24,,,
CYCCP,CYCCP,2021-08-31,13:50:17,,LUDP,LULD pause,"Cyclacel Pharmaceuticals, Inc. 6% Cnvrtbl. Prfrd. Stock",Nasdaq,2021-08-31,,13:55:17,,,,,,nyse,2026-08-08T04:28:24,,,
UNAM,UNAM,2021-08-31,15:01:42,,LUDP,LULD pause,Unico American Corp,Nasdaq,2021-08-31,,15:06:42,,,,,,nyse,2026-08-08T04:28:24,,,
CORE,CORE,2021-08-31,19:50:00,,T1,News pending,"Core Mark Holding Co., Inc.",Nasdaq,2021-09-01,,09:00:00,,,,,,nyse,2026-08-08T04:28:24,,,
ORBC,ORBC,2021-08-31,19:50:00,,T1,News pending,"ORBCOMM, Inc.",Nasdaq,,,,,,,,,nyse,2026-08-08T04:28:24,no_reanudo,,
ADAG,ADAG,2021-09-01,09:30:24,,LUDP,LULD pause,Adagene Inc. American Depositary Shares,Nasdaq,2021-09-01,,09:35:24,,,,,,nyse,2026-08-08T04:28:24,,,
EVAX,EVAX,2021-09-01,09:31:54,,LUDP,LULD pause,Evaxion Biotech A/S American Depositary Share,Nasdaq,2021-09-01,,09:41:54,,,,,,nyse,2026-08-08T04:28:24,,,
SQBG,SQBG,2021-09-01,09:38:19,,LUDP,LULD pause,"Sequential Brands Group, Inc.",Nasdaq,2021-09-01,,09:43:19,,,,,,nyse,2026-08-08T04:28:24,,,
BBIG,BBIG,2021-09-01,09:44:23,,LUDP,LULD pause,"Vinco Ventures, Inc. Common Stock",Nasdaq,2021-09-01,,09:49:23,,,,,,nyse,2026-08-08T04:28:24,,,
FCUV,FCUV,2021-09-01,09:50:43,,LUDP,LULD pause,Focus Universal Inc. Common Stock,Nasdaq,2021-09-01,,09:55:43,,,,,,nyse,2026-08-08T04:28:24,,,
BBIG,BBIG,2021-09-01,09:50:57,,LUDP,LULD pause,"Vinco Ventures, Inc. Common Stock",Nasdaq,2021-09-01,,09:55:57,,,,,,nyse,2026-08-08T04:28:24,,,
BBIG,BBIG,2021-09-01,09:56:44,,LUDP,LULD pause,"Vinco Ventures, Inc. Common Stock",Nasdaq,2021-09-01,,10:01:44,,,,,,nyse,2026-08-08T04:28:24,,,
FCUV,FCUV,2021-09-01,10:12:45,,LUDP,LULD pause,Focus Universal Inc. Common Stock,Nasdaq,2021-09-01,,10:17:45,,,,,,nyse,2026-08-08T04:28:24,,,
SQBG,SQBG,2021-09-01,10:14:54,,LUDP,LULD pause,"Sequential Brands Group, Inc.",Nasdaq,2021-09-01,,10:19:54,,,,,,nyse,2026-08-08T04:28:24,,,
FCUV,FCUV,2021-09-01,10:18:23,,LUDP,LULD pause,Focus Universal Inc. Common Stock,Nasdaq,2021-09-01,,10:23:23,,,,,,nyse,2026-08-08T04:28:24,,,
CULL,CULL,2021-09-01,10:22:29,,LUDP,LULD pause,Cullman Bancorp Inc.,Nasdaq,2021-09-01,,10:27:29,,,,,,nyse,2026-08-08T04:28:24,,,
FCUV,FCUV,2021-09-01,10:23:57,,LUDP,LULD pause,Focus Universal Inc. Common Stock,Nasdaq,2021-09-01,,10:33:57,,,,,,nyse,2026-08-08T04:28:24,,,
FCUV,FCUV,2021-09-01,10:34:16,,LUDP,LULD pause,Focus Universal Inc. Common Stock,Nasdaq,2021-09-01,,10:39:16,,,,,,nyse,2026-08-08T04:28:24,,,
FCUV,FCUV,2021-09-01,10:39:48,,LUDP,LULD pause,Focus Universal Inc. Common Stock,Nasdaq,2021-09-01,,10:54:49,,,,,,nyse,2026-08-08T04:28:24,,,
FCUV,FCUV,2021-09-01,10:55:56,,LUDP,LULD pause,Focus Universal Inc. Common Stock,Nasdaq,2021-09-01,,11:00:56,,,,,,nyse,2026-08-08T04:28:24,,,
FCUV,FCUV,2021-09-01,11:08:08,,LUDP,LULD pause,Focus Universal Inc. Common Stock,Nasdaq,2021-09-01,,11:13:08,,,,,,nyse,2026-08-08T04:28:24,,,
FCUV,FCUV,2021-09-01,11:13:26,,LUDP,LULD pause,Focus Universal Inc. Common Stock,Nasdaq,2021-09-01,,11:23:26,,,,,,nyse,2026-08-08T04:28:24,,,
FCUV,FCUV,2021-09-01,11:24:06,,LUDP,LULD pause,Focus Universal Inc. Common Stock,Nasdaq,2021-09-01,,11:29:06,,,,,,nyse,2026-08-08T04:28:24,,,
FCUV,FCUV,2021-09-01,11:31:06,,LUDP,LULD pause,Focus Universal Inc. Common Stock,Nasdaq,2021-09-01,,11:36:06,,,,,,nyse,2026-08-08T04:28:24,,,
FCUV,FCUV,2021-09-01,11:36:35,,LUDP,LULD pause,Focus Universal Inc. Common Stock,Nasdaq,2021-09-01,,11:46:35,,,,,,nyse,2026-08-08T04:28:24,,,
FCUV,FCUV,2021-09-01,11:50:40,,LUDP,LULD pause,Focus Universal Inc. Common Stock,Nasdaq,2021-09-01,,11:55:40,,,,,,nyse,2026-08-08T04:28:24,,,
FCUV,FCUV,2021-09-01,11:56:04,,LUDP,LULD pause,Focus Universal Inc. Common Stock,Nasdaq,2021-09-01,,12:01:04,,,,,,nyse,2026-08-08T04:28:24,,,
FCUV,FCUV,2021-09-01,12:05:08,,LUDP,LULD pause,Focus Universal Inc. Common Stock,Nasdaq,2021-09-01,,12:10:08,,,,,,nyse,2026-08-08T04:28:24,,,
FCUV,FCUV,2021-09-01,12:13:06,,LUDP,LULD pause,Focus Universal Inc. Common Stock,Nasdaq,2021-09-01,,12:23:06,,,,,,nyse,2026-08-08T04:28:24,,,
RKLY,RKLY,2021-09-01,12:14:20,,LUDP,LULD pause,Rockley Photonics Holdings Limited,NYSE,2021-09-01,,12:19:45,,,,,,nyse,2026-08-08T04:28:24,,,
FCUV,FCUV,2021-09-01,12:24:00,,LUDP,LULD pause,Focus Universal Inc. Common Stock,Nasdaq,2021-09-01,,12:34:00,,,,,,nyse,2026-08-08T04:28:24,,,
FCUV,FCUV,2021-09-01,12:36:03,,LUDP,LULD pause,Focus Universal Inc. Common Stock,Nasdaq,2021-09-01,,12:41:03,,,,,,nyse,2026-08-08T04:28:24,,,
FCUV,FCUV,2021-09-01,12:51:34,,LUDP,LULD pause,Focus Universal Inc. Common Stock,Nasdaq,2021-09-01,,12:56:34,,,,,,nyse,2026-08-08T04:28:24,,,
FCUV,FCUV,2021-09-01,15:23:13,,LUDP,LULD pause,Focus Universal Inc. Common Stock,Nasdaq,2021-09-01,,15:28:13,,,,,,nyse,2026-08-08T04:28:24,,,
SLGC,SLGC,2021-09-02,09:30:39,,LUDP,LULD pause,"SomaLogic, Inc. Class A Common Stock",Nasdaq,2021-09-02,,09:44:59,,,,,,nyse,2026-08-08T04:28:24,,,
SCPS,SCPS,2021-09-02,09:33:03,,LUDP,LULD pause,Scopus BioPharma Inc. Common Stock,Nasdaq,2021-09-02,,09:43:03,,,,,,nyse,2026-08-08T04:28:24,,,
SLGC,SLGC,2021-09-02,09:46:14,,LUDP,LULD pause,"SomaLogic, Inc. Class A Common Stock",Nasdaq,2021-09-02,,09:51:14,,,,,,nyse,2026-08-08T04:28:24,,,
NM,NM,2021-09-02,09:49:57,,LUDP,LULD pause,Navios Maritime Holdings Inc.,NYSE,2021-09-02,,09:55:10,,,,,,nyse,2026-08-08T04:28:24,,,
FCUV,FCUV,2021-09-02,10:10:06,,LUDP,LULD pause,Focus Universal Inc. Common Stock,Nasdaq,2021-09-02,,10:15:06,,,,,,nyse,2026-08-08T04:28:24,,,
WVVIP,WVVIP,2021-09-02,10:11:04,,LUDP,LULD pause,"Willamette Valley Vineyards, Inc. Series A Redeemable Preferred Stock",Nasdaq,2021-09-02,,10:16:04,,,,,,nyse,2026-08-08T04:28:24,,,
LXEH,LXEH,2021-09-02,11:03:51,,LUDP,LULD pause,"Lixiang Education Holding Co., Ltd. American Depositary Shares",Nasdaq,2021-09-02,,11:08:51,,,,,,nyse,2026-08-08T04:28:24,,,
TSRI,TSRI,2021-09-02,11:58:55,,LUDP,LULD pause,TSR Inc. New,Nasdaq,2021-09-02,,12:03:55,,,,,,nyse,2026-08-08T04:28:24,,,
BTCM,BTCM,2021-09-02,13:56:34,,LUDP,LULD pause,BIT Mining Limited,NYSE,2021-09-02,,14:02:05,,,,,,nyse,2026-08-08T04:28:24,,,
XTLB,XTLB,2021-09-02,14:01:33,,LUDP,LULD pause,XTL Biopharmaceuticals Ltd. American Depositary Shares,Nasdaq,2021-09-02,,14:11:33,,,,,,nyse,2026-08-08T04:28:24,,,
AGIL,AGIL,2021-09-02,15:12:07,,LUDP,LULD pause,"AgileThought, Inc. Class A Common Stock",Nasdaq,2021-09-02,,15:23:44,,,,,,nyse,2026-08-08T04:28:24,,,
AGIL,AGIL,2021-09-02,15:24:41,,LUDP,LULD pause,"AgileThought, Inc. Class A Common Stock",Nasdaq,2021-09-02,,15:36:00,,,,,,nyse,2026-08-08T04:28:24,,,
AGIL,AGIL,2021-09-02,15:38:34,,LUDP,LULD pause,"AgileThought, Inc. Class A Common Stock",Nasdaq,2021-09-02,,15:43:34,,,,,,nyse,2026-08-08T04:28:24,,,
AGIL,AGIL,2021-09-02,15:44:27,,LUDP,LULD pause,"AgileThought, Inc. Class A Common Stock",Nasdaq,2021-09-02,,15:49:27,,,,,,nyse,2026-08-08T04:28:24,,,
AGIL,AGIL,2021-09-02,15:55:58,,LUDP,LULD pause,"AgileThought, Inc. Class A Common Stock",Nasdaq,2021-09-02,,16:00:00,,,,,,nyse,2026-08-08T04:28:24,,,
FBRX,FBRX,2021-09-02,16:05:10,,T1,News pending,"Forte Biosciences, Inc. Common Stock",Nasdaq,2021-09-02,,16:35:00,,,,,,nyse,2026-08-08T04:28:24,,,
GIPRU,GIPRU,2021-09-03,03:58:00,,T1,News pending,Generation Income Properties Inc Unit,Nasdaq,2021-09-03,,03:58:00,,,,,,nyse,2026-08-08T04:28:24,,,
IMPL,IMPL,2021-09-03,08:25:13,,T1,News pending,"Impel NeuroPharma, Inc. Common Stock",Nasdaq,2021-09-03,,09:16:00,,,,,,nyse,2026-08-08T04:28:24,,,
OLB,OLB,2021-09-03,09:33:58,,LUDP,LULD pause,"The OLB Group, Inc. Common Stock",Nasdaq,2021-09-03,,09:43:58,,,,,,nyse,2026-08-08T04:28:24,,,
IRNT,IRNT,2021-09-03,09:40:02,,LUDP,LULD pause,"IronNet, Inc.",NYSE,2021-09-03,,09:45:23,,,,,,nyse,2026-08-08T04:28:24,,,
NMTC,NMTC,2021-09-03,10:10:56,,LUDP,LULD pause,NeuroOne Medical Technologies Corporation Common Stock,Nasdaq,2021-09-03,,10:20:56,,,,,,nyse,2026-08-08T04:28:24,,,
NMTC,NMTC,2021-09-03,10:21:24,,LUDP,LULD pause,NeuroOne Medical Technologies Corporation Common Stock,Nasdaq,2021-09-03,,10:26:24,,,,,,nyse,2026-08-08T04:28:24,,,
ESGC,ESGC,2021-09-03,12:02:09,,T1,News pending,Eros STX Global Corporation,NYSE,2021-09-03,,12:27:42,,,,,,nyse,2026-08-08T04:28:24,,,
IPHA,IPHA,2021-09-03,13:47:57,,LUDP,LULD pause,Innate Pharma S.A. ADS,Nasdaq,2021-09-03,,13:57:57,,,,,,nyse,2026-08-08T04:28:24,,,
IPHA,IPHA,2021-09-03,14:23:21,,LUDP,LULD pause,Innate Pharma S.A. ADS,Nasdaq,2021-09-03,,14:28:21,,,,,,nyse,2026-08-08T04:28:24,,,
ADAP,ADAP,2021-09-07,07:00:15,,T1,News pending,Adaptimmune Therapeutics plc American Depositary Shares,Nasdaq,2021-09-07,,07:30:00,,,,,,nyse,2026-08-08T04:28:24,,,
RILYH,RILYH,2021-09-07,08:15:45,,T1,News pending,"B. Riley Financial, Inc. 7.375% Senior Notes due 2023",Nasdaq,,,,,,,,,nyse,2026-08-08T04:28:24,no_reanudo,,
CBB,CBB,2021-09-07,08:55:22,,UNKNOWN,Merger Effective,Cincinnati Bell Inc.,NYSE,,,,,,,,,nyse,2026-08-08T04:28:24,no_reanudo,,
OPAD,OPAD,2021-09-07,09:31:39,,LUDP,LULD pause,Offerpad Solutions Inc.,NYSE,2021-09-07,,09:36:42,,,,,,nyse,2026-08-08T04:28:24,,,
FCUV,FCUV,2021-09-07,09:36:39,,LUDP,LULD pause,Focus Universal Inc. Common Stock,Nasdaq,2021-09-07,,09:41:39,,,,,,nyse,2026-08-08T04:28:24,,,
OG,OG,2021-09-07,09:44:51,,LUDP,LULD pause,Onion Global Limited American Depositary Shares (each ten (10) ADSs representing one (1) Class A Ord,NYSE,2021-09-07,,09:50:02,,,,,,nyse,2026-08-08T04:28:24,,,
ATIF,ATIF,2021-09-07,09:47:51,,LUDP,LULD pause,ATIF Holdings Limited Ordinary Shares,Nasdaq,2021-09-07,,09:52:51,,,,,,nyse,2026-08-08T04:28:24,,,
SRZN,SRZN,2021-09-07,09:54:46,,LUDP,LULD pause,"Surrozen, Inc. Common",Nasdaq,2021-09-07,,09:59:46,,,,,,nyse,2026-08-08T04:28:24,,,
NMTC,NMTC,2021-09-07,10:08:37,,LUDP,LULD pause,NeuroOne Medical Technologies Corporation Common Stock,Nasdaq,2021-09-07,,10:13:37,,,,,,nyse,2026-08-08T04:28:24,,,
NMTC,NMTC,2021-09-07,10:14:41,,LUDP,LULD pause,NeuroOne Medical Technologies Corporation Common Stock,Nasdaq,2021-09-07,,10:19:41,,,,,,nyse,2026-08-08T04:28:24,,,
ARQQ,ARQQ,2021-09-07,10:20:26,,LUDP,LULD pause,Arqit Quantum Inc. Ordinary Shares,Nasdaq,2021-09-07,,12:55:43,,,,,,nyse,2026-08-08T04:28:24,,,
OG,OG,2021-09-07,11:07:11,,LUDP,LULD pause,Onion Global Limited American Depositary Shares (each ten (10) ADSs representing one (1) Class A Ord,NYSE,2021-09-07,,11:12:19,,,,,,nyse,2026-08-08T04:28:24,,,
CYCCP,CYCCP,2021-09-07,11:12:08,,LUDP,LULD pause,"Cyclacel Pharmaceuticals, Inc. 6% Cnvrtbl. Prfrd. Stock",Nasdaq,2021-09-07,,11:17:08,,,,,,nyse,2026-08-08T04:28:24,,,
SRZN,SRZN,2021-09-07,12:33:13,,LUDP,LULD pause,"Surrozen, Inc. Common",Nasdaq,2021-09-07,,12:38:13,,,,,,nyse,2026-08-08T04:28:24,,,
ARQQ,ARQQ,2021-09-07,12:56:08,,LUDP,LULD pause,Arqit Quantum Inc. Ordinary Shares,Nasdaq,2021-09-07,,13:06:08,,,,,,nyse,2026-08-08T04:28:24,,,
ARQQ,ARQQ,2021-09-07,13:06:33,,LUDP,LULD pause,Arqit Quantum Inc. Ordinary Shares,Nasdaq,2021-09-07,,13:16:34,,,,,,nyse,2026-08-08T04:28:24,,,
ARQQ,ARQQ,2021-09-07,13:16:51,,LUDP,LULD pause,Arqit Quantum Inc. Ordinary Shares,Nasdaq,2021-09-07,,13:21:51,,,,,,nyse,2026-08-08T04:28:24,,,
ARQQ,ARQQ,2021-09-07,13:27:23,,LUDP,LULD pause,Arqit Quantum Inc. Ordinary Shares,Nasdaq,2021-09-07,,13:37:23,,,,,,nyse,2026-08-08T04:28:24,,,
ARQQ,ARQQ,2021-09-07,13:37:57,,LUDP,LULD pause,Arqit Quantum Inc. Ordinary Shares,Nasdaq,2021-09-07,,13:42:57,,,,,,nyse,2026-08-08T04:28:24,,,
EFTR,EFTR,2021-09-07,13:58:45,,LUDP,LULD pause,"eFFECTOR Therapeutics, Inc. Common Stock",Nasdaq,2021-09-07,,14:03:45,,,,,,nyse,2026-08-08T04:28:24,,,
EFTR,EFTR,2021-09-07,14:04:06,,LUDP,LULD pause,"eFFECTOR Therapeutics, Inc. Common Stock",Nasdaq,2021-09-07,,14:09:06,,,,,,nyse,2026-08-08T04:28:24,,,
EFTR,EFTR,2021-09-07,14:15:37,,LUDP,LULD pause,"eFFECTOR Therapeutics, Inc. Common Stock",Nasdaq,2021-09-07,,14:20:37,,,,,,nyse,2026-08-08T04:28:24,,,
NMTC,NMTC,2021-09-07,14:21:33,,LUDP,LULD pause,NeuroOne Medical Technologies Corporation Common Stock,Nasdaq,2021-09-07,,14:31:34,,,,,,nyse,2026-08-08T04:28:24,,,
NMTC,NMTC,2021-09-07,14:34:18,,LUDP,LULD pause,NeuroOne Medical Technologies Corporation Common Stock,Nasdaq,2021-09-07,,14:39:18,,,,,,nyse,2026-08-08T04:28:24,,,
DAIO,DAIO,2021-09-07,15:17:07,,LUDP,LULD pause,Data I/O Corp,Nasdaq,2021-09-07,,15:22:07,,,,,,nyse,2026-08-08T04:28:24,,,
MGNX,MGNX,2021-09-07,16:25:00,,T1,News pending,"MacroGenics, Inc.",Nasdaq,2021-09-07,,17:00:00,,,,,,nyse,2026-08-08T04:28:24,,,
NWHM,NWHM,2021-09-08,08:19:15,,UNKNOWN,Merger Effective,THE NEW HOME COMPANY INC.,NYSE,,,,,,,,,nyse,2026-08-08T04:28:24,no_reanudo,,
ARQQ,ARQQ,2021-09-08,09:34:28,,LUDP,LULD pause,Arqit Quantum Inc. Ordinary Shares,Nasdaq,2021-09-08,,09:39:28,,,,,,nyse,2026-08-08T04:28:24,,,
CADL,CADL,2021-09-08,09:35:48,,LUDP,LULD pause,"Candel Therapeutics, Inc. Common Stock",Nasdaq,2021-09-08,,09:45:49,,,,,,nyse,2026-08-08T04:28:24,,,
CADL,CADL,2021-09-08,09:46:08,,LUDP,LULD pause,"Candel Therapeutics, Inc. Common Stock",Nasdaq,2021-09-08,,09:51:08,,,,,,nyse,2026-08-08T04:28:24,,,
EFTR,EFTR,2021-09-08,09:52:37,,LUDP,LULD pause,"eFFECTOR Therapeutics, Inc. Common Stock",Nasdaq,2021-09-08,,09:57:37,,,,,,nyse,2026-08-08T04:28:24,,,
SPB,SPB,2021-09-08,11:44:15,,T1,News pending,"Spectrum Brands Holdings, Inc.",NYSE,2021-09-08,,12:26:44,,,,,,nyse,2026-08-08T04:28:24,,,
EFTR,EFTR,2021-09-08,12:45:39,,LUDP,LULD pause,"eFFECTOR Therapeutics, Inc. Common Stock",Nasdaq,2021-09-08,,12:50:39,,,,,,nyse,2026-08-08T04:28:24,,,
BLUWU,BLUWU,2021-09-08,13:45:31,,LUDP,LULD pause,Blue Water Acquisition Corp. Unit,Nasdaq,2021-09-08,,13:55:31,,,,,,nyse,2026-08-08T04:28:24,,,
BLUWU,BLUWU,2021-09-08,13:59:29,,LUDP,LULD pause,Blue Water Acquisition Corp. Unit,Nasdaq,2021-09-08,,14:04:29,,,,,,nyse,2026-08-08T04:28:24,,,
HLBZ,HLBZ,2021-09-08,15:30:14,,LUDP,LULD pause,"Helbiz, Inc. Class A Common stock",Nasdaq,2021-09-08,,15:40:15,,,,,,nyse,2026-08-08T04:28:24,,,
HLBZ,HLBZ,2021-09-08,15:40:39,,LUDP,LULD pause,"Helbiz, Inc. Class A Common stock",Nasdaq,2021-09-08,,15:45:39,,,,,,nyse,2026-08-08T04:28:24,,,
HLBZ,HLBZ,2021-09-08,15:46:09,,LUDP,LULD pause,"Helbiz, Inc. Class A Common stock",Nasdaq,2021-09-08,,16:00:00,,,,,,nyse,2026-08-08T04:28:24,,,
PRQR,PRQR,2021-09-08,16:00:13,,T1,News pending,ProQR Therapeutics N.V. Ordinary Shares,Nasdaq,2021-09-08,,16:30:00,,,,,,nyse,2026-08-08T04:28:24,,,
WIL,WIL,2021-09-09,09:30:17,,LUDP,LULD pause,iPath Women in Leadership ETN,Cboe BZX,2021-09-09,,09:35:17,,,,,,nyse,2026-08-08T04:28:24,,,
EFTR,EFTR,2021-09-09,09:30:55,,LUDP,LULD pause,"eFFECTOR Therapeutics, Inc. Common Stock",Nasdaq,2021-09-09,,09:35:55,,,,,,nyse,2026-08-08T04:28:24,,,
IMGO,IMGO,2021-09-09,09:31:07,,LUDP,LULD pause,"Imago BioSciences, Inc. Common stock",Nasdaq,2021-09-09,,09:36:07,,,,,,nyse,2026-08-08T04:28:24,,,
HLBZ,HLBZ,2021-09-09,09:32:06,,LUDP,LULD pause,"Helbiz, Inc. Class A Common stock",Nasdaq,2021-09-09,,09:37:06,,,,,,nyse,2026-08-08T04:28:24,,,
EFTR,EFTR,2021-09-09,09:36:21,,LUDP,LULD pause,"eFFECTOR Therapeutics, Inc. Common Stock",Nasdaq,2021-09-09,,09:41:21,,,,,,nyse,2026-08-08T04:28:24,,,
INZY,INZY,2021-09-09,09:37:05,,LUDP,LULD pause,"Inozyme Pharma, Inc. Common Stock",Nasdaq,2021-09-09,,09:42:05,,,,,,nyse,2026-08-08T04:28:24,,,
OPAD,OPAD,2021-09-09,10:19:06,,LUDP,LULD pause,Offerpad Solutions Inc.,NYSE,2021-09-09,,10:24:24,,,,,,nyse,2026-08-08T04:28:24,,,
AVCT,AVCT,2021-09-09,11:16:09,,LUDP,LULD pause,"American Virtual Cloud Technologies, Inc. Common Stock",Nasdaq,2021-09-09,,11:26:10,,,,,,nyse,2026-08-08T04:28:24,,,
HLBZ,HLBZ,2021-09-09,11:39:53,,LUDP,LULD pause,"Helbiz, Inc. Class A Common stock",Nasdaq,2021-09-09,,11:44:53,,,,,,nyse,2026-08-08T04:28:24,,,
PCTTU,PCTTU,2021-09-09,13:31:44,,LUDP,LULD pause,"PureCycle Technologies, Inc. Unit",Nasdaq,2021-09-09,,13:36:44,,,,,,nyse,2026-08-08T04:28:24,,,
KAVL,KAVL,2021-09-09,15:17:29,,LUDP,LULD pause,"Kaival Brands Innovations Group, Inc",Nasdaq,2021-09-09,,15:22:29,,,,,,nyse,2026-08-08T04:28:24,,,
APLS,APLS,2021-09-09,16:00:13,,T1,News pending,"Apellis Pharmaceuticals, Inc. Common Stock",Nasdaq,2021-09-09,,16:35:00,,,,,,nyse,2026-08-08T04:28:24,,,
OSN,OSN,2021-09-09,19:50:00,,T1,News pending,"Ossen Innovation Co., Ltd.",Nasdaq,,,,,,,,,nyse,2026-08-08T04:28:24,no_reanudo,,
ECHO,ECHO,2021-09-10,07:55:01,,T1,News pending,"Echo Global Logistics, Inc.",Nasdaq,2021-09-10,,08:30:00,,,,,,nyse,2026-08-08T04:28:24,,,
GPCO,GPCO,2021-09-10,09:20:10,,T1,News pending,Golden Path Acquisition Corporation Ordinary Shares,Nasdaq,2021-09-10,,09:50:00,,,,,,nyse,2026-08-08T04:28:24,,,
GPCOR,GPCOR,2021-09-10,09:20:10,,T1,News pending,Golden Path Acquisition Corporation Rights,Nasdaq,2021-09-10,,10:24:24,,,,,,nyse,2026-08-08T04:28:24,,,
GPCOU,GPCOU,2021-09-10,09:20:10,,T1,News pending,Golden Path Acquisition Corporation Units,Nasdaq,2021-09-10,,09:50:00,,,,,,nyse,2026-08-08T04:28:24,,,
GPCOW,GPCOW,2021-09-10,09:20:10,,T1,News pending,Golden Path Acquisition Corporation Warrant,Nasdaq,2021-09-10,,10:24:24,,,,,,nyse,2026-08-08T04:28:24,,,
THCP,THCP,2021-09-10,09:31:27,,LUDP,LULD pause,"Thunder Bridge Capital Partners IV, Inc. Class A Common Stock",Nasdaq,2021-09-10,,10:01:28,,,,,,nyse,2026-08-08T04:28:24,,,
KAVL,KAVL,2021-09-10,09:50:23,,LUDP,LULD pause,"Kaival Brands Innovations Group, Inc",Nasdaq,2021-09-10,,09:55:23,,,,,,nyse,2026-08-08T04:28:24,,,
EEIQ,EEIQ,2021-09-10,10:08:17,,LUDP,LULD pause,Elite Education Group International Ltd. Common Stock,Nasdaq,2021-09-10,,10:13:17,,,,,,nyse,2026-08-08T04:28:24,,,
SPRT,SPRT,2021-09-10,11:32:48,,LUDP,LULD pause,"support.com, Inc.",Nasdaq,2021-09-10,,11:37:48,,,,,,nyse,2026-08-08T04:28:24,,,
DISCB,DISCB,2021-09-10,15:27:17,,LUDP,LULD pause,"Discovery, Inc. Series B Common Stock",Nasdaq,2021-09-10,,15:32:17,,,,,,nyse,2026-08-08T04:28:24,,,
TROX,TROX,2021-09-13,12:19:29,,LUDP,LULD pause,TRONOX LIMITED CL A ORDINARY SHARES,NYSE,2021-09-13,,12:25:25,,,,,,nyse,2026-08-08T04:28:24,,,
TMC,TMC,2021-09-13,14:00:11,,LUDP,LULD pause,TMC the metals company Inc. Common Stock,Nasdaq,2021-09-13,,14:10:11,,,,,,nyse,2026-08-08T04:28:24,,,
VRPX,VRPX,2021-09-14,04:00:01,,T1,News pending,"Virpax Pharmaceuticals, Inc. Common Stock",Nasdaq,2021-09-14,,09:50:00,,,,,,nyse,2026-08-08T04:28:24,,,
TBIO,TBIO,2021-09-14,07:49:50,,T1,News pending,"Translate Bio, Inc. Common Stock",Nasdaq,,,,,,,,,nyse,2026-08-08T04:28:24,no_reanudo,,
RDHL,RDHL,2021-09-14,08:10:03,,T1,News pending,Redhill Biopharma Ltd.,Nasdaq,2021-09-14,,08:45:00,,,,,,nyse,2026-08-08T04:28:24,,,
AZRX,AZRX,2021-09-14,09:35:06,,LUDP,LULD pause,"AzurRx BioPharma, Inc. Common Stock",Nasdaq,2021-09-14,,09:45:07,,,,,,nyse,2026-08-08T04:28:24,,,
LVOXU,LVOXU,2021-09-14,09:54:19,,LUDP,LULD pause,"LiveVox Holding, Inc. Unit",Nasdaq,2021-09-14,,09:59:19,,,,,,nyse,2026-08-08T04:28:24,,,
LVOXU,LVOXU,2021-09-14,09:59:45,,LUDP,LULD pause,"LiveVox Holding, Inc. Unit",Nasdaq,2021-09-14,,10:04:45,,,,,,nyse,2026-08-08T04:28:24,,,
PCTTU,PCTTU,2021-09-14,10:48:15,,LUDP,LULD pause,"PureCycle Technologies, Inc. Unit",Nasdaq,2021-09-14,,10:53:15,,,,,,nyse,2026-08-08T04:28:24,,,
VVPR,VVPR,2021-09-14,12:30:21,,LUDP,LULD pause,VivoPower International PLC,Nasdaq,2021-09-14,,12:40:22,,,,,,nyse,2026-08-08T04:28:24,,,
VINO,VINO,2021-09-14,12:31:43,,LUDP,LULD pause,"Gaucho Group Holdings, Inc. Common Stock",Nasdaq,2021-09-14,,12:36:43,,,,,,nyse,2026-08-08T04:28:24,,,
GSKY,GSKY,2021-09-15,07:52:00,,T1,News pending,"GreenSky, Inc. Class A Common Stock",Nasdaq,2021-09-15,,08:30:00,,,,,,nyse,2026-08-08T04:28:24,,,
OTMO,OTMO,2021-09-15,09:30:17,,LUDP,LULD pause,Otonomo Technologies Ltd. Ordinary shares,Nasdaq,2021-09-15,,09:35:17,,,,,,nyse,2026-08-08T04:28:24,,,
DTEA,DTEA,2021-09-15,09:32:59,,LUDP,LULD pause,DAVIDsTEA Inc. Common Stock,Nasdaq,2021-09-15,,09:37:59,,,,,,nyse,2026-08-08T04:28:24,,,
IRNT,IRNT,2021-09-15,09:33:30,,LUDP,LULD pause,"IronNet, Inc.",NYSE,2021-09-15,,09:38:51,,,,,,nyse,2026-08-08T04:28:24,,,
INDP,INDP,2021-09-15,09:35:02,,LUDP,LULD pause,"Indaptus Therapeutics, Inc. Common Stock",Nasdaq,2021-09-15,,09:40:02,,,,,,nyse,2026-08-08T04:28:24,,,
INDP,INDP,2021-09-15,09:59:33,,LUDP,LULD pause,"Indaptus Therapeutics, Inc. Common Stock",Nasdaq,2021-09-15,,10:04:33,,,,,,nyse,2026-08-08T04:28:24,,,
INDP,INDP,2021-09-15,10:11:25,,LUDP,LULD pause,"Indaptus Therapeutics, Inc. Common Stock",Nasdaq,2021-09-15,,10:16:25,,,,,,nyse,2026-08-08T04:28:24,,,
TYRA,TYRA,2021-09-15,10:28:41,,LUDP,LULD pause,"Tyra Biosciences, Inc. Common Stock",Nasdaq,2021-09-15,,10:33:41,,,,,,nyse,2026-08-08T04:28:24,,,
FCUV,FCUV,2021-09-15,10:33:23,,LUDP,LULD pause,Focus Universal Inc. Common Stock,Nasdaq,2021-09-15,,10:38:23,,,,,,nyse,2026-08-08T04:28:24,,,
TYRA,TYRA,2021-09-15,11:22:33,,LUDP,LULD pause,"Tyra Biosciences, Inc. Common Stock",Nasdaq,2021-09-15,,11:27:33,,,,,,nyse,2026-08-08T04:28:24,,,
INDP,INDP,2021-09-15,13:49:13,,LUDP,LULD pause,"Indaptus Therapeutics, Inc. Common Stock",Nasdaq,2021-09-15,,13:54:13,,,,,,nyse,2026-08-08T04:28:24,,,
APRN,APRN,2021-09-15,14:22:19,,T1,News pending,"Blue Apron Holdings, Inc. Class A Common Stock",NYSE,2021-09-15,,14:48:21,,,,,,nyse,2026-08-08T04:28:24,,,
APRN,APRN,2021-09-15,14:50:26,,LUDP,LULD pause,"Blue Apron Holdings, Inc. Class A Common Stock",NYSE,2021-09-15,,14:55:53,,,,,,nyse,2026-08-08T04:28:24,,,
LAUR,LAUR,2021-09-15,16:05:02,,T1,News pending,"Laureate Education, Inc. Class A Common Stock",Nasdaq,2021-09-15,,16:41:00,,,,,,nyse,2026-08-08T04:28:24,,,
ARTA,ARTA,2021-09-15,16:53:00,,T1,News pending,Artisan Acquisition Corp. Class A Ordinary Shares,Nasdaq,2021-09-15,,17:45:00,,,,,,nyse,2026-08-08T04:28:24,,,
ARTAU,ARTAU,2021-09-15,16:53:00,,T1,News pending,Artisan Acquisition Corp. Units,Nasdaq,2021-09-15,,17:45:00,,,,,,nyse,2026-08-08T04:28:24,,,
ARTAW,ARTAW,2021-09-15,16:53:00,,T1,News pending,Artisan Acquisition Corp. Warrants,Nasdaq,2021-09-15,,17:45:00,,,,,,nyse,2026-08-08T04:28:24,,,
KBSF,KBSF,2021-09-16,09:36:29,,LUDP,LULD pause,KBS Fashion Group Limited,Nasdaq,2021-09-16,,09:41:29,,,,,,nyse,2026-08-08T04:28:24,,,
IRNT,IRNT,2021-09-16,09:40:35,,LUDP,LULD pause,"IronNet, Inc.",NYSE,2021-09-16,,09:45:39,,,,,,nyse,2026-08-08T04:28:24,,,
SBTX,SBTX,2021-09-16,09:45:21,,LUDP,LULD pause,"Silverback Therapeutics, Inc. Common Stock",Nasdaq,2021-09-16,,09:50:21,,,,,,nyse,2026-08-08T04:28:24,,,
SBTX,SBTX,2021-09-16,09:50:50,,LUDP,LULD pause,"Silverback Therapeutics, Inc. Common Stock",Nasdaq,2021-09-16,,09:55:50,,,,,,nyse,2026-08-08T04:28:24,,,
ARQQ,ARQQ,2021-09-16,12:01:16,,LUDP,LULD pause,Arqit Quantum Inc. Ordinary Shares,Nasdaq,2021-09-16,,12:11:16,,,,,,nyse,2026-08-08T04:28:24,,,
LIDR,LIDR,2021-09-16,12:53:00,,LUDP,LULD pause,"AEye, Inc. Class A Common Stock",Nasdaq,2021-09-16,,12:58:00,,,,,,nyse,2026-08-08T04:28:24,,,
OPAD,OPAD,2021-09-16,12:59:37,,LUDP,LULD pause,Offerpad Solutions Inc.,NYSE,2021-09-16,,13:05:01,,,,,,nyse,2026-08-08T04:28:24,,,
KTTA,KTTA,2021-09-16,13:23:24,,LUDP,LULD pause,Pasithea Therapeutics Corp. Common Stock,Nasdaq,2021-09-16,,13:33:25,,,,,,nyse,2026-08-08T04:28:24,,,
BMEA,BMEA,2021-09-16,13:29:50,,T1,News pending,"Biomea Fusion, Inc. Common Stock",Nasdaq,2021-09-16,,14:05:00,,,,,,nyse,2026-08-08T04:28:24,,,
HLBZ,HLBZ,2021-09-17,09:31:26,,LUDP,LULD pause,"Helbiz, Inc. Class A Common stock",Nasdaq,2021-09-17,,09:36:26,,,,,,nyse,2026-08-08T04:28:24,,,
VRME,VRME,2021-09-17,09:34:15,,LUDP,LULD pause,"VerifyMe, Inc. Common Stock",Nasdaq,2021-09-17,,09:39:15,,,,,,nyse,2026-08-08T04:28:24,,,
IPHA,IPHA,2021-09-17,09:37:50,,LUDP,LULD pause,Innate Pharma S.A. ADS,Nasdaq,2021-09-17,,09:42:50,,,,,,nyse,2026-08-08T04:28:24,,,
IPHA,IPHA,2021-09-17,09:46:05,,LUDP,LULD pause,Innate Pharma S.A. ADS,Nasdaq,2021-09-17,,09:51:05,,,,,,nyse,2026-08-08T04:28:24,,,
GDEV,GDEV,2021-09-17,09:59:20,,LUDP,LULD pause,Nexters Inc. Ordinary Shares,Nasdaq,2021-09-17,,10:04:20,,,,,,nyse,2026-08-08T04:28:24,,,
PRTH,PRTH,2021-09-17,12:36:04,,LUDP,LULD pause,"Priority Technology Holdings, Inc.",Nasdaq,2021-09-17,,12:41:04,,,,,,nyse,2026-08-08T04:28:24,,,
IDW,IDW,2021-09-17,15:27:46,,LUDP,LULD pause,IDW Media Holdings,NYSE American,2021-09-17,,15:32:46,,,,,,nyse,2026-08-08T04:28:24,,,
VATE,VATE,2021-09-20,09:33:22,,LUDP,LULD pause,INNOVATE Corp.,NYSE,2021-09-20,,09:38:22,,,,,,nyse,2026-08-08T04:28:24,,,
QQD,QQD,2021-09-20,10:38:22,,LUDP,LULD pause,Simplify Exchange Traded Funds Simplify Nasdaq 100 PLUS Downside Convexity ETF,Nasdaq,2021-09-20,,10:43:22,,,,,,nyse,2026-08-08T04:28:24,,,
AZYO,AZYO,2021-09-20,11:08:27,,LUDP,LULD pause,"Aziyo Biologics, Inc. Class A Common Stock",Nasdaq,2021-09-20,,11:13:27,,,,,,nyse,2026-08-08T04:28:24,,,
EDSA,EDSA,2021-09-20,13:07:46,,LUDP,LULD pause,"Edesa Biotech, Inc. Common Shares",Nasdaq,2021-09-20,,13:12:46,,,,,,nyse,2026-08-08T04:28:24,,,
UCL,UCL,2021-09-20,14:47:29,,LUDP,LULD pause,uCloudlink Group Inc. American Depositary Shares,Nasdaq,2021-09-20,,14:52:29,,,,,,nyse,2026-08-08T04:28:24,,,
DGICB,DGICB,2021-09-20,15:49:43,,LUDP,LULD pause,Donegal Group Inc,Nasdaq,2021-09-20,,16:00:00,,,,,,nyse,2026-08-08T04:28:24,,,
DISCB,DISCB,2021-09-20,15:50:21,,LUDP,LULD pause,"Discovery, Inc. Series B Common Stock",Nasdaq,2021-09-20,,16:00:00,,,,,,nyse,2026-08-08T04:28:24,,,
VRCA,VRCA,2021-09-20,16:00:18,,T1,News pending,Verrica Pharmaceuticals Inc. Common Stock,Nasdaq,2021-09-20,,16:35:00,,,,,,nyse,2026-08-08T04:28:24,,,
TNT,TNT,2021-09-20,19:14:06,,T1,News pending,Peak Fintech Group Inc. Common Shares,Nasdaq,,,,,,,,,nyse,2026-08-08T04:28:24,no_reanudo,,
QSPT,QSPT,2021-09-21,03:57:01,,T1,News pending,FT Cboe Vest Nasdaq-100 Buffer ETF - September,Cboe BZX,2021-09-21,,09:29:00,,,,,,nyse,2026-08-08T04:28:24,,,
YSEP,YSEP,2021-09-21,03:57:01,,T1,News pending,FT Cboe Vest International Equity Buffer ETF - September,Cboe BZX,2021-09-21,,09:27:00,,,,,,nyse,2026-08-08T04:28:24,,,
SNR,SNR,2021-09-21,08:31:03,,UNKNOWN,Merger Effective,NEW SENIOR INVESTMENT GROUP INC.,NYSE,,,,,,,,,nyse,2026-08-08T04:28:24,no_reanudo,,
NOTV,NOTV,2021-09-21,09:00:05,,T1,News pending,"Inotiv, Inc. Common Stock",Nasdaq,2021-09-21,,09:50:00,,,,,,nyse,2026-08-08T04:28:24,,,
NNVC,NNVC,2021-09-21,09:21:34,,T1,News pending,NanoViricides Inc.,NYSE American,2021-09-21,,12:05:00,,,,,,nyse,2026-08-08T04:28:24,,,
ARQQ,ARQQ,2021-09-21,09:34:20,,LUDP,LULD pause,Arqit Quantum Inc. Ordinary Shares,Nasdaq,2021-09-21,,09:44:20,,,,,,nyse,2026-08-08T04:28:24,,,
NMTC,NMTC,2021-09-21,09:35:48,,LUDP,LULD pause,NeuroOne Medical Technologies Corporation Common Stock,Nasdaq,2021-09-21,,09:40:48,,,,,,nyse,2026-08-08T04:28:24,,,
PHGE.U,PHGE U,2021-09-21,09:37:02,,LUDP,LULD pause,BiomX Inc. Units each consisting of one share of common stock and one Warrant entitling the holder t,NYSE American,2021-09-21,,09:42:02,,,,,,nyse,2026-08-08T04:28:24,,,
SEED,SEED,2021-09-21,09:37:20,,LUDP,LULD pause,Origin Agritech Limited,Nasdaq,2021-09-21,,09:42:20,,,,,,nyse,2026-08-08T04:28:24,,,
HLBZ,HLBZ,2021-09-21,10:36:58,,LUDP,LULD pause,"Helbiz, Inc. Class A Common stock",Nasdaq,2021-09-21,,10:41:58,,,,,,nyse,2026-08-08T04:28:24,,,
NNVC,NNVC,2021-09-21,12:08:07,,LUDP,LULD pause,NanoViricides Inc.,NYSE American,2021-09-21,,12:13:07,,,,,,nyse,2026-08-08T04:28:24,,,
NNVC,NNVC,2021-09-21,12:26:47,,LUDP,LULD pause,NanoViricides Inc.,NYSE American,2021-09-21,,12:31:47,,,,,,nyse,2026-08-08T04:28:24,,,
DIT,DIT,2021-09-21,13:02:21,,LUDP,LULD pause,AMCON Distributing Co.,NYSE American,2021-09-21,,13:07:21,,,,,,nyse,2026-08-08T04:28:24,,,
DIT,DIT,2021-09-21,13:10:55,,LUDP,LULD pause,AMCON Distributing Co.,NYSE American,2021-09-21,,13:15:55,,,,,,nyse,2026-08-08T04:28:24,,,
ENSC,ENSC,2021-09-21,14:01:17,,LUDP,LULD pause,"Ensysce Biosciences, Inc. Common Stock",Nasdaq,2021-09-21,,14:11:18,,,,,,nyse,2026-08-08T04:28:24,,,
INCY,INCY,2021-09-21,15:07:01,,T1,News pending,Incyte Genomics Inc,Nasdaq,2021-09-21,,17:25:00,,,,,,nyse,2026-08-08T04:28:24,,,
GBNH,GBNH,2021-09-21,16:21:01,,T1,News pending,Greenbrook TMS Inc. Common Shares,Nasdaq,2021-09-21,,17:25:00,,,,,,nyse,2026-08-08T04:28:24,,,
GRA,GRA,2021-09-22,08:44:46,,UNKNOWN,Merger Effective,W.R. Grace & Co.,NYSE,,,,,,,,,nyse,2026-08-08T04:28:24,no_reanudo,,
VBNK,VBNK,2021-09-22,09:30:24,,LUDP,LULD pause,VersaBank Common Shares,Nasdaq,2021-09-22,,09:35:24,,,,,,nyse,2026-08-08T04:28:24,,,
DISCB,DISCB,2021-09-22,09:31:20,,LUDP,LULD pause,"Discovery, Inc. Series B Common Stock",Nasdaq,2021-09-22,,09:36:20,,,,,,nyse,2026-08-08T04:28:24,,,
ARQQ,ARQQ,2021-09-22,09:39:03,,LUDP,LULD pause,Arqit Quantum Inc. Ordinary Shares,Nasdaq,2021-09-22,,09:44:03,,,,,,nyse,2026-08-08T04:28:24,,,
DISCB,DISCB,2021-09-22,09:41:07,,LUDP,LULD pause,"Discovery, Inc. Series B Common Stock",Nasdaq,2021-09-22,,09:46:07,,,,,,nyse,2026-08-08T04:28:24,,,
RIET,RIET,2021-09-22,09:49:19,,LUDP,LULD pause,Hoya Capital High Dividend Yield ETF,NYSE Arca,2021-09-22,,09:59:19,,,,,,nyse,2026-08-08T04:28:24,,,
AMHCU,AMHCU,2021-09-22,09:56:20,,LUDP,LULD pause,Amplitude Healthcare Acquisition Corporation Unit,Nasdaq,2021-09-22,,10:06:20,,,,,,nyse,2026-08-08T04:28:24,,,
DRMA,DRMA,2021-09-22,10:01:21,,LUDP,LULD pause,"Dermata Therapeutics, Inc. Common Stock",Nasdaq,2021-09-22,,10:06:21,,,,,,nyse,2026-08-08T04:28:24,,,
JRJC,JRJC,2021-09-22,12:54:54,,LUDP,LULD pause,"China Finance Online Co., Ltd.",Nasdaq,2021-09-22,,12:59:54,,,,,,nyse,2026-08-08T04:28:24,,,
BNTC,BNTC,2021-09-22,13:05:51,,LUDP,LULD pause,Benitec Biopharma Inc. Common Stock,Nasdaq,2021-09-22,,13:10:51,,,,,,nyse,2026-08-08T04:28:24,,,
EEIQ,EEIQ,2021-09-22,13:18:33,,LUDP,LULD pause,Elite Education Group International Ltd. Common Stock,Nasdaq,2021-09-22,,13:23:33,,,,,,nyse,2026-08-08T04:28:24,,,
MRM,MRM,2021-09-23,09:34:02,,LUDP,LULD pause,MEDIROM Healthcare Technologies Inc. American Depositary Share,Nasdaq,2021-09-23,,09:39:02,,,,,,nyse,2026-08-08T04:28:24,,,
EEIQ,EEIQ,2021-09-23,09:55:45,,LUDP,LULD pause,Elite Education Group International Ltd. Common Stock,Nasdaq,2021-09-23,,10:00:45,,,,,,nyse,2026-08-08T04:28:24,,,
AHT.PRG,AHT PRG,2021-09-23,10:26:42,,LUDP,LULD pause,"Ashford Hospitality Trust, Inc   7.375% Series G Cumulative Preferred Stock",NYSE,2021-09-23,,10:31:42,,,,,,nyse,2026-08-08T04:28:24,,,
AMHC,AMHC,2021-09-23,14:35:04,,LUDP,LULD pause,Amplitude Healthcare Acquisition Corporation Class A Common Stock,Nasdaq,2021-09-23,,14:40:04,,,,,,nyse,2026-08-08T04:28:24,,,
EEIQ,EEIQ,2021-09-23,15:07:13,,LUDP,LULD pause,Elite Education Group International Ltd. Common Stock,Nasdaq,2021-09-23,,15:17:13,,,,,,nyse,2026-08-08T04:28:24,,,
RHE,RHE,2021-09-23,15:32:11,,LUDP,LULD pause,"Regional Health Properties, Inc.",NYSE American,2021-09-23,,15:37:11,,,,,,nyse,2026-08-08T04:28:24,,,
IHT,IHT,2021-09-23,15:36:57,,LUDP,LULD pause,InnSuites Hospitality Trust,NYSE American,2021-09-23,,15:47:31,,,,,,nyse,2026-08-08T04:28:24,,,
IHT,IHT,2021-09-23,15:47:50,,LUDP,LULD pause,InnSuites Hospitality Trust,NYSE American,2021-09-23,,16:00:00,,,,,,nyse,2026-08-08T04:28:24,,,
ICLK,ICLK,2021-09-24,07:55:03,,T1,News pending,iClick Interactive Asia Group Limited,Nasdaq,2021-09-24,,08:30:00,,,,,,nyse,2026-08-08T04:28:24,,,
AIRT,AIRT,2021-09-24,15:33:27,,LUDP,LULD pause,Air T Inc,Nasdaq,2021-09-24,,15:38:27,,,,,,nyse,2026-08-08T04:28:24,,,
APOP,APOP,2021-09-27,10:09:32,,LUDP,LULD pause,Cellect Biotechnology Ltd. American Depositary Shares,Nasdaq,2021-09-27,,10:14:32,,,,,,nyse,2026-08-08T04:28:24,,,
PAFO,PAFO,2021-09-27,12:18:56,,LUDP,LULD pause,Pacifico Acquisition Corp. Common Stock,Nasdaq,2021-09-27,,12:28:57,,,,,,nyse,2026-08-08T04:28:24,,,
APYX,APYX,2021-09-27,13:19:29,,LUDP,LULD pause,Apyx Medical Corporation Common Stock,Nasdaq,2021-09-27,,13:24:29,,,,,,nyse,2026-08-08T04:28:24,,,
JSPR,JSPR,2021-09-27,13:22:10,,LUDP,LULD pause,"Jasper Therapeutics, Inc. Common Stock",Nasdaq,2021-09-27,,13:27:10,,,,,,nyse,2026-08-08T04:28:24,,,
ANY,ANY,2021-09-27,14:29:58,,LUDP,LULD pause,Sphere 3D Corp. Common Shares,Nasdaq,2021-09-27,,14:34:58,,,,,,nyse,2026-08-08T04:28:24,,,
SGMS,SGMS,2021-09-27,16:14:03,,T1,News pending,Scientific Games Corp Common Stock,Nasdaq,2021-09-27,,16:55:00,,,,,,nyse,2026-08-08T04:28:24,,,
SSY,SSY,2021-09-28,09:26:38,,T1,News pending,"SunLink Health Systems, Inc",NYSE American,2021-09-28,,10:40:00,,,,,,nyse,2026-08-08T04:28:24,,,
EEIQ,EEIQ,2021-09-28,09:43:33,,LUDP,LULD pause,Elite Education Group International Ltd. Common Stock,Nasdaq,2021-09-28,,09:48:33,,,,,,nyse,2026-08-08T04:28:24,,,
ADIL,ADIL,2021-09-28,09:49:34,,LUDP,LULD pause,"Adial Pharmaceuticals, Inc",Nasdaq,2021-09-28,,09:54:34,,,,,,nyse,2026-08-08T04:28:24,,,
WRBY,WRBY,2021-09-29,00:21:15,,UNKNOWN,New Security Offering,Warby Parker Inc.,NYSE,2021-09-29,,13:10:50,,,,,,nyse,2026-08-08T04:28:24,,,
ROLLP,ROLLP,2021-09-29,09:31:00,,LUDP,LULD pause,RBC Bearings Incorporated 5.00% Series A Mandatory Convertible Preferred Stock,Nasdaq,2021-09-29,,09:36:00,,,,,,nyse,2026-08-08T04:28:24,,,
NEON,NEON,2021-09-29,09:33:16,,LUDP,LULD pause,Neonode Inc. Common Stock,Nasdaq,2021-09-29,,09:38:16,,,,,,nyse,2026-08-08T04:28:24,,,
PALT,PALT,2021-09-29,09:34:16,,LUDP,LULD pause,"Paltalk, Inc. Common Stock",Nasdaq,2021-09-29,,09:39:16,,,,,,nyse,2026-08-08T04:28:24,,,
INM,INM,2021-09-29,09:46:08,,LUDP,LULD pause,InMed Pharmaceuticals Inc. Common Shares,Nasdaq,2021-09-29,,09:51:08,,,,,,nyse,2026-08-08T04:28:24,,,
PALT,PALT,2021-09-29,10:29:21,,LUDP,LULD pause,"Paltalk, Inc. Common Stock",Nasdaq,2021-09-29,,10:34:21,,,,,,nyse,2026-08-08T04:28:24,,,
LATNU,LATNU,2021-09-29,10:45:11,,LUDP,LULD pause,Union Acquisition Corp. II Units containing one ordinary share and one redeemable warrant,Nasdaq,2021-09-29,,10:50:11,,,,,,nyse,2026-08-08T04:28:24,,,
PALT,PALT,2021-09-29,11:05:15,,LUDP,LULD pause,"Paltalk, Inc. Common Stock",Nasdaq,2021-09-29,,11:10:15,,,,,,nyse,2026-08-08T04:28:24,,,
MEKA,MEKA,2021-09-29,11:51:15,,LUDP,LULD pause,MELI Kaszek Pioneer Corp Class A Ordinary Shares,Nasdaq,2021-09-29,,11:56:15,,,,,,nyse,2026-08-08T04:28:24,,,
MIRM,MIRM,2021-09-29,11:53:26,,T1,News pending,"Mirum Pharmaceuticals, Inc. Common Stock",Nasdaq,2021-09-29,,13:30:00,,,,,,nyse,2026-08-08T04:28:24,,,
GROM,GROM,2021-09-29,13:00:53,,LUDP,LULD pause,Grom Social Enterprises Inc. Common Stock,Nasdaq,2021-09-29,,13:05:53,,,,,,nyse,2026-08-08T04:28:24,,,
GROM,GROM,2021-09-29,13:07:05,,LUDP,LULD pause,Grom Social Enterprises Inc. Common Stock,Nasdaq,2021-09-29,,13:12:05,,,,,,nyse,2026-08-08T04:28:24,,,
GROM,GROM,2021-09-29,13:13:31,,LUDP,LULD pause,Grom Social Enterprises Inc. Common Stock,Nasdaq,2021-09-29,,13:18:31,,,,,,nyse,2026-08-08T04:28:24,,,
GROM,GROM,2021-09-29,13:18:52,,LUDP,LULD pause,Grom Social Enterprises Inc. Common Stock,Nasdaq,2021-09-29,,13:28:53,,,,,,nyse,2026-08-08T04:28:24,,,
GROM,GROM,2021-09-29,13:39:28,,LUDP,LULD pause,Grom Social Enterprises Inc. Common Stock,Nasdaq,2021-09-29,,13:44:28,,,,,,nyse,2026-08-08T04:28:24,,,
EVH,EVH,2021-09-29,13:46:59,,LUDP,LULD pause,"Evolent Health, Inc Class A Common Stock",NYSE,2021-09-29,,13:52:19,,,,,,nyse,2026-08-08T04:28:24,,,
CEI,CEI,2021-09-29,14:25:54,,LUDP,LULD pause,"Camber Energy, Inc",NYSE American,2021-09-29,,14:35:54,,,,,,nyse,2026-08-08T04:28:24,,,
CEI,CEI,2021-09-29,14:40:48,,LUDP,LULD pause,"Camber Energy, Inc",NYSE American,2021-09-29,,14:50:48,,,,,,nyse,2026-08-08T04:28:24,,,
CEI,CEI,2021-09-29,14:52:47,,LUDP,LULD pause,"Camber Energy, Inc",NYSE American,2021-09-29,,14:57:47,,,,,,nyse,2026-08-08T04:28:24,,,
UFAB,UFAB,2021-09-29,15:03:08,,LUDP,LULD pause,"Unique Fabricating, Inc.",NYSE American,2021-09-29,,15:08:08,,,,,,nyse,2026-08-08T04:28:24,,,
CEI,CEI,2021-09-29,15:09:42,,LUDP,LULD pause,"Camber Energy, Inc",NYSE American,2021-09-29,,15:14:42,,,,,,nyse,2026-08-08T04:28:24,,,
CEI,CEI,2021-09-29,15:27:59,,LUDP,LULD pause,"Camber Energy, Inc",NYSE American,2021-09-29,,15:32:59,,,,,,nyse,2026-08-08T04:28:24,,,
LATNU,LATNU,2021-09-29,15:45:24,,LUDP,LULD pause,Union Acquisition Corp. II Units containing one ordinary share and one redeemable warrant,Nasdaq,2021-09-29,,16:02:28,,,,,,nyse,2026-08-08T04:28:24,,,
JAX,JAX,2021-09-30,09:19:16,,UNKNOWN,Merger Effective,"J. Alexander's Holdings, Inc.",NYSE,,,,,,,,,nyse,2026-08-08T04:28:24,no_reanudo,,
PALT,PALT,2021-09-30,09:42:06,,LUDP,LULD pause,"Paltalk, Inc. Common Stock",Nasdaq,2021-09-30,,09:52:07,,,,,,nyse,2026-08-08T04:28:24,,,
ALZN,ALZN,2021-09-30,10:11:18,,LUDP,LULD pause,"Alzamend Neuro, Inc. Common Stock",Nasdaq,2021-09-30,,10:21:19,,,,,,nyse,2026-08-08T04:28:24,,,
DWAC,DWAC,2021-09-30,10:19:05,,LUDP,LULD pause,Digital World Acquisition Corp. Class A Common Stock,Nasdaq,2021-09-30,,10:34:22,,,,,,nyse,2026-08-08T04:28:24,,,
AUVI,AUVI,2021-09-30,10:41:05,,LUDP,LULD pause,"Applied UV, Inc. Common Stock",Nasdaq,2021-09-30,,10:46:05,,,,,,nyse,2026-08-08T04:28:24,,,
CPRX,CPRX,2021-09-30,10:41:57,,T1,News pending,Catalyst Pharmaceutical  Inc.,Nasdaq,2021-09-30,,12:40:00,,,,,,nyse,2026-08-08T04:28:24,,,
JSPR,JSPR,2021-09-30,12:52:51,,LUDP,LULD pause,"Jasper Therapeutics, Inc. Common Stock",Nasdaq,2021-09-30,,12:57:51,,,,,,nyse,2026-08-08T04:28:24,,,
TEDU,TEDU,2021-09-30,13:27:43,,T1,News pending,"Tarena International, Inc",Nasdaq,2021-09-30,,16:45:00,,,,,,nyse,2026-08-08T04:28:24,,,
PAYAW,PAYAW,2021-09-30,16:04:27,,T1,News pending,Paya Holdings Inc. Warrant,Nasdaq,,,,,,,,,nyse,2026-08-08T04:28:24,no_reanudo,,
GTXAP,GTXAP,2021-10-01,03:58:00,,T1,News pending,Garrett Motion Inc. Series A Cumulative Convertible Preferred Stock,Nasdaq,2021-10-01,,09:45:00,,,,,,nyse,2026-08-08T04:28:24,,,
XEC,XEC,2021-10-01,08:21:15,,UNKNOWN,Merger Effective,CIMAREX ENERGY CO,NYSE,,,,,,,,,nyse,2026-08-08T04:28:24,no_reanudo,,
LDL,LDL,2021-10-01,09:02:57,,UNKNOWN,Merger Effective,"Lydall, Inc.",NYSE,,,,,,,,,nyse,2026-08-08T04:28:24,no_reanudo,,
ZDVSV,ZDVSV,2021-10-01,09:32:52,,LUDP,LULD pause,"Ziff Davis, Inc. Common Stock Ex-Distribution When Issued",Nasdaq,2021-10-01,,10:12:53,,,,,,nyse,2026-08-08T04:28:24,,,
RNMC,RNMC,2021-10-01,09:33:31,,LUDP,LULD pause,First Trust Mid Cap US Equity Select ETF,Nasdaq,2021-10-01,,09:38:31,,,,,,nyse,2026-08-08T04:28:24,,,
RNMC,RNMC,2021-10-01,09:38:47,,LUDP,LULD pause,First Trust Mid Cap US Equity Select ETF,Nasdaq,2021-10-01,,09:43:47,,,,,,nyse,2026-08-08T04:28:24,,,
SOHOB,SOHOB,2021-10-01,09:44:30,,LUDP,LULD pause,Sotherly Hotels Inc. 8.0% Series B Cumulative Redeemable Perpetual Preferred Stock,Nasdaq,2021-10-01,,09:49:30,,,,,,nyse,2026-08-08T04:28:24,,,
PALT,PALT,2021-10-01,10:10:12,,LUDP,LULD pause,"Paltalk, Inc. Common Stock",Nasdaq,2021-10-01,,10:15:12,,,,,,nyse,2026-08-08T04:28:24,,,
ZDVSV,ZDVSV,2021-10-01,10:17:43,,LUDP,LULD pause,"Ziff Davis, Inc. Common Stock Ex-Distribution When Issued",Nasdaq,2021-10-01,,16:00:00,,,,,,nyse,2026-08-08T04:28:24,,,
CCSIV,CCSIV,2021-10-01,11:43:06,,LUDP,LULD pause,"Consensus Cloud Solutions, Inc. Common Stock When-Issued",Nasdaq,2021-10-01,,11:48:06,,,,,,nyse,2026-08-08T04:28:24,,,
CCSIV,CCSIV,2021-10-01,15:40:11,,LUDP,LULD pause,"Consensus Cloud Solutions, Inc. Common Stock When-Issued",Nasdaq,2021-10-01,,15:45:11,,,,,,nyse,2026-08-08T04:28:24,,,
XENE,XENE,2021-10-04,06:55:09,,T1,News pending,Xenon Pharmaceuticals Inc,Nasdaq,2021-10-04,,07:30:00,,,,,,nyse,2026-08-08T04:28:24,,,
HLXA,HLXA,2021-10-04,07:00:08,,T1,News pending,Helix Acquisition Corp. Class A Ordinary Shares,Nasdaq,2021-10-04,,07:30:00,,,,,,nyse,2026-08-08T04:28:24,,,
PCTTU,PCTTU,2021-10-04,09:40:49,,LUDP,LULD pause,"PureCycle Technologies, Inc. Unit",Nasdaq,2021-10-04,,09:45:49,,,,,,nyse,2026-08-08T04:28:24,,,
MTR,MTR,2021-10-04,09:43:55,,LUDP,LULD pause,Mesa Royalty Trust,NYSE,2021-10-04,,09:49:00,,,,,,nyse,2026-08-08T04:28:24,,,
OWLT,OWLT,2021-10-04,09:46:48,,LUDP,LULD pause,"Owlet, Inc.",NYSE,2021-10-04,,09:52:28,,,,,,nyse,2026-08-08T04:28:24,,,
ZDVSV,ZDVSV,2021-10-04,09:47:05,,LUDP,LULD pause,"Ziff Davis, Inc. Common Stock Ex-Distribution When Issued",Nasdaq,2021-10-04,,09:52:05,,,,,,nyse,2026-08-08T04:28:24,,,
ZDVSV,ZDVSV,2021-10-04,09:53:28,,LUDP,LULD pause,"Ziff Davis, Inc. Common Stock Ex-Distribution When Issued",Nasdaq,2021-10-04,,09:58:28,,,,,,nyse,2026-08-08T04:28:24,,,
OWLT,OWLT,2021-10-04,09:53:47,,LUDP,LULD pause,"Owlet, Inc.",NYSE,2021-10-04,,09:58:51,,,,,,nyse,2026-08-08T04:28:24,,,
ZDVSV,ZDVSV,2021-10-04,09:58:43,,LUDP,LULD pause,"Ziff Davis, Inc. Common Stock Ex-Distribution When Issued",Nasdaq,2021-10-04,,10:03:43,,,,,,nyse,2026-08-08T04:28:24,,,
OTMO,OTMO,2021-10-04,09:59:54,,LUDP,LULD pause,Otonomo Technologies Ltd. Ordinary shares,Nasdaq,2021-10-04,,10:04:54,,,,,,nyse,2026-08-08T04:28:24,,,
ZDVSV,ZDVSV,2021-10-04,10:03:58,,LUDP,LULD pause,"Ziff Davis, Inc. Common Stock Ex-Distribution When Issued",Nasdaq,2021-10-04,,10:08:58,,,,,,nyse,2026-08-08T04:28:24,,,
SVFD,SVFD,2021-10-04,10:08:18,,LUDP,LULD pause,"Save Foods, Inc. Common Stock",Nasdaq,2021-10-04,,10:13:18,,,,,,nyse,2026-08-08T04:28:24,,,
FCUV,FCUV,2021-10-04,11:30:26,,LUDP,LULD pause,Focus Universal Inc. Common Stock,Nasdaq,2021-10-04,,11:35:26,,,,,,nyse,2026-08-08T04:28:24,,,
XPVVV,XPVVV,2021-10-04,11:39:00,,LUDP,LULD pause,XP Inc. Class A Common Stock When-Issued,Nasdaq,2021-10-04,,11:44:00,,,,,,nyse,2026-08-08T04:28:24,,,
PROG,PROG,2021-10-04,13:40:39,,LUDP,LULD pause,"Progenity, Inc. Common Stock",Nasdaq,2021-10-04,,13:45:39,,,,,,nyse,2026-08-08T04:28:24,,,
TDACU,TDACU,2021-10-04,15:08:53,,LUDP,LULD pause,Trident Acquisitions Corp. Units,Nasdaq,2021-10-04,,15:13:53,,,,,,nyse,2026-08-08T04:28:24,,,
AMPY,AMPY,2021-10-04,15:31:49,,LUDP,LULD pause,Amplify Energy Corp.,NYSE,2021-10-04,,15:36:53,,,,,,nyse,2026-08-08T04:28:24,,,
AMPY,AMPY,2021-10-04,15:37:25,,LUDP,LULD pause,Amplify Energy Corp.,NYSE,2021-10-04,,15:42:32,,,,,,nyse,2026-08-08T04:28:24,,,
IEC,IEC,2021-10-04,19:50:14,,T1,News pending,IEC Electronics Corp.,Nasdaq,,,,,,,,,nyse,2026-08-08T04:28:24,no_reanudo,,
STMP,STMP,2021-10-04,19:50:14,,T1,News pending,"Stamps.com, Inc.",Nasdaq,,,,,,,,,nyse,2026-08-08T04:28:24,no_reanudo,,
FDTS,FDTS,2021-10-05,09:35:39,,LUDP,LULD pause,First Trust Developed Markets ex-US Small Cap AlphaDEX Fund,Nasdaq,2021-10-05,,09:40:39,,,,,,nyse,2026-08-08T04:28:24,,,
CEI,CEI,2021-10-05,11:14:05,,LUDP,LULD pause,"Camber Energy, Inc",NYSE American,2021-10-05,,11:29:05,,,,,,nyse,2026-08-08T04:28:24,,,
CEI,CEI,2021-10-05,11:29:24,,LUDP,LULD pause,"Camber Energy, Inc",NYSE American,2021-10-05,,11:34:24,,,,,,nyse,2026-08-08T04:28:24,,,
CEI,CEI,2021-10-05,11:35:09,,LUDP,LULD pause,"Camber Energy, Inc",NYSE American,2021-10-05,,11:40:09,,,,,,nyse,2026-08-08T04:28:24,,,
CEI,CEI,2021-10-05,11:40:29,,LUDP,LULD pause,"Camber Energy, Inc",NYSE American,2021-10-05,,11:45:29,,,,,,nyse,2026-08-08T04:28:24,,,
CEI,CEI,2021-10-05,12:02:54,,LUDP,LULD pause,"Camber Energy, Inc",NYSE American,2021-10-05,,12:07:54,,,,,,nyse,2026-08-08T04:28:24,,,
JSPR,JSPR,2021-10-05,12:05:43,,LUDP,LULD pause,"Jasper Therapeutics, Inc. Common Stock",Nasdaq,2021-10-05,,12:10:43,,,,,,nyse,2026-08-08T04:28:24,,,
CEI,CEI,2021-10-05,12:08:57,,LUDP,LULD pause,"Camber Energy, Inc",NYSE American,2021-10-05,,12:13:57,,,,,,nyse,2026-08-08T04:28:24,,,
CEI,CEI,2021-10-05,12:14:23,,LUDP,LULD pause,"Camber Energy, Inc",NYSE American,2021-10-05,,12:19:23,,,,,,nyse,2026-08-08T04:28:24,,,
CEI,CEI,2021-10-05,12:21:26,,LUDP,LULD pause,"Camber Energy, Inc",NYSE American,2021-10-05,,12:26:26,,,,,,nyse,2026-08-08T04:28:24,,,
CEI,CEI,2021-10-05,12:30:37,,LUDP,LULD pause,"Camber Energy, Inc",NYSE American,2021-10-05,,12:35:37,,,,,,nyse,2026-08-08T04:28:24,,,
CEI,CEI,2021-10-05,13:07:56,,T1,News pending,"Camber Energy, Inc",NYSE American,2021-10-05,,14:40:00,,,,,,nyse,2026-08-08T04:28:24,,,
CEI,CEI,2021-10-05,14:40:24,,LUDP,LULD pause,"Camber Energy, Inc",NYSE American,2021-10-05,,14:45:25,,,,,,nyse,2026-08-08T04:28:24,,,
CEI,CEI,2021-10-05,14:47:06,,LUDP,LULD pause,"Camber Energy, Inc",NYSE American,2021-10-05,,14:52:06,,,,,,nyse,2026-08-08T04:28:24,,,
CEI,CEI,2021-10-05,15:32:20,,LUDP,LULD pause,"Camber Energy, Inc",NYSE American,2021-10-05,,15:37:20,,,,,,nyse,2026-08-08T04:28:24,,,
NVEI,NVEI,2021-10-06,04:00:00,,T1,News pending,Nuvei Corporation Subordinate Voting Shares,Nasdaq,2021-10-06,,09:45:00,,,,,,nyse,2026-08-08T04:28:24,,,
NVEI,NVEI,2021-10-06,09:45:17,,LUDP,LULD pause,Nuvei Corporation Subordinate Voting Shares,Nasdaq,2021-10-06,,09:55:18,,,,,,nyse,2026-08-08T04:28:24,,,
TDACU,TDACU,2021-10-06,09:56:49,,LUDP,LULD pause,Trident Acquisitions Corp. Units,Nasdaq,2021-10-06,,10:01:49,,,,,,nyse,2026-08-08T04:28:24,,,
GROM,GROM,2021-10-06,10:08:54,,LUDP,LULD pause,Grom Social Enterprises Inc. Common Stock,Nasdaq,2021-10-06,,10:13:54,,,,,,nyse,2026-08-08T04:28:24,,,
MARPS,MARPS,2021-10-06,10:13:11,,LUDP,LULD pause,Marine Petroleum Trust,Nasdaq,2021-10-06,,10:18:11,,,,,,nyse,2026-08-08T04:28:24,,,
GROM,GROM,2021-10-06,10:21:26,,LUDP,LULD pause,Grom Social Enterprises Inc. Common Stock,Nasdaq,2021-10-06,,10:31:26,,,,,,nyse,2026-08-08T04:28:24,,,
AHT.PRG,AHT PRG,2021-10-06,10:54:56,,LUDP,LULD pause,"Ashford Hospitality Trust, Inc   7.375% Series G Cumulative Preferred Stock",NYSE,2021-10-06,,10:59:56,,,,,,nyse,2026-08-08T04:28:24,,,
VLCN,VLCN,2021-10-06,11:12:08,,LUDP,LULD pause,"Volcon, Inc. Common stock",Nasdaq,2021-10-06,,11:12:35,,,,,,nyse,2026-08-08T04:28:24,,,
VLCN,VLCN,2021-10-06,11:12:56,,LUDP,LULD pause,"Volcon, Inc. Common stock",Nasdaq,2021-10-06,,11:22:08,,,,,,nyse,2026-08-08T04:28:24,,,
VLCN,VLCN,2021-10-06,11:26:00,,LUDP,LULD pause,"Volcon, Inc. Common stock",Nasdaq,2021-10-06,,11:31:00,,,,,,nyse,2026-08-08T04:28:24,,,
VLCN,VLCN,2021-10-06,11:31:53,,LUDP,LULD pause,"Volcon, Inc. Common stock",Nasdaq,2021-10-06,,11:44:59,,,,,,nyse,2026-08-08T04:28:24,,,
VLCN,VLCN,2021-10-06,11:46:59,,LUDP,LULD pause,"Volcon, Inc. Common stock",Nasdaq,2021-10-06,,11:57:00,,,,,,nyse,2026-08-08T04:28:24,,,
VLCN,VLCN,2021-10-06,11:57:34,,LUDP,LULD pause,"Volcon, Inc. Common stock",Nasdaq,2021-10-06,,12:02:34,,,,,,nyse,2026-08-08T04:28:24,,,
VLCN,VLCN,2021-10-06,12:06:13,,LUDP,LULD pause,"Volcon, Inc. Common stock",Nasdaq,2021-10-06,,12:11:13,,,,,,nyse,2026-08-08T04:28:24,,,
ITACU,ITACU,2021-10-06,12:28:10,,LUDP,LULD pause,"Industrial Tech Acquisitions, Inc. Unit",Nasdaq,2021-10-06,,12:33:10,,,,,,nyse,2026-08-08T04:28:24,,,
ITACU,ITACU,2021-10-06,12:33:41,,LUDP,LULD pause,"Industrial Tech Acquisitions, Inc. Unit",Nasdaq,2021-10-06,,12:38:41,,,,,,nyse,2026-08-08T04:28:24,,,
PALT,PALT,2021-10-07,09:49:21,,LUDP,LULD pause,"Paltalk, Inc. Common Stock",Nasdaq,2021-10-07,,09:54:21,,,,,,nyse,2026-08-08T04:28:24,,,
LXEH,LXEH,2021-10-07,09:54:50,,LUDP,LULD pause,"Lixiang Education Holding Co., Ltd. American Depositary Shares",Nasdaq,2021-10-07,,09:59:50,,,,,,nyse,2026-08-08T04:28:24,,,
BCYC,BCYC,2021-10-07,12:45:02,,T1,News pending,Bicycle Therapeutics plc American Depositary Shares,Nasdaq,2021-10-07,,15:20:00,,,,,,nyse,2026-08-08T04:28:24,,,
BCYC,BCYC,2021-10-07,15:26:13,,LUDP,LULD pause,Bicycle Therapeutics plc American Depositary Shares,Nasdaq,2021-10-07,,15:36:13,,,,,,nyse,2026-08-08T04:28:24,,,
BCYC,BCYC,2021-10-07,15:37:19,,LUDP,LULD pause,Bicycle Therapeutics plc American Depositary Shares,Nasdaq,2021-10-07,,15:42:19,,,,,,nyse,2026-08-08T04:28:24,,,
ALLO,ALLO,2021-10-07,16:13:06,,T1,News pending,"Allogene Therapeutics, Inc. Common Stock",Nasdaq,2021-10-07,,16:45:00,,,,,,nyse,2026-08-08T04:28:24,,,
RLAY,RLAY,2021-10-07,18:03:52,,T1,News pending,"Relay Therapeutics, Inc. Common Stock",Nasdaq,2021-10-08,,13:50:00,,,,,,nyse,2026-08-08T04:28:24,,,
AUGX,AUGX,2021-10-08,03:58:00,,T1,News pending,"Augmedix, Inc. Common Stock",Nasdaq,,,,,,,,,nyse,2026-08-08T04:28:24,reanudo,2021-10-26,08:16
CCXI,CCXI,2021-10-08,06:55:02,,T1,News pending,"ChemoCentryx, Inc.",Nasdaq,2021-10-08,,07:30:00,,,,,,nyse,2026-08-08T04:28:24,,,
CLDR,CLDR,2021-10-08,08:49:25,,UNKNOWN,Merger Effective,"Cloudera, Inc.",NYSE,,,,,,,,,nyse,2026-08-08T04:28:24,no_reanudo,,
ARBE,ARBE,2021-10-08,09:30:39,,LUDP,LULD pause,Arbe Robotics Ltd. Ordinary Shares,Nasdaq,2021-10-08,,09:40:40,,,,,,nyse,2026-08-08T04:28:24,,,
RENN,RENN,2021-10-08,09:47:06,,LUDP,LULD pause,Renren Inc. American Depositary Share (each representing forty-five (45) Class A Ordinary Shares),NYSE,2021-10-08,,09:52:09,,,,,,nyse,2026-08-08T04:28:24,,,
HUDI,HUDI,2021-10-08,10:07:35,,LUDP,LULD pause,"Huadi International Group Co., Ltd. Ordinary Shares",Nasdaq,2021-10-08,,10:12:35,,,,,,nyse,2026-08-08T04:28:24,,,
HUDI,HUDI,2021-10-08,10:14:02,,LUDP,LULD pause,"Huadi International Group Co., Ltd. Ordinary Shares",Nasdaq,2021-10-08,,10:19:02,,,,,,nyse,2026-08-08T04:28:24,,,
VLCN,VLCN,2021-10-08,11:19:07,,LUDP,LULD pause,"Volcon, Inc. Common stock",Nasdaq,2021-10-08,,11:24:07,,,,,,nyse,2026-08-08T04:28:24,,,
RBAC,RBAC,2021-10-08,12:33:29,,T1,News pending,RedBall Acquisition Corp.,NYSE,2021-10-08,,14:58:19,,,,,,nyse,2026-08-08T04:28:24,,,
RBAC.U,RBAC U,2021-10-08,12:33:29,,T1,News pending,"RedBall Acquisition Corp. Units, each consisting of one Class A ordinary share and one-third of one",NYSE,2021-10-08,,14:58:09,,,,,,nyse,2026-08-08T04:28:24,,,
RBAC.WS,RBAC WS,2021-10-08,12:33:29,,T1,News pending,"RedBall Acquisition Corp. Redeemable warrants, each whole warrant exercisable for one Class A ordina",NYSE,2021-10-08,,15:06:20,,,,,,nyse,2026-08-08T04:28:24,,,
RLAY,RLAY,2021-10-08,13:51:13,,LUDP,LULD pause,"Relay Therapeutics, Inc. Common Stock",Nasdaq,2021-10-08,,14:01:14,,,,,,nyse,2026-08-08T04:28:24,,,
RLAY,RLAY,2021-10-08,14:05:33,,LUDP,LULD pause,"Relay Therapeutics, Inc. Common Stock",Nasdaq,2021-10-08,,14:10:33,,,,,,nyse,2026-08-08T04:28:24,,,
FLXN,FLXN,2021-10-11,06:58:19,,T1,News pending,"Flexion Therapeutics, Inc.",Nasdaq,2021-10-11,,07:30:00,,,,,,nyse,2026-08-08T04:28:24,,,
LCIDW,LCIDW,2021-10-11,14:26:55,,T1,News pending,"Lucid Group, Inc. Warrant",Nasdaq,,,,,,,,,nyse,2026-08-08T04:28:24,no_reanudo,,
ONE,ONE,2021-10-12,09:17:18,,T1,News pending,OneSmart International Education Group Limited,NYSE,2022-01-06,,09:41:46,,,,,,nyse,2026-08-08T04:28:24,,,
LXU,LXU,2021-10-12,09:22:09,,T1,News pending,LSB INDUSTRIES INC,NYSE,2021-10-12,,15:40:04,,,,,,nyse,2026-08-08T04:28:24,,,
SHLD,SHLD,2021-10-12,09:28:55,,T1,News pending,VictoryShares Protect America ETF,Nasdaq,,,,,,,,,nyse,2026-08-08T04:28:24,no_reanudo,,
VTRN,VTRN,2021-10-12,09:28:55,,T1,News pending,VictoryShares Top Veteran Employers ETF,Nasdaq,,,,,,,,,nyse,2026-08-08T04:28:24,no_reanudo,,
APMI,APMI,2021-10-12,09:35:09,,LUDP,LULD pause,AxonPrime Infrastructure Acquisition Corporation Class A Common Stock,Nasdaq,2021-10-12,,09:40:09,,,,,,nyse,2026-08-08T04:28:24,,,
PONO,PONO,2021-10-12,09:35:14,,LUDP,LULD pause,Pono Capital Corp Class A Common Stock,Nasdaq,2021-10-12,,09:40:14,,,,,,nyse,2026-08-08T04:28:24,,,
GWH,GWH,2021-10-12,09:35:21,,LUDP,LULD pause,"ESS Tech, Inc.",NYSE,2021-10-12,,09:40:27,,,,,,nyse,2026-08-08T04:28:24,,,
NTRB,NTRB,2021-10-12,09:59:05,,LUDP,LULD pause,Nutriband Inc. Common Stock,Nasdaq,2021-10-12,,10:04:05,,,,,,nyse,2026-08-08T04:28:24,,,
NTRB,NTRB,2021-10-12,13:45:52,,LUDP,LULD pause,Nutriband Inc. Common Stock,Nasdaq,2021-10-12,,13:50:52,,,,,,nyse,2026-08-08T04:28:24,,,
SNCE,SNCE,2021-10-12,14:12:59,,LUDP,LULD pause,"Science 37 Holdings, Inc. Common Stock",Nasdaq,2021-10-12,,14:17:59,,,,,,nyse,2026-08-08T04:28:24,,,
UNAM,UNAM,2021-10-12,14:46:24,,LUDP,LULD pause,Unico American Corp,Nasdaq,2021-10-12,,14:51:24,,,,,,nyse,2026-08-08T04:28:24,,,
KOSS,KOSS,2021-10-12,15:49:03,,LUDP,LULD pause,Koss Corp,Nasdaq,2021-10-12,,16:00:00,,,,,,nyse,2026-08-08T04:28:24,,,
RGLS,RGLS,2021-10-12,16:01:01,,T1,News pending,Regulus Therapeutics Inc.,Nasdaq,2021-10-12,,16:35:00,,,,,,nyse,2026-08-08T04:28:24,,,
JSPR,JSPR,2021-10-13,09:33:14,,LUDP,LULD pause,"Jasper Therapeutics, Inc. Common Stock",Nasdaq,2021-10-13,,09:43:14,,,,,,nyse,2026-08-08T04:28:24,,,
JSPR,JSPR,2021-10-13,09:43:39,,LUDP,LULD pause,"Jasper Therapeutics, Inc. Common Stock",Nasdaq,2021-10-13,,09:48:39,,,,,,nyse,2026-08-08T04:28:24,,,
DATS,DATS,2021-10-13,10:21:39,,LUDP,LULD pause,"DatChat, Inc. Common Stock",Nasdaq,2021-10-13,,10:31:39,,,,,,nyse,2026-08-08T04:28:24,,,
HCTI,HCTI,2021-10-13,11:14:12,,LUDP,LULD pause,"Healthcare Triangle, Inc. Common Stock",Nasdaq,2021-10-13,,11:19:12,,,,,,nyse,2026-08-08T04:28:24,,,
LVTX,LVTX,2021-10-13,11:49:14,,LUDP,LULD pause,LAVA Therapeutics N.V. Ordinary Shares,Nasdaq,2021-10-13,,11:54:14,,,,,,nyse,2026-08-08T04:28:24,,,
BBLG,BBLG,2021-10-13,12:10:41,,LUDP,LULD pause,Bone Biologics Corp Common Stock,Nasdaq,2021-10-13,,12:15:41,,,,,,nyse,2026-08-08T04:28:24,,,
ORPH,ORPH,2021-10-13,13:10:01,,LUDP,LULD pause,Orphazyme A/S,Nasdaq,2021-10-13,,13:20:02,,,,,,nyse,2026-08-08T04:28:24,,,
ACEV,ACEV,2021-10-14,06:57:06,,T1,News pending,ACE Convergence Acquisition Corp. Class A Ordinary Shares,Nasdaq,2021-10-14,,07:30:00,,,,,,nyse,2026-08-08T04:28:24,,,
ACEVU,ACEVU,2021-10-14,06:57:06,,T1,News pending,ACE Convergence Acquisition Corp. Unit,Nasdaq,2021-10-14,,07:30:00,,,,,,nyse,2026-08-08T04:28:24,,,
ACEVW,ACEVW,2021-10-14,06:57:06,,T1,News pending,ACE Convergence Acquisition Corp. Warrant,Nasdaq,2021-10-14,,07:30:00,,,,,,nyse,2026-08-08T04:28:24,,,
KORE,KORE,2021-10-14,09:37:11,,LUDP,LULD pause,"KORE Group Holdings, Inc.",NYSE,2021-10-14,,09:42:15,,,,,,nyse,2026-08-08T04:28:24,,,
AIRT,AIRT,2021-10-14,11:13:06,,LUDP,LULD pause,Air T Inc,Nasdaq,2021-10-14,,11:18:06,,,,,,nyse,2026-08-08T04:28:24,,,
DATS,DATS,2021-10-14,11:30:54,,LUDP,LULD pause,"DatChat, Inc. Common Stock",Nasdaq,2021-10-14,,11:35:54,,,,,,nyse,2026-08-08T04:28:24,,,
NXTP,NXTP,2021-10-14,11:42:19,,LUDP,LULD pause,"NextPlay Technologies, Inc. Common Stock",Nasdaq,2021-10-14,,11:47:19,,,,,,nyse,2026-08-08T04:28:24,,,
GRVI,GRVI,2021-10-14,14:08:14,,LUDP,LULD pause,"Grove, Inc. Common Stock",Nasdaq,2021-10-14,,14:13:14,,,,,,nyse,2026-08-08T04:28:24,,,
DATS,DATS,2021-10-14,14:53:31,,LUDP,LULD pause,"DatChat, Inc. Common Stock",Nasdaq,2021-10-14,,14:58:31,,,,,,nyse,2026-08-08T04:28:24,,,
CSOD,CSOD,2021-10-14,19:54:02,,T1,News pending,"Cornerstone OnDemand, Inc.",Nasdaq,,,,,,,,,nyse,2026-08-08T04:28:24,no_reanudo,,
ADER,ADER,2021-10-15,06:55:43,,T1,News pending,26 Capital Acquisition Corp. Class A Common Stock,Nasdaq,2021-10-15,,07:30:00,,,,,,nyse,2026-08-08T04:28:24,,,
ADERU,ADERU,2021-10-15,06:55:43,,T1,News pending,26 Capital Acquisition Corp. Unit,Nasdaq,2021-10-15,,07:30:00,,,,,,nyse,2026-08-08T04:28:24,,,
ADERW,ADERW,2021-10-15,06:55:43,,T1,News pending,26 Capital Acquisition Corp. Warrant,Nasdaq,2021-10-15,,07:30:00,,,,,,nyse,2026-08-08T04:28:24,,,
NNA,NNA,2021-10-15,07:37:09,,UNKNOWN,Merger Effective,Navios Maritime Acquisition Corporation,NYSE,,,,,,,,,nyse,2026-08-08T04:28:24,no_reanudo,,
DCT,DCT,2021-10-15,09:35:58,,LUDP,LULD pause,"Duck Creek Technologies, Inc. Common Stock",Nasdaq,2021-10-15,,09:40:58,,,,,,nyse,2026-08-08T04:28:24,,,
HLBZ,HLBZ,2021-10-15,14:14:24,,LUDP,LULD pause,"Helbiz, Inc. Class A Common stock",Nasdaq,2021-10-15,,14:24:25,,,,,,nyse,2026-08-08T04:28:24,,,
JSPR,JSPR,2021-10-15,15:10:55,,LUDP,LULD pause,"Jasper Therapeutics, Inc. Common Stock",Nasdaq,2021-10-15,,15:15:55,,,,,,nyse,2026-08-08T04:28:24,,,
SLN,SLN,2021-10-15,15:59:23,,LUDP,LULD pause,Silence Therapeutics Plc American Depository Share,Nasdaq,2021-10-15,,16:05:07,,,,,,nyse,2026-08-08T04:28:24,,,
OYST,OYST,2021-10-15,16:02:07,,T1,News pending,"Oyster Point Pharma, Inc. Common Stock",Nasdaq,2021-10-18,,07:10:00,,,,,,nyse,2026-08-08T04:28:24,,,
SLCT,SLCT,2021-10-15,19:50:38,,T1,News pending,"Select Bancorp, Inc.",Nasdaq,,,,,,,,,nyse,2026-08-08T04:28:24,no_reanudo,,
BLUEV,BLUEV,2021-10-18,04:00:00,,T1,News pending,"bluebird bio, Inc. Common Stock Ex-Distribution When Issued",Nasdaq,2021-10-18,,09:45:00,,,,,,nyse,2026-08-08T04:28:24,,,
GETVV,GETVV,2021-10-18,04:00:00,,T1,News pending,Getnet Adquirencia e Servicos para Meios de Pagamento S.A. American Depositary Shares When-Issued,Nasdaq,2021-10-18,,09:45:00,,,,,,nyse,2026-08-08T04:28:24,,,
TSVTV,TSVTV,2021-10-18,04:00:00,,T1,News pending,"2seventy bio, Inc. Common Stock When-Issued",Nasdaq,2021-10-18,,09:45:00,,,,,,nyse,2026-08-08T04:28:24,,,
PHAT,PHAT,2021-10-18,06:55:04,,T1,News pending,"Phathom Pharmaceuticals, Inc. Common Stock",Nasdaq,2021-10-18,,07:30:00,,,,,,nyse,2026-08-08T04:28:24,,,
EVOL,EVOL,2021-10-18,07:55:26,,T1,News pending,"Evolving Systems, Inc.",Nasdaq,2021-10-18,,08:30:00,,,,,,nyse,2026-08-08T04:28:24,,,
ICLK,ICLK,2021-10-18,07:55:26,,T1,News pending,iClick Interactive Asia Group Limited,Nasdaq,2021-10-18,,08:30:00,,,,,,nyse,2026-08-08T04:28:24,,,
AVTE,AVTE,2021-10-18,09:32:46,,LUDP,LULD pause,"Aerovate Therapeutics, Inc. Common Stock",Nasdaq,2021-10-18,,09:37:46,,,,,,nyse,2026-08-08T04:28:24,,,
AVTE,AVTE,2021-10-18,09:38:19,,LUDP,LULD pause,"Aerovate Therapeutics, Inc. Common Stock",Nasdaq,2021-10-18,,09:43:19,,,,,,nyse,2026-08-08T04:28:24,,,
AVTE,AVTE,2021-10-18,09:43:49,,LUDP,LULD pause,"Aerovate Therapeutics, Inc. Common Stock",Nasdaq,2021-10-18,,09:48:49,,,,,,nyse,2026-08-08T04:28:24,,,
GETVV,GETVV,2021-10-18,09:52:32,,LUDP,LULD pause,Getnet Adquirencia e Servicos para Meios de Pagamento S.A. American Depositary Shares When-Issued,Nasdaq,2021-10-18,,09:57:32,,,,,,nyse,2026-08-08T04:28:24,,,
OGCP,OGCP,2021-10-18,10:16:47,,LUDP,LULD pause,"Empire State Realty OP, L.P. Series 60",NYSE Arca,2021-10-18,,10:21:47,,,,,,nyse,2026-08-08T04:28:24,,,
ALACU,ALACU,2021-10-18,10:20:57,,LUDP,LULD pause,Alberton Acquisition Corporation Unit,Nasdaq,2021-10-18,,10:25:57,,,,,,nyse,2026-08-08T04:28:24,,,
GETVV,GETVV,2021-10-18,11:51:51,,LUDP,LULD pause,Getnet Adquirencia e Servicos para Meios de Pagamento S.A. American Depositary Shares When-Issued,Nasdaq,2021-10-18,,12:43:27,,,,,,nyse,2026-08-08T04:28:24,,,
GETVV,GETVV,2021-10-18,15:59:39,,LUDP,LULD pause,Getnet Adquirencia e Servicos para Meios de Pagamento S.A. American Depositary Shares When-Issued,Nasdaq,2021-10-18,,16:00:00,,,,,,nyse,2026-08-08T04:28:24,,,
ETTX,ETTX,2021-10-18,16:02:01,,T1,News pending,Entasis Therapeutics Holdings Inc.,Nasdaq,2021-10-18,,16:35:00,,,,,,nyse,2026-08-08T04:28:24,,,
SCR,SCR,2021-10-18,19:50:21,,T1,News pending,Score Media and Gaming Inc. Class A Subordinate Voting Shares,Nasdaq,,,,,,,,,nyse,2026-08-08T04:28:24,no_reanudo,,
AVIR,AVIR,2021-10-19,06:55:03,,T1,News pending,"Atea Pharmaceuticals, Inc. Common Stock",Nasdaq,2021-10-19,,07:31:00,,,,,,nyse,2026-08-08T04:28:24,,,
GRTX,GRTX,2021-10-19,06:55:03,,T1,News pending,"Galera Therapeutics, Inc. Common Stock",Nasdaq,2021-10-19,,07:30:00,,,,,,nyse,2026-08-08T04:28:24,,,
GRTX,GRTX,2021-10-19,10:45:08,,LUDP,LULD pause,"Galera Therapeutics, Inc. Common Stock",Nasdaq,2021-10-19,,10:50:08,,,,,,nyse,2026-08-08T04:28:24,,,
CYCCP,CYCCP,2021-10-19,13:46:01,,LUDP,LULD pause,"Cyclacel Pharmaceuticals, Inc. 6% Cnvrtbl. Prfrd. Stock",Nasdaq,2021-10-19,,13:51:01,,,,,,nyse,2026-08-08T04:28:24,,,
CYCCP,CYCCP,2021-10-19,13:55:42,,LUDP,LULD pause,"Cyclacel Pharmaceuticals, Inc. 6% Cnvrtbl. Prfrd. Stock",Nasdaq,2021-10-19,,14:00:42,,,,,,nyse,2026-08-08T04:28:24,,,
ACKIU,ACKIU,2021-10-20,09:34:14,,LUDP,LULD pause,Ackrell SPAC Partners I Co. Units,Nasdaq,2021-10-20,,09:39:14,,,,,,nyse,2026-08-08T04:28:24,,,
NVTS,NVTS,2021-10-20,09:36:13,,LUDP,LULD pause,Navitas Semiconductor Corporation Common Stock,Nasdaq,2021-10-20,,09:41:13,,,,,,nyse,2026-08-08T04:28:24,,,
PHCF,PHCF,2021-10-20,09:37:35,,LUDP,LULD pause,"Puhui Wealth Investment Management Co., Ltd.",Nasdaq,2021-10-20,,09:42:35,,,,,,nyse,2026-08-08T04:28:24,,,
CNEY,CNEY,2021-10-20,09:38:42,,LUDP,LULD pause,CN Energy Group Inc. Ordinary Shares,Nasdaq,2021-10-20,,09:43:42,,,,,,nyse,2026-08-08T04:28:24,,,
ALPP,ALPP,2021-10-20,09:42:02,,LUDP,LULD pause,"Alpine 4 Holdings, Inc. Common Stock",Nasdaq,2021-10-20,,09:47:02,,,,,,nyse,2026-08-08T04:28:24,,,
JFIN,JFIN,2021-10-20,09:44:45,,LUDP,LULD pause,Jiayin Group Inc. American Depositary Shares,Nasdaq,2021-10-20,,09:49:45,,,,,,nyse,2026-08-08T04:28:24,,,
CNEY,CNEY,2021-10-20,09:51:07,,LUDP,LULD pause,CN Energy Group Inc. Ordinary Shares,Nasdaq,2021-10-20,,09:56:07,,,,,,nyse,2026-08-08T04:28:24,,,
HX,HX,2021-10-20,09:57:36,,LUDP,LULD pause,Xiaobai Maimai Inc. ADR,Nasdaq,2021-10-20,,10:02:36,,,,,,nyse,2026-08-08T04:28:24,,,
PINS,PINS,2021-10-20,11:25:03,,LUDP,LULD pause,"Pinterest, Inc. Class A Common Stock",NYSE,2021-10-20,,11:30:12,,,,,,nyse,2026-08-08T04:28:24,,,
PINS,PINS,2021-10-20,11:33:47,,LUDP,LULD pause,"Pinterest, Inc. Class A Common Stock",NYSE,2021-10-20,,11:38:57,,,,,,nyse,2026-08-08T04:28:24,,,
BON,BON,2021-10-20,12:10:52,,LUDP,LULD pause,Bon Natural Life Limited Ordinary Shares,Nasdaq,2021-10-20,,12:15:52,,,,,,nyse,2026-08-08T04:28:24,,,
HX,HX,2021-10-20,12:50:30,,LUDP,LULD pause,Xiaobai Maimai Inc. ADR,Nasdaq,2021-10-20,,12:55:30,,,,,,nyse,2026-08-08T04:28:24,,,
HX,HX,2021-10-20,13:13:18,,LUDP,LULD pause,Xiaobai Maimai Inc. ADR,Nasdaq,2021-10-20,,13:18:18,,,,,,nyse,2026-08-08T04:28:24,,,
JRJC,JRJC,2021-10-20,13:53:25,,LUDP,LULD pause,"China Finance Online Co., Ltd.",Nasdaq,2021-10-20,,13:58:25,,,,,,nyse,2026-08-08T04:28:24,,,
HX,HX,2021-10-20,15:33:58,,LUDP,LULD pause,Xiaobai Maimai Inc. ADR,Nasdaq,2021-10-20,,15:38:58,,,,,,nyse,2026-08-08T04:28:24,,,
SIC,SIC,2021-10-20,19:50:22,,T1,News pending,"Select Interior Concepts, Inc. Class A Common Stock",Nasdaq,,,,,,,,,nyse,2026-08-08T04:28:24,no_reanudo,,
HUDI,HUDI,2021-10-21,09:37:15,,LUDP,LULD pause,"Huadi International Group Co., Ltd. Ordinary Shares",Nasdaq,2021-10-21,,09:42:15,,,,,,nyse,2026-08-08T04:28:24,,,
TSVTV,TSVTV,2021-10-21,09:39:47,,LUDP,LULD pause,"2seventy bio, Inc. Common Stock When-Issued",Nasdaq,2021-10-21,,09:44:47,,,,,,nyse,2026-08-08T04:28:24,,,
JRJC,JRJC,2021-10-21,09:41:04,,LUDP,LULD pause,"China Finance Online Co., Ltd.",Nasdaq,2021-10-21,,09:51:04,,,,,,nyse,2026-08-08T04:28:24,,,
ADIL,ADIL,2021-10-21,09:45:20,,LUDP,LULD pause,"Adial Pharmaceuticals, Inc",Nasdaq,2021-10-21,,09:50:20,,,,,,nyse,2026-08-08T04:28:24,,,
JRJC,JRJC,2021-10-21,10:12:31,,LUDP,LULD pause,"China Finance Online Co., Ltd.",Nasdaq,2021-10-21,,10:17:31,,,,,,nyse,2026-08-08T04:28:24,,,
SISI,SISI,2021-10-21,11:11:55,,LUDP,LULD pause,"Shineco, Inc. Common Stock",Nasdaq,2021-10-21,,11:16:55,,,,,,nyse,2026-08-08T04:28:24,,,
DWACU,DWACU,2021-10-21,11:56:02,,LUDP,LULD pause,Digital World Acquisition Corp. Units,Nasdaq,2021-10-21,,12:01:02,,,,,,nyse,2026-08-08T04:28:24,,,
DWAC,DWAC,2021-10-21,11:56:06,,LUDP,LULD pause,Digital World Acquisition Corp. Class A Common Stock,Nasdaq,2021-10-21,,12:01:06,,,,,,nyse,2026-08-08T04:28:24,,,
DWAC,DWAC,2021-10-21,12:19:52,,LUDP,LULD pause,Digital World Acquisition Corp. Class A Common Stock,Nasdaq,2021-10-21,,12:24:52,,,,,,nyse,2026-08-08T04:28:24,,,
DWACU,DWACU,2021-10-21,12:19:53,,LUDP,LULD pause,Digital World Acquisition Corp. Units,Nasdaq,2021-10-21,,12:24:53,,,,,,nyse,2026-08-08T04:28:24,,,
DWAC,DWAC,2021-10-21,13:15:51,,LUDP,LULD pause,Digital World Acquisition Corp. Class A Common Stock,Nasdaq,2021-10-21,,13:20:51,,,,,,nyse,2026-08-08T04:28:24,,,
DWACU,DWACU,2021-10-21,13:15:52,,LUDP,LULD pause,Digital World Acquisition Corp. Units,Nasdaq,2021-10-21,,13:20:52,,,,,,nyse,2026-08-08T04:28:24,,,
DWAC,DWAC,2021-10-21,13:34:19,,LUDP,LULD pause,Digital World Acquisition Corp. Class A Common Stock,Nasdaq,2021-10-21,,13:39:19,,,,,,nyse,2026-08-08T04:28:24,,,
DWACU,DWACU,2021-10-21,13:34:30,,LUDP,LULD pause,Digital World Acquisition Corp. Units,Nasdaq,2021-10-21,,13:39:30,,,,,,nyse,2026-08-08T04:28:24,,,
DWAC,DWAC,2021-10-21,13:49:19,,LUDP,LULD pause,Digital World Acquisition Corp. Class A Common Stock,Nasdaq,2021-10-21,,13:54:19,,,,,,nyse,2026-08-08T04:28:24,,,
DWACU,DWACU,2021-10-21,13:49:21,,LUDP,LULD pause,Digital World Acquisition Corp. Units,Nasdaq,2021-10-21,,13:54:21,,,,,,nyse,2026-08-08T04:28:24,,,
CMBM,CMBM,2021-10-21,16:00:15,,T1,News pending,Cambium Networks Corporation Ordinary Shares,Nasdaq,2021-10-21,,16:30:00,,,,,,nyse,2026-08-08T04:28:24,,,
ALTM,ALTM,2021-10-21,16:04:23,,T1,News pending,Altus Midstream Company Class A Common Stock,Nasdaq,2021-10-21,,16:50:00,,,,,,nyse,2026-08-08T04:28:24,,,
OCUL,OCUL,2021-10-22,07:55:01,,T1,News pending,"Ocular Therapeutix, Inc.",Nasdaq,2021-10-22,,08:30:00,,,,,,nyse,2026-08-08T04:28:24,,,
RPAI,RPAI,2021-10-22,08:54:19,,UNKNOWN,Merger Effective,"RETAIL PROPERTIES OF AMERICA, INC.",NYSE,,,,,,,,,nyse,2026-08-08T04:28:24,no_reanudo,,
DWACU,DWACU,2021-10-22,09:30:17,,LUDP,LULD pause,Digital World Acquisition Corp. Units,Nasdaq,2021-10-22,,11:08:32,,,,,,nyse,2026-08-08T04:28:24,,,
BTAQU,BTAQU,2021-10-22,09:30:21,,LUDP,LULD pause,Burgundy Technology Acquisition Corporation Unit,Nasdaq,2021-10-22,,09:35:21,,,,,,nyse,2026-08-08T04:28:24,,,
VPOP,VPOP,2021-10-22,09:30:22,,LUDP,LULD pause,Simplify Volt Pop Culture Disruption ETF,NYSE Arca,2021-10-22,,09:35:22,,,,,,nyse,2026-08-08T04:28:24,,,
DWAC,DWAC,2021-10-22,09:30:41,,LUDP,LULD pause,Digital World Acquisition Corp. Class A Common Stock,Nasdaq,2021-10-22,,10:00:42,,,,,,nyse,2026-08-08T04:28:24,,,
TSVTV,TSVTV,2021-10-22,09:31:13,,LUDP,LULD pause,"2seventy bio, Inc. Common Stock When-Issued",Nasdaq,2021-10-22,,09:36:13,,,,,,nyse,2026-08-08T04:28:24,,,
SGAMU,SGAMU,2021-10-22,09:31:16,,LUDP,LULD pause,Seaport Global Acquisition Corp. Unit,Nasdaq,2021-10-22,,09:36:16,,,,,,nyse,2026-08-08T04:28:24,,,
PHUN,PHUN,2021-10-22,09:31:46,,LUDP,LULD pause,"Phunware, Inc. Common Stock",Nasdaq,2021-10-22,,09:36:46,,,,,,nyse,2026-08-08T04:28:24,,,
TDACU,TDACU,2021-10-22,09:32:44,,LUDP,LULD pause,Trident Acquisitions Corp. Units,Nasdaq,2021-10-22,,09:37:44,,,,,,nyse,2026-08-08T04:28:24,,,
CRTD,CRTD,2021-10-22,09:33:07,,LUDP,LULD pause,Creatd Inc. Common Stock,Nasdaq,2021-10-22,,09:38:07,,,,,,nyse,2026-08-08T04:28:24,,,
SALM,SALM,2021-10-22,09:33:23,,LUDP,LULD pause,"Salem Media Group, Inc. Class A Common Stock",Nasdaq,2021-10-22,,09:38:23,,,,,,nyse,2026-08-08T04:28:24,,,
GROM,GROM,2021-10-22,09:33:26,,LUDP,LULD pause,Grom Social Enterprises Inc. Common Stock,Nasdaq,2021-10-22,,09:43:26,,,,,,nyse,2026-08-08T04:28:24,,,
PHUN,PHUN,2021-10-22,09:37:35,,LUDP,LULD pause,"Phunware, Inc. Common Stock",Nasdaq,2021-10-22,,09:47:35,,,,,,nyse,2026-08-08T04:28:24,,,
DATS,DATS,2021-10-22,09:43:24,,LUDP,LULD pause,"DatChat, Inc. Common Stock",Nasdaq,2021-10-22,,09:48:24,,,,,,nyse,2026-08-08T04:28:24,,,
TRKA,TRKA,2021-10-22,09:44:02,,LUDP,LULD pause,"Troika Media Group, Inc. Common Stock",Nasdaq,2021-10-22,,09:49:02,,,,,,nyse,2026-08-08T04:28:24,,,
VPOP,VPOP,2021-10-22,09:44:24,,LUDP,LULD pause,Simplify Volt Pop Culture Disruption ETF,NYSE Arca,2021-10-22,,09:49:24,,,,,,nyse,2026-08-08T04:28:24,,,
SALM,SALM,2021-10-22,09:45:17,,LUDP,LULD pause,"Salem Media Group, Inc. Class A Common Stock",Nasdaq,2021-10-22,,09:55:17,,,,,,nyse,2026-08-08T04:28:24,,,
GROM,GROM,2021-10-22,09:46:04,,LUDP,LULD pause,Grom Social Enterprises Inc. Common Stock,Nasdaq,2021-10-22,,09:51:04,,,,,,nyse,2026-08-08T04:28:24,,,
CNTX,CNTX,2021-10-22,09:48:14,,LUDP,LULD pause,Context Therapeutics Inc. Common Stock,Nasdaq,2021-10-22,,09:58:14,,,,,,nyse,2026-08-08T04:28:24,,,
PHUN,PHUN,2021-10-22,09:48:38,,LUDP,LULD pause,"Phunware, Inc. Common Stock",Nasdaq,2021-10-22,,09:53:38,,,,,,nyse,2026-08-08T04:28:24,,,
DATS,DATS,2021-10-22,09:51:41,,LUDP,LULD pause,"DatChat, Inc. Common Stock",Nasdaq,2021-10-22,,09:56:41,,,,,,nyse,2026-08-08T04:28:24,,,
GROM,GROM,2021-10-22,09:51:45,,LUDP,LULD pause,Grom Social Enterprises Inc. Common Stock,Nasdaq,2021-10-22,,09:56:45,,,,,,nyse,2026-08-08T04:28:24,,,
TRKA,TRKA,2021-10-22,09:51:59,,LUDP,LULD pause,"Troika Media Group, Inc. Common Stock",Nasdaq,2021-10-22,,09:56:59,,,,,,nyse,2026-08-08T04:28:24,,,
PHUN,PHUN,2021-10-22,09:54:33,,LUDP,LULD pause,"Phunware, Inc. Common Stock",Nasdaq,2021-10-22,,10:41:22,,,,,,nyse,2026-08-08T04:28:24,,,
BFRA,BFRA,2021-10-22,09:55:28,,LUDP,LULD pause,Biofrontera AG American Depositary Shares,Nasdaq,2021-10-22,,10:00:28,,,,,,nyse,2026-08-08T04:28:24,,,
GROM,GROM,2021-10-22,09:57:27,,LUDP,LULD pause,Grom Social Enterprises Inc. Common Stock,Nasdaq,2021-10-22,,10:07:27,,,,,,nyse,2026-08-08T04:28:24,,,
SALM,SALM,2021-10-22,09:59:23,,LUDP,LULD pause,"Salem Media Group, Inc. Class A Common Stock",Nasdaq,2021-10-22,,10:04:23,,,,,,nyse,2026-08-08T04:28:24,,,
DWAC,DWAC,2021-10-22,10:00:57,,LUDP,LULD pause,Digital World Acquisition Corp. Class A Common Stock,Nasdaq,2021-10-22,,10:05:57,,,,,,nyse,2026-08-08T04:28:24,,,
BFRA,BFRA,2021-10-22,10:03:27,,LUDP,LULD pause,Biofrontera AG American Depositary Shares,Nasdaq,2021-10-22,,10:08:27,,,,,,nyse,2026-08-08T04:28:24,,,
DWAC,DWAC,2021-10-22,10:06:29,,LUDP,LULD pause,Digital World Acquisition Corp. Class A Common Stock,Nasdaq,2021-10-22,,10:11:29,,,,,,nyse,2026-08-08T04:28:24,,,
DWAC,DWAC,2021-10-22,10:12:33,,LUDP,LULD pause,Digital World Acquisition Corp. Class A Common Stock,Nasdaq,2021-10-22,,10:22:33,,,,,,nyse,2026-08-08T04:28:24,,,
DWAC,DWAC,2021-10-22,10:22:51,,LUDP,LULD pause,Digital World Acquisition Corp. Class A Common Stock,Nasdaq,2021-10-22,,10:32:52,,,,,,nyse,2026-08-08T04:28:24,,,
PROG,PROG,2021-10-22,10:32:13,,LUDP,LULD pause,"Progenity, Inc. Common Stock",Nasdaq,2021-10-22,,10:37:13,,,,,,nyse,2026-08-08T04:28:24,,,
DWAC,DWAC,2021-10-22,10:34:15,,LUDP,LULD pause,Digital World Acquisition Corp. Class A Common Stock,Nasdaq,2021-10-22,,10:39:15,,,,,,nyse,2026-08-08T04:28:24,,,
PHUN,PHUN,2021-10-22,10:43:22,,LUDP,LULD pause,"Phunware, Inc. Common Stock",Nasdaq,2021-10-22,,10:48:22,,,,,,nyse,2026-08-08T04:28:24,,,
DWAC,DWAC,2021-10-22,10:52:08,,LUDP,LULD pause,Digital World Acquisition Corp. Class A Common Stock,Nasdaq,2021-10-22,,10:57:08,,,,,,nyse,2026-08-08T04:28:24,,,
PHUN,PHUN,2021-10-22,10:52:20,,LUDP,LULD pause,"Phunware, Inc. Common Stock",Nasdaq,2021-10-22,,10:57:20,,,,,,nyse,2026-08-08T04:28:24,,,
DWAC,DWAC,2021-10-22,11:05:27,,LUDP,LULD pause,Digital World Acquisition Corp. Class A Common Stock,Nasdaq,2021-10-22,,11:10:27,,,,,,nyse,2026-08-08T04:28:24,,,
PHUN,PHUN,2021-10-22,11:05:38,,LUDP,LULD pause,"Phunware, Inc. Common Stock",Nasdaq,2021-10-22,,11:10:38,,,,,,nyse,2026-08-08T04:28:24,,,
HX,HX,2021-10-22,11:13:45,,LUDP,LULD pause,Xiaobai Maimai Inc. ADR,Nasdaq,2021-10-22,,11:18:45,,,,,,nyse,2026-08-08T04:28:24,,,
DWAC,DWAC,2021-10-22,11:15:46,,LUDP,LULD pause,Digital World Acquisition Corp. Class A Common Stock,Nasdaq,2021-10-22,,11:20:46,,,,,,nyse,2026-08-08T04:28:24,,,
DWACU,DWACU,2021-10-22,11:16:01,,LUDP,LULD pause,Digital World Acquisition Corp. Units,Nasdaq,2021-10-22,,11:21:01,,,,,,nyse,2026-08-08T04:28:24,,,
PHUN,PHUN,2021-10-22,11:16:12,,LUDP,LULD pause,"Phunware, Inc. Common Stock",Nasdaq,2021-10-22,,11:21:12,,,,,,nyse,2026-08-08T04:28:24,,,
DWAC,DWAC,2021-10-22,11:22:56,,LUDP,LULD pause,Digital World Acquisition Corp. Class A Common Stock,Nasdaq,2021-10-22,,11:27:56,,,,,,nyse,2026-08-08T04:28:24,,,
DWACU,DWACU,2021-10-22,11:23:13,,LUDP,LULD pause,Digital World Acquisition Corp. Units,Nasdaq,2021-10-22,,11:28:13,,,,,,nyse,2026-08-08T04:28:24,,,
PHUN,PHUN,2021-10-22,11:25:33,,LUDP,LULD pause,"Phunware, Inc. Common Stock",Nasdaq,2021-10-22,,11:35:34,,,,,,nyse,2026-08-08T04:28:24,,,
DWAC,DWAC,2021-10-22,11:28:23,,LUDP,LULD pause,Digital World Acquisition Corp. Class A Common Stock,Nasdaq,2021-10-22,,11:33:23,,,,,,nyse,2026-08-08T04:28:24,,,
DWACU,DWACU,2021-10-22,11:36:20,,LUDP,LULD pause,Digital World Acquisition Corp. Units,Nasdaq,2021-10-22,,11:41:20,,,,,,nyse,2026-08-08T04:28:24,,,
DWAC,DWAC,2021-10-22,11:36:27,,LUDP,LULD pause,Digital World Acquisition Corp. Class A Common Stock,Nasdaq,2021-10-22,,11:41:27,,,,,,nyse,2026-08-08T04:28:24,,,
BENEU,BENEU,2021-10-22,12:41:53,,LUDP,LULD pause,Benessere Capital Acquisition Corp. Unit,Nasdaq,2021-10-22,,12:46:53,,,,,,nyse,2026-08-08T04:28:24,,,
VTYX,VTYX,2021-10-22,12:59:09,,LUDP,LULD pause,"Ventyx Biosciences, Inc. Common Stock",Nasdaq,2021-10-22,,13:04:09,,,,,,nyse,2026-08-08T04:28:24,,,
BENEU,BENEU,2021-10-22,13:20:01,,LUDP,LULD pause,Benessere Capital Acquisition Corp. Unit,Nasdaq,2021-10-22,,14:05:02,,,,,,nyse,2026-08-08T04:28:24,,,
BENE,BENE,2021-10-22,13:20:53,,LUDP,LULD pause,Benessere Capital Acquisition Corp. Class A Common Stock,Nasdaq,2021-10-22,,13:30:53,,,,,,nyse,2026-08-08T04:28:24,,,
ZGYHU,ZGYHU,2021-10-22,13:27:50,,LUDP,LULD pause,Yunhong International Unit,Nasdaq,2021-10-22,,13:32:50,,,,,,nyse,2026-08-08T04:28:24,,,
ZGYHU,ZGYHU,2021-10-22,13:38:43,,LUDP,LULD pause,Yunhong International Unit,Nasdaq,2021-10-22,,13:43:43,,,,,,nyse,2026-08-08T04:28:24,,,
BENE,BENE,2021-10-22,13:51:19,,LUDP,LULD pause,Benessere Capital Acquisition Corp. Class A Common Stock,Nasdaq,2021-10-22,,13:56:19,,,,,,nyse,2026-08-08T04:28:24,,,
ZGYH,ZGYH,2021-10-22,13:52:43,,LUDP,LULD pause,Yunhong International Class A Ordinary Shares,Nasdaq,2021-10-22,,13:57:43,,,,,,nyse,2026-08-08T04:28:24,,,
ZGYHU,ZGYHU,2021-10-22,13:53:35,,LUDP,LULD pause,Yunhong International Unit,Nasdaq,2021-10-22,,13:58:35,,,,,,nyse,2026-08-08T04:28:24,,,
MARK,MARK,2021-10-22,13:54:07,,LUDP,LULD pause,"Remark Holdings, Inc.",Nasdaq,2021-10-22,,13:59:07,,,,,,nyse,2026-08-08T04:28:24,,,
BENE,BENE,2021-10-22,13:58:32,,LUDP,LULD pause,Benessere Capital Acquisition Corp. Class A Common Stock,Nasdaq,2021-10-22,,14:03:32,,,,,,nyse,2026-08-08T04:28:24,,,
MARK,MARK,2021-10-22,14:01:31,,LUDP,LULD pause,"Remark Holdings, Inc.",Nasdaq,2021-10-22,,14:06:31,,,,,,nyse,2026-08-08T04:28:24,,,
BENE,BENE,2021-10-22,14:08:51,,LUDP,LULD pause,Benessere Capital Acquisition Corp. Class A Common Stock,Nasdaq,2021-10-22,,14:13:51,,,,,,nyse,2026-08-08T04:28:24,,,
BENEU,BENEU,2021-10-22,14:09:56,,LUDP,LULD pause,Benessere Capital Acquisition Corp. Unit,Nasdaq,2021-10-22,,14:27:17,,,,,,nyse,2026-08-08T04:28:24,,,
SGBX,SGBX,2021-10-22,15:28:22,,LUDP,LULD pause,"SG Blocks, Inc. Common Stock",Nasdaq,2021-10-22,,15:33:22,,,,,,nyse,2026-08-08T04:28:24,,,
SGBX,SGBX,2021-10-22,15:34:33,,LUDP,LULD pause,"SG Blocks, Inc. Common Stock",Nasdaq,2021-10-22,,15:39:33,,,,,,nyse,2026-08-08T04:28:24,,,
SGBX,SGBX,2021-10-22,15:40:10,,LUDP,LULD pause,"SG Blocks, Inc. Common Stock",Nasdaq,2021-10-22,,16:00:00,,,,,,nyse,2026-08-08T04:28:24,,,
AUPH,AUPH,2021-10-22,15:47:56,,LUDP,LULD pause,Aurinia Pharmaceuticals Inc,Nasdaq,2021-10-22,,16:00:00,,,,,,nyse,2026-08-08T04:28:24,,,
EVAX,EVAX,2021-10-25,09:30:18,,LUDP,LULD pause,Evaxion Biotech A/S American Depositary Share,Nasdaq,2021-10-25,,09:35:18,,,,,,nyse,2026-08-08T04:28:24,,,
DWAC,DWAC,2021-10-25,09:30:33,,LUDP,LULD pause,Digital World Acquisition Corp. Class A Common Stock,Nasdaq,2021-10-25,,09:35:33,,,,,,nyse,2026-08-08T04:28:24,,,
PHUN,PHUN,2021-10-25,09:30:33,,LUDP,LULD pause,"Phunware, Inc. Common Stock",Nasdaq,2021-10-25,,09:35:33,,,,,,nyse,2026-08-08T04:28:24,,,
JSPR,JSPR,2021-10-25,09:31:04,,LUDP,LULD pause,"Jasper Therapeutics, Inc. Common Stock",Nasdaq,2021-10-25,,09:41:04,,,,,,nyse,2026-08-08T04:28:24,,,
CRTD,CRTD,2021-10-25,09:31:12,,LUDP,LULD pause,Creatd Inc. Common Stock,Nasdaq,2021-10-25,,09:36:12,,,,,,nyse,2026-08-08T04:28:24,,,
MARK,MARK,2021-10-25,09:33:05,,LUDP,LULD pause,"Remark Holdings, Inc.",Nasdaq,2021-10-25,,09:38:05,,,,,,nyse,2026-08-08T04:28:24,,,
PHUN,PHUN,2021-10-25,09:36:12,,LUDP,LULD pause,"Phunware, Inc. Common Stock",Nasdaq,2021-10-25,,09:41:12,,,,,,nyse,2026-08-08T04:28:24,,,
CRTD,CRTD,2021-10-25,09:36:52,,LUDP,LULD pause,Creatd Inc. Common Stock,Nasdaq,2021-10-25,,09:41:52,,,,,,nyse,2026-08-08T04:28:24,,,
LINK,LINK,2021-10-25,09:38:18,,LUDP,LULD pause,"Interlink Electronics, Inc. Common Stock",Nasdaq,2021-10-25,,09:43:18,,,,,,nyse,2026-08-08T04:28:24,,,
BENEU,BENEU,2021-10-25,09:39:40,,LUDP,LULD pause,Benessere Capital Acquisition Corp. Unit,Nasdaq,2021-10-25,,09:49:41,,,,,,nyse,2026-08-08T04:28:24,,,
MARK,MARK,2021-10-25,09:44:16,,LUDP,LULD pause,"Remark Holdings, Inc.",Nasdaq,2021-10-25,,09:49:16,,,,,,nyse,2026-08-08T04:28:24,,,
TSVTV,TSVTV,2021-10-25,09:50:49,,LUDP,LULD pause,"2seventy bio, Inc. Common Stock When-Issued",Nasdaq,2021-10-25,,09:55:49,,,,,,nyse,2026-08-08T04:28:24,,,
PHUN,PHUN,2021-10-25,10:00:57,,LUDP,LULD pause,"Phunware, Inc. Common Stock",Nasdaq,2021-10-25,,10:05:57,,,,,,nyse,2026-08-08T04:28:24,,,
BKKT,BKKT,2021-10-25,10:09:35,,LUDP,LULD pause,"Bakkt Holdings, Inc.",NYSE,2021-10-25,,10:16:06,,,,,,nyse,2026-08-08T04:28:24,,,
CNEY,CNEY,2021-10-25,12:07:45,,LUDP,LULD pause,CN Energy Group Inc. Ordinary Shares,Nasdaq,2021-10-25,,12:12:45,,,,,,nyse,2026-08-08T04:28:24,,,
RDBX,RDBX,2021-10-25,12:14:19,,LUDP,LULD pause,Redbox Entertainment Inc. Class A Common Stock,Nasdaq,2021-10-25,,12:19:19,,,,,,nyse,2026-08-08T04:28:24,,,
HUDI,HUDI,2021-10-25,12:17:36,,LUDP,LULD pause,"Huadi International Group Co., Ltd. Ordinary Shares",Nasdaq,2021-10-25,,12:22:36,,,,,,nyse,2026-08-08T04:28:24,,,
RDW,RDW,2021-10-25,12:18:57,,LUDP,LULD pause,Redwire Corporation,NYSE,2021-10-25,,12:24:10,,,,,,nyse,2026-08-08T04:28:24,,,
RDW,RDW,2021-10-25,12:24:45,,LUDP,LULD pause,Redwire Corporation,NYSE,2021-10-25,,12:29:58,,,,,,nyse,2026-08-08T04:28:24,,,
CRTD,CRTD,2021-10-25,12:48:11,,LUDP,LULD pause,Creatd Inc. Common Stock,Nasdaq,2021-10-25,,12:53:11,,,,,,nyse,2026-08-08T04:28:24,,,
CYN,CYN,2021-10-25,12:48:48,,LUDP,LULD pause,Cyngn Inc. Common Stock,Nasdaq,2021-10-25,,12:53:48,,,,,,nyse,2026-08-08T04:28:24,,,
BKKT,BKKT,2021-10-25,13:02:39,,LUDP,LULD pause,"Bakkt Holdings, Inc.",NYSE,2021-10-25,,13:07:47,,,,,,nyse,2026-08-08T04:28:24,,,
BKKT,BKKT,2021-10-25,13:08:20,,T1,News pending,"Bakkt Holdings, Inc.",NYSE,2021-10-25,,13:44:11,,,,,,nyse,2026-08-08T04:28:24,,,
BKKT.WS,BKKT WS,2021-10-25,13:08:50,,T1,News pending,"Bakkt Holdings, Inc Warrants to purchase Class A Common Stock",NYSE,2021-10-25,,13:56:22,,,,,,nyse,2026-08-08T04:28:24,,,
TSVTV,TSVTV,2021-10-25,13:09:30,,LUDP,LULD pause,"2seventy bio, Inc. Common Stock When-Issued",Nasdaq,2021-10-25,,13:14:30,,,,,,nyse,2026-08-08T04:28:24,,,
BKKT,BKKT,2021-10-25,13:45:57,,LUDP,LULD pause,"Bakkt Holdings, Inc.",NYSE,2021-10-25,,13:51:09,,,,,,nyse,2026-08-08T04:28:24,,,
BKKT,BKKT,2021-10-25,13:53:15,,LUDP,LULD pause,"Bakkt Holdings, Inc.",NYSE,2021-10-25,,13:58:35,,,,,,nyse,2026-08-08T04:28:24,,,
TSVTV,TSVTV,2021-10-25,13:56:10,,LUDP,LULD pause,"2seventy bio, Inc. Common Stock When-Issued",Nasdaq,2021-10-25,,14:01:10,,,,,,nyse,2026-08-08T04:28:24,,,
HUDI,HUDI,2021-10-25,14:45:29,,LUDP,LULD pause,"Huadi International Group Co., Ltd. Ordinary Shares",Nasdaq,2021-10-25,,14:50:29,,,,,,nyse,2026-08-08T04:28:24,,,
HUDI,HUDI,2021-10-25,14:51:10,,LUDP,LULD pause,"Huadi International Group Co., Ltd. Ordinary Shares",Nasdaq,2021-10-25,,14:56:10,,,,,,nyse,2026-08-08T04:28:24,,,
HUDI,HUDI,2021-10-25,14:56:44,,LUDP,LULD pause,"Huadi International Group Co., Ltd. Ordinary Shares",Nasdaq,2021-10-25,,15:01:44,,,,,,nyse,2026-08-08T04:28:24,,,
HUDI,HUDI,2021-10-25,15:27:03,,LUDP,LULD pause,"Huadi International Group Co., Ltd. Ordinary Shares",Nasdaq,2021-10-25,,15:32:03,,,,,,nyse,2026-08-08T04:28:24,,,
CEQP,CEQP,2021-10-26,06:55:07,,T1,News pending,Crestwood Equity Partners LP,NYSE,2021-10-26,,07:10:08,,,,,,nyse,2026-08-08T04:28:24,,,
CEQP.PR,CEQP PR,2021-10-26,06:55:07,,T1,News pending,Crestwood Equity Partners LP Preferred Units representing limited partner interests,NYSE,2021-10-26,,07:10:08,,,,,,nyse,2026-08-08T04:28:24,,,
REPX,REPX,2021-10-26,09:30:30,,LUDP,LULD pause,"Riley Exploration Permian, Inc.",NYSE American,2021-10-26,,09:35:30,,,,,,nyse,2026-08-08T04:28:24,,,
MCADU,MCADU,2021-10-26,09:31:12,,LUDP,LULD pause,Mountain Crest Acquisition Corp. II Unit,Nasdaq,2021-10-26,,09:36:12,,,,,,nyse,2026-08-08T04:28:24,,,
AGM.A,AGM A,2021-10-26,09:31:14,,LUDP,LULD pause,Federal Agricultural Mortgage Corporation Class A Voting,NYSE,2021-10-26,,09:36:14,,,,,,nyse,2026-08-08T04:28:24,,,
RDBX,RDBX,2021-10-26,09:31:49,,LUDP,LULD pause,Redbox Entertainment Inc. Class A Common Stock,Nasdaq,2021-10-26,,09:41:49,,,,,,nyse,2026-08-08T04:28:24,,,
BKKT,BKKT,2021-10-26,09:32:04,,LUDP,LULD pause,"Bakkt Holdings, Inc.",NYSE,2021-10-26,,09:37:07,,,,,,nyse,2026-08-08T04:28:24,,,
WBX,WBX,2021-10-26,09:33:47,,LUDP,LULD pause,Wallbox N.V.,NYSE,2021-10-26,,09:39:32,,,,,,nyse,2026-08-08T04:28:24,,,
HUDI,HUDI,2021-10-26,09:38:16,,LUDP,LULD pause,"Huadi International Group Co., Ltd. Ordinary Shares",Nasdaq,2021-10-26,,09:43:16,,,,,,nyse,2026-08-08T04:28:24,,,
WBX,WBX,2021-10-26,09:40:24,,LUDP,LULD pause,Wallbox N.V.,NYSE,2021-10-26,,09:45:30,,,,,,nyse,2026-08-08T04:28:24,,,
MCAD,MCAD,2021-10-26,09:42:18,,LUDP,LULD pause,Mountain Crest Acquisition Corp. II Common Stock,Nasdaq,2021-10-26,,09:47:18,,,,,,nyse,2026-08-08T04:28:24,,,
RDBX,RDBX,2021-10-26,09:42:55,,LUDP,LULD pause,Redbox Entertainment Inc. Class A Common Stock,Nasdaq,2021-10-26,,09:47:55,,,,,,nyse,2026-08-08T04:28:24,,,
SHPW,SHPW,2021-10-26,09:44:37,,LUDP,LULD pause,"Shapeways Holdings, Inc.",NYSE,2021-10-26,,09:49:47,,,,,,nyse,2026-08-08T04:28:24,,,
MCADU,MCADU,2021-10-26,09:45:01,,LUDP,LULD pause,Mountain Crest Acquisition Corp. II Unit,Nasdaq,2021-10-26,,09:50:01,,,,,,nyse,2026-08-08T04:28:24,,,
WBX,WBX,2021-10-26,09:46:40,,LUDP,LULD pause,Wallbox N.V.,NYSE,2021-10-26,,09:51:50,,,,,,nyse,2026-08-08T04:28:24,,,
RDBX,RDBX,2021-10-26,09:48:17,,LUDP,LULD pause,Redbox Entertainment Inc. Class A Common Stock,Nasdaq,2021-10-26,,09:58:17,,,,,,nyse,2026-08-08T04:28:24,,,
LIDR,LIDR,2021-10-26,09:48:18,,LUDP,LULD pause,"AEye, Inc. Class A Common Stock",Nasdaq,2021-10-26,,09:53:18,,,,,,nyse,2026-08-08T04:28:24,,,
BBLN,BBLN,2021-10-26,09:50:53,,LUDP,LULD pause,Babylon Holdings Limited,NYSE,2021-10-26,,09:56:08,,,,,,nyse,2026-08-08T04:28:24,,,
BKKT,BKKT,2021-10-26,09:53:30,,LUDP,LULD pause,"Bakkt Holdings, Inc.",NYSE,2021-10-26,,09:58:34,,,,,,nyse,2026-08-08T04:28:24,,,
BBLN,BBLN,2021-10-26,09:57:18,,LUDP,LULD pause,Babylon Holdings Limited,NYSE,2021-10-26,,10:02:37,,,,,,nyse,2026-08-08T04:28:24,,,
RDBX,RDBX,2021-10-26,09:58:48,,LUDP,LULD pause,Redbox Entertainment Inc. Class A Common Stock,Nasdaq,2021-10-26,,10:03:48,,,,,,nyse,2026-08-08T04:28:24,,,
BBLN,BBLN,2021-10-26,10:03:15,,LUDP,LULD pause,Babylon Holdings Limited,NYSE,2021-10-26,,10:08:44,,,,,,nyse,2026-08-08T04:28:24,,,
CYN,CYN,2021-10-26,10:08:59,,LUDP,LULD pause,Cyngn Inc. Common Stock,Nasdaq,2021-10-26,,10:18:59,,,,,,nyse,2026-08-08T04:28:24,,,
BBLN,BBLN,2021-10-26,10:09:58,,LUDP,LULD pause,Babylon Holdings Limited,NYSE,2021-10-26,,10:15:31,,,,,,nyse,2026-08-08T04:28:24,,,
BBLN,BBLN,2021-10-26,10:15:53,,LUDP,LULD pause,Babylon Holdings Limited,NYSE,2021-10-26,,10:20:58,,,,,,nyse,2026-08-08T04:28:24,,,
TSVTV,TSVTV,2021-10-26,10:22:29,,LUDP,LULD pause,"2seventy bio, Inc. Common Stock When-Issued",Nasdaq,2021-10-26,,10:27:29,,,,,,nyse,2026-08-08T04:28:24,,,
LIDR,LIDR,2021-10-26,10:23:53,,LUDP,LULD pause,"AEye, Inc. Class A Common Stock",Nasdaq,2021-10-26,,10:28:53,,,,,,nyse,2026-08-08T04:28:24,,,
WBX,WBX,2021-10-26,10:26:52,,LUDP,LULD pause,Wallbox N.V.,NYSE,2021-10-26,,10:31:58,,,,,,nyse,2026-08-08T04:28:24,,,
DTRT,DTRT,2021-10-26,10:28:06,,LUDP,LULD pause,DTRT Health Acquisition Corp. Class A Common Stock,Nasdaq,2021-10-26,,11:04:16,,,,,,nyse,2026-08-08T04:28:24,,,
HUDI,HUDI,2021-10-26,10:31:17,,LUDP,LULD pause,"Huadi International Group Co., Ltd. Ordinary Shares",Nasdaq,2021-10-26,,10:36:17,,,,,,nyse,2026-08-08T04:28:24,,,
MYSZ,MYSZ,2021-10-26,10:34:51,,LUDP,LULD pause,"My Size, Inc",Nasdaq,2021-10-26,,10:39:51,,,,,,nyse,2026-08-08T04:28:24,,,
IINN,IINN,2021-10-26,10:45:10,,LUDP,LULD pause,Inspira Technologies Oxy B.H.N. Ltd. Ordinary Shares,Nasdaq,2021-10-26,,10:55:10,,,,,,nyse,2026-08-08T04:28:24,,,
OCGN,OCGN,2021-10-26,10:48:10,,LUDP,LULD pause,"Ocugen, Inc. Common Stock",Nasdaq,2021-10-26,,10:53:10,,,,,,nyse,2026-08-08T04:28:24,,,
LIDR,LIDR,2021-10-26,10:55:36,,LUDP,LULD pause,"AEye, Inc. Class A Common Stock",Nasdaq,2021-10-26,,11:00:36,,,,,,nyse,2026-08-08T04:28:24,,,
IINN,IINN,2021-10-26,10:57:36,,LUDP,LULD pause,Inspira Technologies Oxy B.H.N. Ltd. Ordinary Shares,Nasdaq,2021-10-26,,11:07:36,,,,,,nyse,2026-08-08T04:28:24,,,
OCGN,OCGN,2021-10-26,11:06:05,,LUDP,LULD pause,"Ocugen, Inc. Common Stock",Nasdaq,2021-10-26,,11:11:05,,,,,,nyse,2026-08-08T04:28:24,,,
BIMI,BIMI,2021-10-26,12:08:18,,LUDP,LULD pause,BIMI International Medical Inc. Common Stock,Nasdaq,2021-10-26,,12:13:18,,,,,,nyse,2026-08-08T04:28:24,,,
BIMI,BIMI,2021-10-26,12:52:40,,LUDP,LULD pause,BIMI International Medical Inc. Common Stock,Nasdaq,2021-10-26,,12:57:40,,,,,,nyse,2026-08-08T04:28:24,,,
OCGN,OCGN,2021-10-26,13:15:49,,LUDP,LULD pause,"Ocugen, Inc. Common Stock",Nasdaq,2021-10-26,,13:20:49,,,,,,nyse,2026-08-08T04:28:24,,,
OCGN,OCGN,2021-10-26,13:28:07,,LUDP,LULD pause,"Ocugen, Inc. Common Stock",Nasdaq,2021-10-26,,13:33:07,,,,,,nyse,2026-08-08T04:28:24,,,
BIMI,BIMI,2021-10-26,13:29:24,,LUDP,LULD pause,BIMI International Medical Inc. Common Stock,Nasdaq,2021-10-26,,13:34:24,,,,,,nyse,2026-08-08T04:28:24,,,
BIMI,BIMI,2021-10-26,13:35:35,,LUDP,LULD pause,BIMI International Medical Inc. Common Stock,Nasdaq,2021-10-26,,13:40:35,,,,,,nyse,2026-08-08T04:28:24,,,
BIMI,BIMI,2021-10-26,13:41:35,,LUDP,LULD pause,BIMI International Medical Inc. Common Stock,Nasdaq,2021-10-26,,13:46:35,,,,,,nyse,2026-08-08T04:28:24,,,
BIMI,BIMI,2021-10-26,13:47:32,,LUDP,LULD pause,BIMI International Medical Inc. Common Stock,Nasdaq,2021-10-26,,13:52:32,,,,,,nyse,2026-08-08T04:28:24,,,
BIMI,BIMI,2021-10-26,13:54:23,,LUDP,LULD pause,BIMI International Medical Inc. Common Stock,Nasdaq,2021-10-26,,13:59:23,,,,,,nyse,2026-08-08T04:28:24,,,
BIMI,BIMI,2021-10-26,14:00:59,,LUDP,LULD pause,BIMI International Medical Inc. Common Stock,Nasdaq,2021-10-26,,14:05:59,,,,,,nyse,2026-08-08T04:28:24,,,
BIMI,BIMI,2021-10-26,14:07:08,,LUDP,LULD pause,BIMI International Medical Inc. Common Stock,Nasdaq,2021-10-26,,14:12:08,,,,,,nyse,2026-08-08T04:28:24,,,
BIMI,BIMI,2021-10-26,14:37:26,,LUDP,LULD pause,BIMI International Medical Inc. Common Stock,Nasdaq,2021-10-26,,14:42:26,,,,,,nyse,2026-08-08T04:28:24,,,
BIMI,BIMI,2021-10-26,14:45:48,,LUDP,LULD pause,BIMI International Medical Inc. Common Stock,Nasdaq,2021-10-26,,14:50:48,,,,,,nyse,2026-08-08T04:28:24,,,
BIMI,BIMI,2021-10-26,14:52:11,,LUDP,LULD pause,BIMI International Medical Inc. Common Stock,Nasdaq,2021-10-26,,14:57:11,,,,,,nyse,2026-08-08T04:28:24,,,
BIMI,BIMI,2021-10-26,14:57:46,,LUDP,LULD pause,BIMI International Medical Inc. Common Stock,Nasdaq,2021-10-26,,15:02:46,,,,,,nyse,2026-08-08T04:28:24,,,
BIMI,BIMI,2021-10-26,15:03:08,,LUDP,LULD pause,BIMI International Medical Inc. Common Stock,Nasdaq,2021-10-26,,15:08:08,,,,,,nyse,2026-08-08T04:28:24,,,
BIMI,BIMI,2021-10-26,15:08:41,,LUDP,LULD pause,BIMI International Medical Inc. Common Stock,Nasdaq,2021-10-26,,15:13:41,,,,,,nyse,2026-08-08T04:28:24,,,
TRKA,TRKA,2021-10-26,15:11:04,,LUDP,LULD pause,"Troika Media Group, Inc. Common Stock",Nasdaq,2021-10-26,,15:16:04,,,,,,nyse,2026-08-08T04:28:24,,,
TRKA,TRKA,2021-10-26,15:18:11,,LUDP,LULD pause,"Troika Media Group, Inc. Common Stock",Nasdaq,2021-10-26,,15:23:11,,,,,,nyse,2026-08-08T04:28:24,,,
BIMI,BIMI,2021-10-26,15:18:34,,LUDP,LULD pause,BIMI International Medical Inc. Common Stock,Nasdaq,2021-10-26,,15:23:34,,,,,,nyse,2026-08-08T04:28:24,,,
AXLA,AXLA,2021-10-26,15:24:57,,LUDP,LULD pause,Axcella Health Inc. Common Stock,Nasdaq,2021-10-26,,15:34:57,,,,,,nyse,2026-08-08T04:28:24,,,
BIMI,BIMI,2021-10-26,15:30:26,,LUDP,LULD pause,BIMI International Medical Inc. Common Stock,Nasdaq,2021-10-26,,15:35:26,,,,,,nyse,2026-08-08T04:28:24,,,
CRTX,CRTX,2021-10-26,16:00:10,,T1,News pending,"Cortexyme, Inc. Common Stock",Nasdaq,2021-10-26,,16:31:00,,,,,,nyse,2026-08-08T04:28:24,,,
GNUS,GNUS,2021-10-27,08:25:06,,T1,News pending,"Genius Brands International, Inc. Common Stock",Nasdaq,2021-10-27,,10:45:00,,,,,,nyse,2026-08-08T04:28:24,,,
TSVTV,TSVTV,2021-10-27,09:30:23,,LUDP,LULD pause,"2seventy bio, Inc. Common Stock When-Issued",Nasdaq,2021-10-27,,09:35:23,,,,,,nyse,2026-08-08T04:28:24,,,
LBTYB,LBTYB,2021-10-27,09:31:06,,LUDP,LULD pause,Liberty Global plc Class B,Nasdaq,2021-10-27,,09:36:06,,,,,,nyse,2026-08-08T04:28:24,,,
CXDC,CXDC,2021-10-27,09:32:29,,LUDP,LULD pause,China XD Plastics Company Limited,Nasdaq,2021-10-27,,09:37:29,,,,,,nyse,2026-08-08T04:28:24,,,
AGRI,AGRI,2021-10-27,09:34:12,,LUDP,LULD pause,AgriFORCE Growing Systems Ltd. Common Shares,Nasdaq,2021-10-27,,09:39:12,,,,,,nyse,2026-08-08T04:28:24,,,
HUDI,HUDI,2021-10-27,09:42:01,,LUDP,LULD pause,"Huadi International Group Co., Ltd. Ordinary Shares",Nasdaq,2021-10-27,,09:47:01,,,,,,nyse,2026-08-08T04:28:24,,,
CXDC,CXDC,2021-10-27,09:43:28,,LUDP,LULD pause,China XD Plastics Company Limited,Nasdaq,2021-10-27,,09:48:28,,,,,,nyse,2026-08-08T04:28:24,,,
HUDI,HUDI,2021-10-27,09:50:08,,LUDP,LULD pause,"Huadi International Group Co., Ltd. Ordinary Shares",Nasdaq,2021-10-27,,09:55:08,,,,,,nyse,2026-08-08T04:28:24,,,
COMSP,COMSP,2021-10-27,09:51:58,,T1,News pending,ComSovereign Holding Corp. 9.25% Series A Cumulative Redeemable Perpetual Preferred Stock,Nasdaq,2021-10-27,,11:20:00,,,,,,nyse,2026-08-08T04:28:24,,,
CXDC,CXDC,2021-10-27,09:53:55,,LUDP,LULD pause,China XD Plastics Company Limited,Nasdaq,2021-10-27,,09:58:55,,,,,,nyse,2026-08-08T04:28:24,,,
AGRI,AGRI,2021-10-27,10:03:16,,LUDP,LULD pause,AgriFORCE Growing Systems Ltd. Common Shares,Nasdaq,2021-10-27,,10:08:16,,,,,,nyse,2026-08-08T04:28:24,,,
HUDI,HUDI,2021-10-27,10:06:35,,LUDP,LULD pause,"Huadi International Group Co., Ltd. Ordinary Shares",Nasdaq,2021-10-27,,10:11:35,,,,,,nyse,2026-08-08T04:28:24,,,
NEW,NEW,2021-10-27,10:09:27,,LUDP,LULD pause,"Puxin Limited American Depositary Shares, each representing two Ordinary Shares",NYSE,2021-10-27,,10:14:38,,,,,,nyse,2026-08-08T04:28:24,,,
HUDI,HUDI,2021-10-27,10:13:10,,LUDP,LULD pause,"Huadi International Group Co., Ltd. Ordinary Shares",Nasdaq,2021-10-27,,10:18:10,,,,,,nyse,2026-08-08T04:28:24,,,
NEW,NEW,2021-10-27,10:15:11,,LUDP,LULD pause,"Puxin Limited American Depositary Shares, each representing two Ordinary Shares",NYSE,2021-10-27,,10:20:16,,,,,,nyse,2026-08-08T04:28:24,,,
LAIX,LAIX,2021-10-27,10:18:01,,LUDP,LULD pause,LAIX Inc.,NYSE,2021-10-27,,10:23:03,,,,,,nyse,2026-08-08T04:28:24,,,
HUDI,HUDI,2021-10-27,10:18:43,,LUDP,LULD pause,"Huadi International Group Co., Ltd. Ordinary Shares",Nasdaq,2021-10-27,,10:23:43,,,,,,nyse,2026-08-08T04:28:24,,,
SYTA,SYTA,2021-10-27,10:44:53,,LUDP,LULD pause,"Siyata Mobile, Inc.",Nasdaq,2021-10-27,,10:49:53,,,,,,nyse,2026-08-08T04:28:24,,,
AGRI,AGRI,2021-10-27,10:52:05,,LUDP,LULD pause,AgriFORCE Growing Systems Ltd. Common Shares,Nasdaq,2021-10-27,,10:57:05,,,,,,nyse,2026-08-08T04:28:24,,,
TMTSU,TMTSU,2021-10-27,11:04:25,,LUDP,LULD pause,Spartacus Acquisition Corporation Unit,Nasdaq,2021-10-27,,11:09:25,,,,,,nyse,2026-08-08T04:28:24,,,
SYTA,SYTA,2021-10-27,11:06:42,,LUDP,LULD pause,"Siyata Mobile, Inc.",Nasdaq,2021-10-27,,11:11:42,,,,,,nyse,2026-08-08T04:28:24,,,
ICD,ICD,2021-10-27,11:06:49,,LUDP,LULD pause,"Independence Contract Drilling, Inc.",NYSE,2021-10-27,,11:11:54,,,,,,nyse,2026-08-08T04:28:24,,,
XTLB,XTLB,2021-10-27,11:44:20,,LUDP,LULD pause,XTL Biopharmaceuticals Ltd. American Depositary Shares,Nasdaq,2021-10-27,,11:49:20,,,,,,nyse,2026-08-08T04:28:24,,,
LEJU,LEJU,2021-10-27,11:46:26,,LUDP,LULD pause,Leju Holdings Limited,NYSE,2021-10-27,,11:55:07,,,,,,nyse,2026-08-08T04:28:24,,,
HUDI,HUDI,2021-10-27,13:46:16,,LUDP,LULD pause,"Huadi International Group Co., Ltd. Ordinary Shares",Nasdaq,2021-10-27,,13:51:16,,,,,,nyse,2026-08-08T04:28:24,,,
PTRAW,PTRAW,2021-10-27,16:05:00,,T1,News pending,Proterra Inc. Warrant,Nasdaq,,,,,,,,,nyse,2026-08-08T04:28:24,no_reanudo,,
OFSSH,OFSSH,2021-10-28,04:00:00,,T1,News pending,OFS Capital Corporation 4.95% Notes due 2028,Nasdaq,2021-10-28,,10:55:00,,,,,,nyse,2026-08-08T04:28:24,,,
LVOXU,LVOXU,2021-10-28,09:30:15,,LUDP,LULD pause,"LiveVox Holding, Inc. Unit",Nasdaq,2021-10-28,,09:35:15,,,,,,nyse,2026-08-08T04:28:24,,,
TRIT,TRIT,2021-10-28,09:31:19,,LUDP,LULD pause,"Triterras, Inc. Class A Ordinary Shares",Nasdaq,2021-10-28,,09:36:19,,,,,,nyse,2026-08-08T04:28:24,,,
HCWB,HCWB,2021-10-28,09:34:57,,LUDP,LULD pause,HCW Biologics Inc. Common Stock,Nasdaq,2021-10-28,,09:39:57,,,,,,nyse,2026-08-08T04:28:24,,,
TSVTV,TSVTV,2021-10-28,09:36:35,,LUDP,LULD pause,"2seventy bio, Inc. Common Stock When-Issued",Nasdaq,2021-10-28,,09:41:35,,,,,,nyse,2026-08-08T04:28:24,,,
LVOXU,LVOXU,2021-10-28,09:43:15,,LUDP,LULD pause,"LiveVox Holding, Inc. Unit",Nasdaq,2021-10-28,,09:48:15,,,,,,nyse,2026-08-08T04:28:24,,,
DBGI,DBGI,2021-10-28,09:47:05,,LUDP,LULD pause,"Digital Brands Group, Inc. Common Stock",Nasdaq,2021-10-28,,09:52:05,,,,,,nyse,2026-08-08T04:28:24,,,
DBGI,DBGI,2021-10-28,09:52:33,,LUDP,LULD pause,"Digital Brands Group, Inc. Common Stock",Nasdaq,2021-10-28,,09:57:33,,,,,,nyse,2026-08-08T04:28:24,,,
DBGI,DBGI,2021-10-28,09:58:18,,LUDP,LULD pause,"Digital Brands Group, Inc. Common Stock",Nasdaq,2021-10-28,,10:08:18,,,,,,nyse,2026-08-08T04:28:24,,,
IINN,IINN,2021-10-28,10:00:01,,LUDP,LULD pause,Inspira Technologies Oxy B.H.N. Ltd. Ordinary Shares,Nasdaq,2021-10-28,,10:05:01,,,,,,nyse,2026-08-08T04:28:24,,,
IINN,IINN,2021-10-28,10:05:28,,LUDP,LULD pause,Inspira Technologies Oxy B.H.N. Ltd. Ordinary Shares,Nasdaq,2021-10-28,,10:10:28,,,,,,nyse,2026-08-08T04:28:24,,,
IINN,IINN,2021-10-28,10:30:56,,LUDP,LULD pause,Inspira Technologies Oxy B.H.N. Ltd. Ordinary Shares,Nasdaq,2021-10-28,,10:35:56,,,,,,nyse,2026-08-08T04:28:24,,,
IINN,IINN,2021-10-28,10:58:24,,LUDP,LULD pause,Inspira Technologies Oxy B.H.N. Ltd. Ordinary Shares,Nasdaq,2021-10-28,,11:03:24,,,,,,nyse,2026-08-08T04:28:24,,,
AGRI,AGRI,2021-10-28,11:00:41,,LUDP,LULD pause,AgriFORCE Growing Systems Ltd. Common Shares,Nasdaq,2021-10-28,,11:05:41,,,,,,nyse,2026-08-08T04:28:24,,,
RFL,RFL,2021-10-28,13:54:28,,LUDP,LULD pause,"Rafael Holdings, Inc. Class B Common Stock",NYSE,2021-10-28,,14:00:08,,,,,,nyse,2026-08-08T04:28:24,,,
RFL,RFL,2021-10-28,14:07:37,,LUDP,LULD pause,"Rafael Holdings, Inc. Class B Common Stock",NYSE,2021-10-28,,14:12:42,,,,,,nyse,2026-08-08T04:28:24,,,
VRAR,VRAR,2021-10-28,14:55:31,,LUDP,LULD pause,"The Glimpse Group, Inc. Common Stock",Nasdaq,2021-10-28,,15:00:31,,,,,,nyse,2026-08-08T04:28:24,,,
MPACU,MPACU,2021-10-28,15:09:22,,LUDP,LULD pause,Model Performance Acquisition Corp. Units,Nasdaq,2021-10-28,,15:14:22,,,,,,nyse,2026-08-08T04:28:24,,,
MPAC,MPAC,2021-10-28,15:09:25,,LUDP,LULD pause,Model Performance Acquisition Corp. Class A Ordinary Share,Nasdaq,2021-10-28,,15:14:25,,,,,,nyse,2026-08-08T04:28:24,,,
MSON,MSON,2021-10-28,19:52:01,,T1,News pending,Misonix Inc,Nasdaq,,,,,,,,,nyse,2026-08-08T04:28:24,no_reanudo,,
MDLA,MDLA,2021-10-29,08:52:08,,UNKNOWN,Merger Effective,"Medallia, Inc.",NYSE,,,,,,,,,nyse,2026-08-08T04:28:24,no_reanudo,,
TSVTV,TSVTV,2021-10-29,09:30:21,,LUDP,LULD pause,"2seventy bio, Inc. Common Stock When-Issued",Nasdaq,2021-10-29,,09:35:21,,,,,,nyse,2026-08-08T04:28:24,,,
HUDI,HUDI,2021-10-29,09:30:38,,LUDP,LULD pause,"Huadi International Group Co., Ltd. Ordinary Shares",Nasdaq,2021-10-29,,09:35:38,,,,,,nyse,2026-08-08T04:28:24,,,
FISK,FISK,2021-10-29,09:32:54,,LUDP,LULD pause,"Empire State Realty OP, L.P. Series 250",NYSE Arca,2021-10-29,,09:37:54,,,,,,nyse,2026-08-08T04:28:24,,,
HVT.A,HVT A,2021-10-29,09:34:41,,LUDP,LULD pause,"Haverty Furniture Companies, Inc. Class A",NYSE,2021-10-29,,09:40:18,,,,,,nyse,2026-08-08T04:28:24,,,
HUDI,HUDI,2021-10-29,09:36:21,,LUDP,LULD pause,"Huadi International Group Co., Ltd. Ordinary Shares",Nasdaq,2021-10-29,,09:41:21,,,,,,nyse,2026-08-08T04:28:24,,,
HUDI,HUDI,2021-10-29,09:41:44,,LUDP,LULD pause,"Huadi International Group Co., Ltd. Ordinary Shares",Nasdaq,2021-10-29,,09:46:44,,,,,,nyse,2026-08-08T04:28:24,,,
HUDI,HUDI,2021-10-29,09:47:08,,LUDP,LULD pause,"Huadi International Group Co., Ltd. Ordinary Shares",Nasdaq,2021-10-29,,09:52:08,,,,,,nyse,2026-08-08T04:28:24,,,
HUDI,HUDI,2021-10-29,09:52:33,,LUDP,LULD pause,"Huadi International Group Co., Ltd. Ordinary Shares",Nasdaq,2021-10-29,,09:57:33,,,,,,nyse,2026-08-08T04:28:24,,,
HUDI,HUDI,2021-10-29,09:58:06,,LUDP,LULD pause,"Huadi International Group Co., Ltd. Ordinary Shares",Nasdaq,2021-10-29,,10:03:06,,,,,,nyse,2026-08-08T04:28:24,,,
HUDI,HUDI,2021-10-29,10:05:59,,LUDP,LULD pause,"Huadi International Group Co., Ltd. Ordinary Shares",Nasdaq,2021-10-29,,10:10:59,,,,,,nyse,2026-08-08T04:28:24,,,
ARAY,ARAY,2021-10-29,10:25:49,,LUDP,LULD pause,Accuray Incorporated,Nasdaq,2021-10-29,,10:30:49,,,,,,nyse,2026-08-08T04:28:24,,,
WHLRL,WHLRL,2021-10-29,11:26:28,,LUDP,LULD pause,"Wheeler Real Estate Investment Trust, Inc. 7.00% Senior Subordinated Convertible Notes Due 2031",Nasdaq,2021-10-29,,11:31:28,,,,,,nyse,2026-08-08T04:28:24,,,
BNNR,BNNR,2021-10-29,11:40:20,,LUDP,LULD pause,Banner Acquisition Corp. Class A Common Stock,Nasdaq,2021-10-29,,12:10:21,,,,,,nyse,2026-08-08T04:28:24,,,
AIRS,AIRS,2021-10-29,11:42:26,,LUDP,LULD pause,"AirSculpt Technologies, Inc. Common Stock",Nasdaq,2021-10-29,,11:47:26,,,,,,nyse,2026-08-08T04:28:24,,,
AIRS,AIRS,2021-10-29,11:48:05,,LUDP,LULD pause,"AirSculpt Technologies, Inc. Common Stock",Nasdaq,2021-10-29,,11:53:05,,,,,,nyse,2026-08-08T04:28:24,,,
OGCP,OGCP,2021-10-29,13:30:56,,LUDP,LULD pause,"Empire State Realty OP, L.P. Series 60",NYSE Arca,2021-10-29,,13:35:56,,,,,,nyse,2026-08-08T04:28:24,,,
BTBT,BTBT,2021-10-29,15:55:17,,LUDP,LULD pause,"Bit Digital, Inc. Ordinary Shares",Nasdaq,2021-10-29,,16:00:00,,,,,,nyse,2026-08-08T04:28:24,,,
CLDB,CLDB,2021-10-29,19:50:11,,T1,News pending,CORTLAND BNCP CRTLD OHIO,Nasdaq,,,,,,,,,nyse,2026-08-08T04:28:24,no_reanudo,,
SKE,SKE,2021-11-01,03:51:26,,UNKNOWN,New Security Offering,Skeena Resources Limited,NYSE,2021-11-01,,09:37:38,,,,,,nyse,2026-08-08T04:28:24,,,
ABVC,ABVC,2021-11-01,09:31:44,,LUDP,LULD pause,"ABVC BioPharma, Inc. Common Stock",Nasdaq,2021-11-01,,09:36:44,,,,,,nyse,2026-08-08T04:28:24,,,
XOG,XOG,2021-11-01,09:32:05,,T1,News pending,"Extraction Oil & Gas, Inc. Common Stock",Nasdaq,,,,,,,,,nyse,2026-08-08T04:28:24,no_reanudo,,
TSVTV,TSVTV,2021-11-01,09:33:36,,LUDP,LULD pause,"2seventy bio, Inc. Common Stock When-Issued",Nasdaq,2021-11-01,,09:38:36,,,,,,nyse,2026-08-08T04:28:24,,,
CPOP,CPOP,2021-11-01,09:40:45,,LUDP,LULD pause,"Pop Culture Group Co., Ltd Class A Ordinary Shares",Nasdaq,2021-11-01,,09:45:45,,,,,,nyse,2026-08-08T04:28:24,,,
BKKT,BKKT,2021-11-01,09:45:34,,LUDP,LULD pause,"Bakkt Holdings, Inc.",NYSE,2021-11-01,,09:50:43,,,,,,nyse,2026-08-08T04:28:24,,,
INKT,INKT,2021-11-01,09:48:47,,LUDP,LULD pause,"MiNK Therapeutics, Inc. Common Stock",Nasdaq,2021-11-01,,09:53:47,,,,,,nyse,2026-08-08T04:28:24,,,
SJ,SJ,2021-11-01,10:07:03,,LUDP,LULD pause,Scienjoy Holding Corporation Ordinary Shares,Nasdaq,2021-11-01,,10:12:03,,,,,,nyse,2026-08-08T04:28:24,,,
BTTX,BTTX,2021-11-01,10:12:59,,LUDP,LULD pause,"Better Therapeutics, Inc. Common Stock",Nasdaq,2021-11-01,,10:17:59,,,,,,nyse,2026-08-08T04:28:24,,,
FUE,FUE,2021-11-01,10:17:24,,LUDP,LULD pause,ELEMENTS Linked to the ICE BofAML Commodity Index eXtra Biofuels Total Return,NYSE Arca,2021-11-01,,10:22:24,,,,,,nyse,2026-08-08T04:28:24,,,
BTTX,BTTX,2021-11-01,10:18:28,,LUDP,LULD pause,"Better Therapeutics, Inc. Common Stock",Nasdaq,2021-11-01,,10:23:28,,,,,,nyse,2026-08-08T04:28:24,,,
BTTX,BTTX,2021-11-01,11:38:21,,LUDP,LULD pause,"Better Therapeutics, Inc. Common Stock",Nasdaq,2021-11-01,,11:43:21,,,,,,nyse,2026-08-08T04:28:24,,,
WHLRL,WHLRL,2021-11-01,12:34:46,,LUDP,LULD pause,"Wheeler Real Estate Investment Trust, Inc. 7.00% Senior Subordinated Convertible Notes Due 2031",Nasdaq,2021-11-01,,12:49:47,,,,,,nyse,2026-08-08T04:28:24,,,
BTTX,BTTX,2021-11-01,12:58:13,,LUDP,LULD pause,"Better Therapeutics, Inc. Common Stock",Nasdaq,2021-11-01,,13:03:13,,,,,,nyse,2026-08-08T04:28:24,,,
MRAI,MRAI,2021-11-01,13:41:16,,LUDP,LULD pause,"Marpai, Inc. Class A Common Stock",Nasdaq,2021-11-01,,13:46:16,,,,,,nyse,2026-08-08T04:28:24,,,
BTTX,BTTX,2021-11-01,14:12:47,,LUDP,LULD pause,"Better Therapeutics, Inc. Common Stock",Nasdaq,2021-11-01,,14:17:47,,,,,,nyse,2026-08-08T04:28:24,,,
ARMP,ARMP,2021-11-01,14:21:57,,LUDP,LULD pause,"Armata Pharmaceuticals, Inc. Common Stock",NYSE American,2021-11-01,,14:31:57,,,,,,nyse,2026-08-08T04:28:24,,,
ARMP,ARMP,2021-11-01,14:33:39,,LUDP,LULD pause,"Armata Pharmaceuticals, Inc. Common Stock",NYSE American,2021-11-01,,14:38:39,,,,,,nyse,2026-08-08T04:28:24,,,
FGF,FGF,2021-11-01,15:27:14,,LUDP,LULD pause,"FG Financial Group, Inc. Common Stock",Nasdaq,2021-11-01,,15:32:14,,,,,,nyse,2026-08-08T04:28:24,,,
CLNN,CLNN,2021-11-02,06:55:00,,T1,News pending,Clene Inc. Common Stock,Nasdaq,2021-11-02,,07:30:00,,,,,,nyse,2026-08-08T04:28:24,,,
CLNNW,CLNNW,2021-11-02,06:55:00,,T1,News pending,Clene Inc. Warrant,Nasdaq,2021-11-02,,07:32:00,,,,,,nyse,2026-08-08T04:28:24,,,
TSVTV,TSVTV,2021-11-02,09:30:20,,LUDP,LULD pause,"2seventy bio, Inc. Common Stock When-Issued",Nasdaq,2021-11-02,,09:35:20,,,,,,nyse,2026-08-08T04:28:24,,,
OLB,OLB,2021-11-02,09:31:35,,LUDP,LULD pause,"The OLB Group, Inc. Common Stock",Nasdaq,2021-11-02,,09:36:35,,,,,,nyse,2026-08-08T04:28:24,,,
SBEA,SBEA,2021-11-02,09:32:03,,LUDP,LULD pause,SilverBox Engaged Merger Corp I Class A Common Stock,Nasdaq,2021-11-02,,09:37:03,,,,,,nyse,2026-08-08T04:28:24,,,
CLNN,CLNN,2021-11-02,09:32:24,,LUDP,LULD pause,Clene Inc. Common Stock,Nasdaq,2021-11-02,,09:37:24,,,,,,nyse,2026-08-08T04:28:24,,,
BTCR,BTCR,2021-11-02,09:32:43,,LUDP,LULD pause,Volt Crypto Industry Revolution and Tech ETF,NYSE Arca,2021-11-02,,09:37:43,,,,,,nyse,2026-08-08T04:28:24,,,
TPBA,TPBA,2021-11-02,09:37:45,,LUDP,LULD pause,TPB Acquisition Corporation I Class A Ordinary Share,Nasdaq,2021-11-02,,09:48:43,,,,,,nyse,2026-08-08T04:28:24,,,
TPBA,TPBA,2021-11-02,09:49:18,,LUDP,LULD pause,TPB Acquisition Corporation I Class A Ordinary Share,Nasdaq,2021-11-02,,09:54:18,,,,,,nyse,2026-08-08T04:28:24,,,
CAR,CAR,2021-11-02,09:53:58,,LUDP,LULD pause,"Avis Budget Group, Inc.",Nasdaq,2021-11-02,,09:58:58,,,,,,nyse,2026-08-08T04:28:24,,,
OLB,OLB,2021-11-02,09:56:20,,LUDP,LULD pause,"The OLB Group, Inc. Common Stock",Nasdaq,2021-11-02,,10:01:20,,,,,,nyse,2026-08-08T04:28:24,,,
CAR,CAR,2021-11-02,10:03:35,,LUDP,LULD pause,"Avis Budget Group, Inc.",Nasdaq,2021-11-02,,10:08:35,,,,,,nyse,2026-08-08T04:28:24,,,
XELB,XELB,2021-11-02,10:07:49,,LUDP,LULD pause,XCEL BRANDS INC.,Nasdaq,2021-11-02,,10:12:49,,,,,,nyse,2026-08-08T04:28:24,,,
CAR,CAR,2021-11-02,10:10:09,,LUDP,LULD pause,"Avis Budget Group, Inc.",Nasdaq,2021-11-02,,10:15:09,,,,,,nyse,2026-08-08T04:28:24,,,
HYRE,HYRE,2021-11-02,10:13:50,,LUDP,LULD pause,HyreCar Inc. Common Stock,Nasdaq,2021-11-02,,10:18:50,,,,,,nyse,2026-08-08T04:28:24,,,
CAR,CAR,2021-11-02,10:17:00,,LUDP,LULD pause,"Avis Budget Group, Inc.",Nasdaq,2021-11-02,,10:22:00,,,,,,nyse,2026-08-08T04:28:24,,,
AUTO,AUTO,2021-11-02,10:20:10,,LUDP,LULD pause,"AutoWeb, Inc. Common Stock",Nasdaq,2021-11-02,,10:25:10,,,,,,nyse,2026-08-08T04:28:24,,,
CAR,CAR,2021-11-02,10:22:38,,LUDP,LULD pause,"Avis Budget Group, Inc.",Nasdaq,2021-11-02,,10:27:38,,,,,,nyse,2026-08-08T04:28:24,,,
HYRE,HYRE,2021-11-02,10:23:14,,LUDP,LULD pause,HyreCar Inc. Common Stock,Nasdaq,2021-11-02,,10:28:14,,,,,,nyse,2026-08-08T04:28:24,,,
D,D,2021-11-02,10:27:30,,T1,News pending,"Dominion Energy, Inc Common Stock",NYSE,2021-11-02,,11:18:44,,,,,,nyse,2026-08-08T04:28:24,,,
CAR,CAR,2021-11-02,10:32:37,,LUDP,LULD pause,"Avis Budget Group, Inc.",Nasdaq,2021-11-02,,10:37:37,,,,,,nyse,2026-08-08T04:28:24,,,
OTMO,OTMO,2021-11-02,10:43:35,,LUDP,LULD pause,Otonomo Technologies Ltd. Ordinary shares,Nasdaq,2021-11-02,,10:48:35,,,,,,nyse,2026-08-08T04:28:24,,,
CAR,CAR,2021-11-02,10:45:12,,LUDP,LULD pause,"Avis Budget Group, Inc.",Nasdaq,2021-11-02,,10:50:12,,,,,,nyse,2026-08-08T04:28:24,,,
CAR,CAR,2021-11-02,10:52:39,,LUDP,LULD pause,"Avis Budget Group, Inc.",Nasdaq,2021-11-02,,10:57:39,,,,,,nyse,2026-08-08T04:28:24,,,
CAR,CAR,2021-11-02,10:58:52,,LUDP,LULD pause,"Avis Budget Group, Inc.",Nasdaq,2021-11-02,,11:03:52,,,,,,nyse,2026-08-08T04:28:24,,,
CAR,CAR,2021-11-02,11:04:33,,LUDP,LULD pause,"Avis Budget Group, Inc.",Nasdaq,2021-11-02,,11:09:33,,,,,,nyse,2026-08-08T04:28:24,,,
CAR,CAR,2021-11-02,11:10:06,,LUDP,LULD pause,"Avis Budget Group, Inc.",Nasdaq,2021-11-02,,11:15:06,,,,,,nyse,2026-08-08T04:28:24,,,
NETE,NETE,2021-11-02,11:43:01,,LUDP,LULD pause,"Net Element, Inc.",Nasdaq,2021-11-02,,11:48:01,,,,,,nyse,2026-08-08T04:28:24,,,
BGI,BGI,2021-11-02,11:54:23,,LUDP,LULD pause,Birks Group Inc,NYSE American,2021-11-02,,12:04:23,,,,,,nyse,2026-08-08T04:28:24,,,
BGI,BGI,2021-11-02,12:05:05,,LUDP,LULD pause,Birks Group Inc,NYSE American,2021-11-02,,12:15:05,,,,,,nyse,2026-08-08T04:28:24,,,
CYN,CYN,2021-11-02,13:26:22,,LUDP,LULD pause,Cyngn Inc. Common Stock,Nasdaq,2021-11-02,,13:31:22,,,,,,nyse,2026-08-08T04:28:24,,,
NTRB,NTRB,2021-11-02,14:55:03,,LUDP,LULD pause,Nutriband Inc. Common Stock,Nasdaq,2021-11-02,,15:05:03,,,,,,nyse,2026-08-08T04:28:24,,,
LYLTV,LYLTV,2021-11-02,15:23:57,,LUDP,LULD pause,Loyalty Ventures Inc. Common Stock When Issued,Nasdaq,2021-11-02,,15:28:57,,,,,,nyse,2026-08-08T04:28:24,,,
UONEK,UONEK,2021-11-03,09:30:25,,LUDP,LULD pause,"Urban One, Inc. Class D Common Stock",Nasdaq,2021-11-03,,09:35:25,,,,,,nyse,2026-08-08T04:28:24,,,
TSVTV,TSVTV,2021-11-03,09:30:50,,LUDP,LULD pause,"2seventy bio, Inc. Common Stock When-Issued",Nasdaq,2021-11-03,,09:35:50,,,,,,nyse,2026-08-08T04:28:24,,,
NCACU,NCACU,2021-11-03,09:33:19,,LUDP,LULD pause,Newcourt Acquisition Corp Unit,Nasdaq,2021-11-03,,09:38:19,,,,,,nyse,2026-08-08T04:28:24,,,
HUDI,HUDI,2021-11-03,09:39:48,,LUDP,LULD pause,"Huadi International Group Co., Ltd. Ordinary Shares",Nasdaq,2021-11-03,,09:44:48,,,,,,nyse,2026-08-08T04:28:24,,,
FGF,FGF,2021-11-03,09:39:57,,LUDP,LULD pause,"FG Financial Group, Inc. Common Stock",Nasdaq,2021-11-03,,09:44:57,,,,,,nyse,2026-08-08T04:28:24,,,
HUDI,HUDI,2021-11-03,09:46:33,,LUDP,LULD pause,"Huadi International Group Co., Ltd. Ordinary Shares",Nasdaq,2021-11-03,,09:51:33,,,,,,nyse,2026-08-08T04:28:24,,,
DRMA,DRMA,2021-11-03,09:52:38,,LUDP,LULD pause,"Dermata Therapeutics, Inc. Common Stock",Nasdaq,2021-11-03,,09:57:38,,,,,,nyse,2026-08-08T04:28:24,,,
FATBB,FATBB,2021-11-03,11:13:48,,LUDP,LULD pause,FAT Brands Inc. Class B Common Stock,Nasdaq,2021-11-03,,11:18:48,,,,,,nyse,2026-08-08T04:28:24,,,
FATBB,FATBB,2021-11-03,11:39:02,,LUDP,LULD pause,FAT Brands Inc. Class B Common Stock,Nasdaq,2021-11-03,,11:44:02,,,,,,nyse,2026-08-08T04:28:24,,,
FATBB,FATBB,2021-11-03,11:45:14,,LUDP,LULD pause,FAT Brands Inc. Class B Common Stock,Nasdaq,2021-11-03,,11:55:14,,,,,,nyse,2026-08-08T04:28:24,,,
FATBB,FATBB,2021-11-03,11:55:42,,LUDP,LULD pause,FAT Brands Inc. Class B Common Stock,Nasdaq,2021-11-03,,12:05:42,,,,,,nyse,2026-08-08T04:28:24,,,
FATBB,FATBB,2021-11-03,12:06:45,,LUDP,LULD pause,FAT Brands Inc. Class B Common Stock,Nasdaq,2021-11-03,,12:17:02,,,,,,nyse,2026-08-08T04:28:24,,,
FATBB,FATBB,2021-11-03,12:18:01,,LUDP,LULD pause,FAT Brands Inc. Class B Common Stock,Nasdaq,2021-11-03,,12:28:01,,,,,,nyse,2026-08-08T04:28:24,,,
FATBB,FATBB,2021-11-03,12:35:36,,LUDP,LULD pause,FAT Brands Inc. Class B Common Stock,Nasdaq,2021-11-03,,12:40:36,,,,,,nyse,2026-08-08T04:28:24,,,
FATBB,FATBB,2021-11-03,12:42:22,,LUDP,LULD pause,FAT Brands Inc. Class B Common Stock,Nasdaq,2021-11-03,,12:47:22,,,,,,nyse,2026-08-08T04:28:24,,,
FATBB,FATBB,2021-11-03,12:48:28,,LUDP,LULD pause,FAT Brands Inc. Class B Common Stock,Nasdaq,2021-11-03,,12:53:28,,,,,,nyse,2026-08-08T04:28:24,,,
FATBB,FATBB,2021-11-03,13:02:52,,LUDP,LULD pause,FAT Brands Inc. Class B Common Stock,Nasdaq,2021-11-03,,13:07:52,,,,,,nyse,2026-08-08T04:28:24,,,
FATBB,FATBB,2021-11-03,13:11:38,,LUDP,LULD pause,FAT Brands Inc. Class B Common Stock,Nasdaq,2021-11-03,,13:16:38,,,,,,nyse,2026-08-08T04:28:24,,,
FATBB,FATBB,2021-11-03,13:24:45,,LUDP,LULD pause,FAT Brands Inc. Class B Common Stock,Nasdaq,2021-11-03,,13:29:45,,,,,,nyse,2026-08-08T04:28:24,,,
FATBB,FATBB,2021-11-03,13:30:42,,LUDP,LULD pause,FAT Brands Inc. Class B Common Stock,Nasdaq,2021-11-03,,13:35:42,,,,,,nyse,2026-08-08T04:28:24,,,
FATBB,FATBB,2021-11-03,13:42:02,,LUDP,LULD pause,FAT Brands Inc. Class B Common Stock,Nasdaq,2021-11-03,,13:47:02,,,,,,nyse,2026-08-08T04:28:24,,,
FATBB,FATBB,2021-11-03,13:54:59,,LUDP,LULD pause,FAT Brands Inc. Class B Common Stock,Nasdaq,2021-11-03,,13:59:59,,,,,,nyse,2026-08-08T04:28:24,,,
FATBB,FATBB,2021-11-03,14:21:42,,LUDP,LULD pause,FAT Brands Inc. Class B Common Stock,Nasdaq,2021-11-03,,14:26:42,,,,,,nyse,2026-08-08T04:28:24,,,
FATBB,FATBB,2021-11-03,14:55:59,,LUDP,LULD pause,FAT Brands Inc. Class B Common Stock,Nasdaq,2021-11-03,,15:00:59,,,,,,nyse,2026-08-08T04:28:24,,,
TSVTV,TSVTV,2021-11-03,15:15:46,,LUDP,LULD pause,"2seventy bio, Inc. Common Stock When-Issued",Nasdaq,2021-11-03,,15:20:46,,,,,,nyse,2026-08-08T04:28:24,,,
COLD,COLD,2021-11-03,15:36:45,,T1,News pending,Americold Realty Trust,NYSE,2021-11-03,,16:16:24,,,,,,nyse,2026-08-08T04:28:24,,,
EVAX,EVAX,2021-11-03,15:53:01,,LUDP,LULD pause,Evaxion Biotech A/S American Depositary Share,Nasdaq,2021-11-03,,16:00:00,,,,,,nyse,2026-08-08T04:28:24,,,
SKINW,SKINW,2021-11-03,16:05:00,,T1,News pending,The Beauty Health Company Warrant expiring 5/4/2026,Nasdaq,,,,,,,,,nyse,2026-08-08T04:28:24,no_reanudo,,
SWBK.U,SWBK U,2021-11-04,03:58:25,,UNKNOWN,Merger Effective,"Switchback II Corporation Units, each consisting of one Class A ordinary share and one fifth of one",NYSE,,,,,,,,,nyse,2026-08-08T04:28:24,no_reanudo,,
PTRS,PTRS,2021-11-04,06:55:05,,T1,News pending,Partners Bancorp Common Stock,Nasdaq,2021-11-04,,07:35:00,,,,,,nyse,2026-08-08T04:28:24,,,
LEVL,LEVL,2021-11-04,08:25:05,,T1,News pending,"Level One Bancorp, Inc. Common Stock",Nasdaq,2021-11-04,,09:00:00,,,,,,nyse,2026-08-08T04:28:24,,,
LEVLP,LEVLP,2021-11-04,08:25:05,,T1,News pending,"Level One Bancorp, Inc. Depositary Shares, Each Representing a 1/100th Interest in a Share of 7.50%",Nasdaq,2021-11-04,,09:00:00,,,,,,nyse,2026-08-08T04:28:24,,,
SAVA,SAVA,2021-11-04,09:25:16,,T1,News pending,"Cassava Sciences, Inc.",Nasdaq,2021-11-04,,10:00:00,,,,,,nyse,2026-08-08T04:28:24,,,
EVAX,EVAX,2021-11-04,09:31:16,,LUDP,LULD pause,Evaxion Biotech A/S American Depositary Share,Nasdaq,2021-11-04,,09:36:16,,,,,,nyse,2026-08-08T04:28:24,,,
XRTX,XRTX,2021-11-04,09:31:38,,LUDP,LULD pause,XORTX Therapeutics Inc. Common Stock,Nasdaq,2021-11-04,,09:36:38,,,,,,nyse,2026-08-08T04:28:24,,,
TSVTV,TSVTV,2021-11-04,09:31:44,,LUDP,LULD pause,"2seventy bio, Inc. Common Stock When-Issued",Nasdaq,2021-11-04,,09:56:44,,,,,,nyse,2026-08-08T04:28:24,,,
FATBB,FATBB,2021-11-04,09:33:23,,LUDP,LULD pause,FAT Brands Inc. Class B Common Stock,Nasdaq,2021-11-04,,09:43:23,,,,,,nyse,2026-08-08T04:28:24,,,
XRTX,XRTX,2021-11-04,09:37:22,,LUDP,LULD pause,XORTX Therapeutics Inc. Common Stock,Nasdaq,2021-11-04,,09:42:22,,,,,,nyse,2026-08-08T04:28:24,,,
EVAX,EVAX,2021-11-04,09:37:27,,LUDP,LULD pause,Evaxion Biotech A/S American Depositary Share,Nasdaq,2021-11-04,,09:47:27,,,,,,nyse,2026-08-08T04:28:24,,,
FATBB,FATBB,2021-11-04,09:43:50,,LUDP,LULD pause,FAT Brands Inc. Class B Common Stock,Nasdaq,2021-11-04,,09:48:50,,,,,,nyse,2026-08-08T04:28:24,,,
FATBB,FATBB,2021-11-04,09:49:21,,LUDP,LULD pause,FAT Brands Inc. Class B Common Stock,Nasdaq,2021-11-04,,09:54:21,,,,,,nyse,2026-08-08T04:28:24,,,
FATBB,FATBB,2021-11-04,09:54:41,,LUDP,LULD pause,FAT Brands Inc. Class B Common Stock,Nasdaq,2021-11-04,,10:04:41,,,,,,nyse,2026-08-08T04:28:24,,,
SAVA,SAVA,2021-11-04,10:01:05,,LUDP,LULD pause,"Cassava Sciences, Inc.",Nasdaq,2021-11-04,,10:06:05,,,,,,nyse,2026-08-08T04:28:24,,,
FATBB,FATBB,2021-11-04,10:05:15,,LUDP,LULD pause,FAT Brands Inc. Class B Common Stock,Nasdaq,2021-11-04,,10:10:15,,,,,,nyse,2026-08-08T04:28:24,,,
SAVA,SAVA,2021-11-04,10:06:50,,LUDP,LULD pause,"Cassava Sciences, Inc.",Nasdaq,2021-11-04,,10:11:50,,,,,,nyse,2026-08-08T04:28:24,,,
TSVTV,TSVTV,2021-11-04,10:06:59,,LUDP,LULD pause,"2seventy bio, Inc. Common Stock When-Issued",Nasdaq,2021-11-04,,10:11:59,,,,,,nyse,2026-08-08T04:28:24,,,
FATBB,FATBB,2021-11-04,10:11:24,,LUDP,LULD pause,FAT Brands Inc. Class B Common Stock,Nasdaq,2021-11-04,,10:16:24,,,,,,nyse,2026-08-08T04:28:24,,,
LYLTV,LYLTV,2021-11-04,10:12:33,,LUDP,LULD pause,Loyalty Ventures Inc. Common Stock When Issued,Nasdaq,2021-11-04,,10:47:33,,,,,,nyse,2026-08-08T04:28:24,,,
TSVTV,TSVTV,2021-11-04,10:13:57,,LUDP,LULD pause,"2seventy bio, Inc. Common Stock When-Issued",Nasdaq,2021-11-04,,11:02:36,,,,,,nyse,2026-08-08T04:28:24,,,
SAVA,SAVA,2021-11-04,10:15:16,,LUDP,LULD pause,"Cassava Sciences, Inc.",Nasdaq,2021-11-04,,10:25:16,,,,,,nyse,2026-08-08T04:28:24,,,
FATBB,FATBB,2021-11-04,10:16:41,,LUDP,LULD pause,FAT Brands Inc. Class B Common Stock,Nasdaq,2021-11-04,,10:26:41,,,,,,nyse,2026-08-08T04:28:24,,,
FATBB,FATBB,2021-11-04,10:27:12,,LUDP,LULD pause,FAT Brands Inc. Class B Common Stock,Nasdaq,2021-11-04,,10:32:12,,,,,,nyse,2026-08-08T04:28:24,,,
FATBB,FATBB,2021-11-04,10:38:54,,LUDP,LULD pause,FAT Brands Inc. Class B Common Stock,Nasdaq,2021-11-04,,10:43:54,,,,,,nyse,2026-08-08T04:28:24,,,
LYLTV,LYLTV,2021-11-04,10:47:48,,LUDP,LULD pause,Loyalty Ventures Inc. Common Stock When Issued,Nasdaq,2021-11-04,,10:52:48,,,,,,nyse,2026-08-08T04:28:24,,,
LYLTV,LYLTV,2021-11-04,10:53:03,,LUDP,LULD pause,Loyalty Ventures Inc. Common Stock When Issued,Nasdaq,2021-11-04,,10:58:03,,,,,,nyse,2026-08-08T04:28:24,,,
TSVTV,TSVTV,2021-11-04,11:03:10,,LUDP,LULD pause,"2seventy bio, Inc. Common Stock When-Issued",Nasdaq,2021-11-04,,12:04:47,,,,,,nyse,2026-08-08T04:28:24,,,
LYLTV,LYLTV,2021-11-04,11:07:17,,LUDP,LULD pause,Loyalty Ventures Inc. Common Stock When Issued,Nasdaq,2021-11-04,,11:12:17,,,,,,nyse,2026-08-08T04:28:24,,,
LYLTV,LYLTV,2021-11-04,11:20:32,,LUDP,LULD pause,Loyalty Ventures Inc. Common Stock When Issued,Nasdaq,2021-11-04,,11:30:32,,,,,,nyse,2026-08-08T04:28:24,,,
FATBB,FATBB,2021-11-04,11:23:29,,LUDP,LULD pause,FAT Brands Inc. Class B Common Stock,Nasdaq,2021-11-04,,11:28:29,,,,,,nyse,2026-08-08T04:28:24,,,
TKC,TKC,2021-11-04,11:28:09,,T1,News pending,TURKCELL ILETISIM HIZMETLERI A.S. ADS,NYSE,2021-11-04,,11:52:33,,,,,,nyse,2026-08-08T04:28:24,,,
LYLTV,LYLTV,2021-11-04,11:33:48,,LUDP,LULD pause,Loyalty Ventures Inc. Common Stock When Issued,Nasdaq,2021-11-04,,11:43:48,,,,,,nyse,2026-08-08T04:28:24,,,
NRDS,NRDS,2021-11-04,11:35:49,,LUDP,LULD pause,"NerdWallet, Inc. Class A Common Stock",Nasdaq,2021-11-04,,11:45:49,,,,,,nyse,2026-08-08T04:28:24,,,
LYLTV,LYLTV,2021-11-04,11:55:15,,LUDP,LULD pause,Loyalty Ventures Inc. Common Stock When Issued,Nasdaq,2021-11-04,,12:05:15,,,,,,nyse,2026-08-08T04:28:24,,,
NRDS,NRDS,2021-11-04,11:56:54,,LUDP,LULD pause,"NerdWallet, Inc. Class A Common Stock",Nasdaq,2021-11-04,,12:01:54,,,,,,nyse,2026-08-08T04:28:24,,,
XRTX,XRTX,2021-11-04,11:59:54,,LUDP,LULD pause,XORTX Therapeutics Inc. Common Stock,Nasdaq,2021-11-04,,12:04:54,,,,,,nyse,2026-08-08T04:28:24,,,
NRDS,NRDS,2021-11-04,12:02:35,,LUDP,LULD pause,"NerdWallet, Inc. Class A Common Stock",Nasdaq,2021-11-04,,12:07:35,,,,,,nyse,2026-08-08T04:28:24,,,
TSVTV,TSVTV,2021-11-04,12:07:04,,LUDP,LULD pause,"2seventy bio, Inc. Common Stock When-Issued",Nasdaq,2021-11-04,,12:17:20,,,,,,nyse,2026-08-08T04:28:24,,,
LYLTV,LYLTV,2021-11-04,12:09:01,,LUDP,LULD pause,Loyalty Ventures Inc. Common Stock When Issued,Nasdaq,2021-11-04,,12:24:26,,,,,,nyse,2026-08-08T04:28:24,,,
TSVTV,TSVTV,2021-11-04,12:24:17,,LUDP,LULD pause,"2seventy bio, Inc. Common Stock When-Issued",Nasdaq,2021-11-04,,12:34:17,,,,,,nyse,2026-08-08T04:28:24,,,
LYLTV,LYLTV,2021-11-04,12:27:45,,LUDP,LULD pause,Loyalty Ventures Inc. Common Stock When Issued,Nasdaq,2021-11-04,,12:43:30,,,,,,nyse,2026-08-08T04:28:24,,,
TSVTV,TSVTV,2021-11-04,12:52:28,,LUDP,LULD pause,"2seventy bio, Inc. Common Stock When-Issued",Nasdaq,2021-11-04,,13:02:28,,,,,,nyse,2026-08-08T04:28:24,,,
PHGE.U,PHGE U,2021-11-04,13:05:25,,LUDP,LULD pause,BiomX Inc. Units each consisting of one share of common stock and one Warrant entitling the holder t,NYSE American,2021-11-04,,13:10:25,,,,,,nyse,2026-08-08T04:28:24,,,
VLON,VLON,2021-11-04,13:18:12,,LUDP,LULD pause,Vallon Pharmaceuticals Inc. Common Stock,Nasdaq,2021-11-04,,13:23:12,,,,,,nyse,2026-08-08T04:28:24,,,
CRXT,CRXT,2021-11-04,13:22:15,,LUDP,LULD pause,"Clarus Therapeutics Holdings, Inc. Common Stock",Nasdaq,2021-11-04,,13:27:15,,,,,,nyse,2026-08-08T04:28:24,,,
TSVTV,TSVTV,2021-11-04,13:53:41,,LUDP,LULD pause,"2seventy bio, Inc. Common Stock When-Issued",Nasdaq,2021-11-04,,13:58:41,,,,,,nyse,2026-08-08T04:28:24,,,
RDBX,RDBX,2021-11-04,15:11:51,,LUDP,LULD pause,Redbox Entertainment Inc. Class A Common Stock,Nasdaq,2021-11-04,,15:16:51,,,,,,nyse,2026-08-08T04:28:24,,,
PHGE.U,PHGE U,2021-11-04,15:48:38,,LUDP,LULD pause,BiomX Inc. Units each consisting of one share of common stock and one Warrant entitling the holder t,NYSE American,2021-11-04,,16:04:07,,,,,,nyse,2026-08-08T04:28:24,,,
TWNKW,TWNKW,2021-11-04,16:05:00,,T1,News pending,"Hostess Brands, Inc. Warrants",Nasdaq,,,,,,,,,nyse,2026-08-08T04:28:24,no_reanudo,,
NRXP,NRXP,2021-11-04,18:01:20,,T1,News pending,"NRX Pharmaceuticals, Inc. Common Stock",Nasdaq,2021-11-04,,18:40:00,,,,,,nyse,2026-08-08T04:28:24,,,
NRXPW,NRXPW,2021-11-04,18:01:20,,T1,News pending,"NRX Pharmaceuticals, Inc. Warrant",Nasdaq,2021-11-04,,18:40:00,,,,,,nyse,2026-08-08T04:28:24,,,
QADA,QADA,2021-11-04,19:48:00,,T1,News pending,QAD Inc.,Nasdaq,,,,,,,,,nyse,2026-08-08T04:28:24,no_reanudo,,
QADB,QADB,2021-11-04,19:48:00,,T1,News pending,QAD Inc. Class B,Nasdaq,,,,,,,,,nyse,2026-08-08T04:28:24,no_reanudo,,
DCPH,DCPH,2021-11-05,06:55:07,,T1,News pending,"Deciphera Pharmaceuticals, Inc. Common Stock",Nasdaq,2021-11-05,,07:30:00,,,,,,nyse,2026-08-08T04:28:24,,,
FATBB,FATBB,2021-11-05,09:30:30,,LUDP,LULD pause,FAT Brands Inc. Class B Common Stock,Nasdaq,2021-11-05,,09:35:30,,,,,,nyse,2026-08-08T04:28:24,,,
RKTA.U,RKTA U,2021-11-05,09:30:35,,LUDP,LULD pause,"Rocket Internet Growth Opportunities Corp. Units, each consisting of one Class A ordinary share and",NYSE,2021-11-05,,09:35:35,,,,,,nyse,2026-08-08T04:28:24,,,
DSEY,DSEY,2021-11-05,09:31:46,,LUDP,LULD pause,"Diversey Holdings, Ltd. Ordinary Shares",Nasdaq,2021-11-05,,09:36:46,,,,,,nyse,2026-08-08T04:28:24,,,
MULN,MULN,2021-11-05,09:32:06,,LUDP,LULD pause,"Mullen Automotive, Inc. Common Stock",Nasdaq,2021-11-05,,09:42:06,,,,,,nyse,2026-08-08T04:28:24,,,
MARB,MARB,2021-11-05,09:32:34,,LUDP,LULD pause,First Trust Merger Arbitrage ETF,NYSE Arca,2021-11-05,,09:37:34,,,,,,nyse,2026-08-08T04:28:24,,,
PMTS,PMTS,2021-11-05,09:35:20,,LUDP,LULD pause,CPI Card Group Inc. Common Stock,Nasdaq,2021-11-05,,09:40:20,,,,,,nyse,2026-08-08T04:28:24,,,
FATBB,FATBB,2021-11-05,09:36:15,,LUDP,LULD pause,FAT Brands Inc. Class B Common Stock,Nasdaq,2021-11-05,,09:41:15,,,,,,nyse,2026-08-08T04:28:24,,,
LYLTV,LYLTV,2021-11-05,09:38:21,,LUDP,LULD pause,Loyalty Ventures Inc. Common Stock When Issued,Nasdaq,2021-11-05,,09:43:21,,,,,,nyse,2026-08-08T04:28:24,,,
PMTS,PMTS,2021-11-05,09:52:03,,LUDP,LULD pause,CPI Card Group Inc. Common Stock,Nasdaq,2021-11-05,,09:57:03,,,,,,nyse,2026-08-08T04:28:24,,,
MYNZ,MYNZ,2021-11-05,10:06:53,,LUDP,LULD pause,Mainz Biomed B.V. Ordinary Shares,Nasdaq,2021-11-05,,10:26:54,,,,,,nyse,2026-08-08T04:28:24,,,
FATBB,FATBB,2021-11-05,10:14:41,,LUDP,LULD pause,FAT Brands Inc. Class B Common Stock,Nasdaq,2021-11-05,,10:19:41,,,,,,nyse,2026-08-08T04:28:24,,,
MYNZ,MYNZ,2021-11-05,10:28:19,,LUDP,LULD pause,Mainz Biomed B.V. Ordinary Shares,Nasdaq,2021-11-05,,10:33:19,,,,,,nyse,2026-08-08T04:28:24,,,
MYNZ,MYNZ,2021-11-05,10:57:11,,LUDP,LULD pause,Mainz Biomed B.V. Ordinary Shares,Nasdaq,2021-11-05,,11:02:11,,,,,,nyse,2026-08-08T04:28:24,,,
PETZ,PETZ,2021-11-05,11:40:08,,LUDP,LULD pause,"TDH Holdings, Inc. Common Shares",Nasdaq,2021-11-05,,11:45:08,,,,,,nyse,2026-08-08T04:28:24,,,
SIM,SIM,2021-11-05,12:12:59,,LUDP,LULD pause,"Groupo Simec, S.A.B de C.V.",NYSE American,2021-11-05,,12:17:59,,,,,,nyse,2026-08-08T04:28:24,,,
PETZ,PETZ,2021-11-05,12:57:33,,LUDP,LULD pause,"TDH Holdings, Inc. Common Shares",Nasdaq,2021-11-05,,13:02:33,,,,,,nyse,2026-08-08T04:28:24,,,
PETZ,PETZ,2021-11-05,13:06:37,,LUDP,LULD pause,"TDH Holdings, Inc. Common Shares",Nasdaq,2021-11-05,,13:11:37,,,,,,nyse,2026-08-08T04:28:24,,,
MCFE,MCFE,2021-11-05,15:19:52,,LUDP,LULD pause,McAfee Corp. Class A Common Stock,Nasdaq,2021-11-05,,15:30:16,,,,,,nyse,2026-08-08T04:28:24,,,
MRIN,MRIN,2021-11-05,15:35:42,,LUDP,LULD pause,MARIN SOFTWARE INCORPORATED,Nasdaq,2021-11-05,,15:40:42,,,,,,nyse,2026-08-08T04:28:24,,,
MYNZ,MYNZ,2021-11-05,15:52:43,,LUDP,LULD pause,Mainz Biomed B.V. Ordinary Shares,Nasdaq,2021-11-05,,16:00:00,,,,,,nyse,2026-08-08T04:28:24,,,
BIOT,BIOT,2021-11-08,07:55:06,,T1,News pending,Biotech Acquisition Company Class A Ordinary Shares,Nasdaq,2021-11-08,,08:30:00,,,,,,nyse,2026-08-08T04:28:24,,,
BIOTU,BIOTU,2021-11-08,07:55:06,,T1,News pending,Biotech Acquisition Company Unit,Nasdaq,2021-11-08,,08:30:00,,,,,,nyse,2026-08-08T04:28:24,,,
BIOTW,BIOTW,2021-11-08,07:55:06,,T1,News pending,Biotech Acquisition Company Warrant,Nasdaq,2021-11-08,,08:30:00,,,,,,nyse,2026-08-08T04:28:24,,,
ZIXI,ZIXI,2021-11-08,08:10:00,,T1,News pending,Zix Corporation,Nasdaq,2021-11-08,,09:00:00,,,,,,nyse,2026-08-08T04:28:24,,,
MCFE,MCFE,2021-11-08,08:25:09,,T1,News pending,McAfee Corp. Class A Common Stock,Nasdaq,2021-11-08,,09:10:00,,,,,,nyse,2026-08-08T04:28:24,,,
ABTX,ABTX,2021-11-08,08:55:34,,T1,News pending,"Allegiance Bancshares, Inc.",Nasdaq,2021-11-08,,09:50:00,,,,,,nyse,2026-08-08T04:28:24,,,
CBTX,CBTX,2021-11-08,08:55:34,,T1,News pending,"CBTX, Inc. Common Stock",Nasdaq,2021-11-08,,09:50:00,,,,,,nyse,2026-08-08T04:28:24,,,
SVSVU,SVSVU,2021-11-08,09:30:43,,LUDP,LULD pause,Spring Valley Acquisition Corp. Unit,Nasdaq,2021-11-08,,09:35:43,,,,,,nyse,2026-08-08T04:28:24,,,
EHTH,EHTH,2021-11-08,09:32:52,,LUDP,LULD pause,"eHealth, Inc.",Nasdaq,2021-11-08,,09:42:52,,,,,,nyse,2026-08-08T04:28:24,,,
LYLT,LYLT,2021-11-08,09:34:23,,LUDP,LULD pause,Loyalty Ventures Inc. Common Stock,Nasdaq,2021-11-08,,09:39:23,,,,,,nyse,2026-08-08T04:28:24,,,
CNEY,CNEY,2021-11-08,09:36:14,,LUDP,LULD pause,CN Energy Group Inc. Ordinary Shares,Nasdaq,2021-11-08,,09:46:14,,,,,,nyse,2026-08-08T04:28:24,,,
PPSI,PPSI,2021-11-08,09:38:32,,LUDP,LULD pause,"Pioneer Power Solutions, Inc.",Nasdaq,2021-11-08,,09:43:32,,,,,,nyse,2026-08-08T04:28:24,,,
RPHM,RPHM,2021-11-08,09:44:50,,LUDP,LULD pause,"Reneo Pharmaceuticals, Inc. Common Stock",Nasdaq,2021-11-08,,09:54:50,,,,,,nyse,2026-08-08T04:28:24,,,
FATBB,FATBB,2021-11-08,09:45:57,,LUDP,LULD pause,FAT Brands Inc. Class B Common Stock,Nasdaq,2021-11-08,,09:50:57,,,,,,nyse,2026-08-08T04:28:24,,,
CNEY,CNEY,2021-11-08,09:48:07,,LUDP,LULD pause,CN Energy Group Inc. Ordinary Shares,Nasdaq,2021-11-08,,09:53:07,,,,,,nyse,2026-08-08T04:28:24,,,
KIND,KIND,2021-11-08,09:52:24,,LUDP,LULD pause,"Nextdoor Holdings, Inc.",NYSE,2021-11-08,,09:57:42,,,,,,nyse,2026-08-08T04:28:24,,,
CNEY,CNEY,2021-11-08,09:54:13,,LUDP,LULD pause,CN Energy Group Inc. Ordinary Shares,Nasdaq,2021-11-08,,09:59:13,,,,,,nyse,2026-08-08T04:28:24,,,
KIND,KIND,2021-11-08,09:58:44,,LUDP,LULD pause,"Nextdoor Holdings, Inc.",NYSE,2021-11-08,,10:03:53,,,,,,nyse,2026-08-08T04:28:24,,,
KIND,KIND,2021-11-08,10:04:28,,LUDP,LULD pause,"Nextdoor Holdings, Inc.",NYSE,2021-11-08,,10:09:45,,,,,,nyse,2026-08-08T04:28:24,,,
LYLT,LYLT,2021-11-08,10:54:32,,LUDP,LULD pause,Loyalty Ventures Inc. Common Stock,Nasdaq,2021-11-08,,10:59:32,,,,,,nyse,2026-08-08T04:28:24,,,
ARBE,ARBE,2021-11-08,11:37:45,,LUDP,LULD pause,Arbe Robotics Ltd. Ordinary Shares,Nasdaq,2021-11-08,,11:42:45,,,,,,nyse,2026-08-08T04:28:24,,,
ARBE,ARBE,2021-11-08,11:43:11,,LUDP,LULD pause,Arbe Robotics Ltd. Ordinary Shares,Nasdaq,2021-11-08,,11:48:11,,,,,,nyse,2026-08-08T04:28:24,,,
TPGY.U,TPGY U,2021-11-08,12:58:04,,LUDP,LULD pause,"TPG Pace Beneficial Finance Corp. Units, each consisting of one Class A ordinary share and one-fifth",NYSE,2021-11-08,,13:03:04,,,,,,nyse,2026-08-08T04:28:24,,,
PPSI,PPSI,2021-11-08,13:09:49,,LUDP,LULD pause,"Pioneer Power Solutions, Inc.",Nasdaq,2021-11-08,,13:14:49,,,,,,nyse,2026-08-08T04:28:24,,,
PPSI,PPSI,2021-11-08,13:15:45,,LUDP,LULD pause,"Pioneer Power Solutions, Inc.",Nasdaq,2021-11-08,,13:20:45,,,,,,nyse,2026-08-08T04:28:24,,,
PETZ,PETZ,2021-11-08,14:11:45,,LUDP,LULD pause,"TDH Holdings, Inc. Common Shares",Nasdaq,2021-11-08,,14:16:45,,,,,,nyse,2026-08-08T04:28:24,,,
PETZ,PETZ,2021-11-08,14:17:08,,LUDP,LULD pause,"TDH Holdings, Inc. Common Shares",Nasdaq,2021-11-08,,14:22:08,,,,,,nyse,2026-08-08T04:28:24,,,
LVOXU,LVOXU,2021-11-08,14:25:33,,LUDP,LULD pause,"LiveVox Holding, Inc. Unit",Nasdaq,2021-11-08,,14:35:42,,,,,,nyse,2026-08-08T04:28:24,,,
LVOXU,LVOXU,2021-11-08,14:43:00,,LUDP,LULD pause,"LiveVox Holding, Inc. Unit",Nasdaq,2021-11-08,,14:48:00,,,,,,nyse,2026-08-08T04:28:24,,,
PETZ,PETZ,2021-11-08,14:53:41,,LUDP,LULD pause,"TDH Holdings, Inc. Common Shares",Nasdaq,2021-11-08,,14:58:41,,,,,,nyse,2026-08-08T04:28:24,,,
PPSI,PPSI,2021-11-08,15:43:25,,LUDP,LULD pause,"Pioneer Power Solutions, Inc.",Nasdaq,2021-11-08,,15:48:25,,,,,,nyse,2026-08-08T04:28:24,,,
KDMN,KDMN,2021-11-08,19:50:04,,T1,News pending,"Kadmon Holdings, Inc.",Nasdaq,,,,,,,,,nyse,2026-08-08T04:28:24,no_reanudo,,
TCAC,TCAC,2021-11-09,06:55:04,,T1,News pending,Tuatara Capital Acquisition Corporation Class A Ordinary Shares,Nasdaq,2021-11-09,,07:30:00,,,,,,nyse,2026-08-08T04:28:24,,,
TCACU,TCACU,2021-11-09,06:55:04,,T1,News pending,Tuatara Capital Acquisition Corporation Unit,Nasdaq,2021-11-09,,07:30:00,,,,,,nyse,2026-08-08T04:28:24,,,
TCACW,TCACW,2021-11-09,06:55:04,,T1,News pending,Tuatara Capital Acquisition Corporation Warrant,Nasdaq,2021-11-09,,07:30:00,,,,,,nyse,2026-08-08T04:28:24,,,
BHVN,BHVN,2021-11-09,07:23:55,,T1,News pending,Biohaven Pharmaceutical Holding Company Ltd.,NYSE,2021-11-09,,08:00:04,,,,,,nyse,2026-08-08T04:28:24,,,
GFED,GFED,2021-11-09,09:15:08,,T1,News pending,Guaranty Federal Bancshares In,Nasdaq,2021-11-09,,09:50:00,,,,,,nyse,2026-08-08T04:28:24,,,
SURG,SURG,2021-11-09,09:30:45,,LUDP,LULD pause,"SurgePays, Inc. Common Stock",Nasdaq,2021-11-09,,09:35:45,,,,,,nyse,2026-08-08T04:28:24,,,
OSH,OSH,2021-11-09,09:33:05,,LUDP,LULD pause,"Oak Street Health, Inc.",NYSE,2021-11-09,,09:38:05,,,,,,nyse,2026-08-08T04:28:24,,,
PETV,PETV,2021-11-09,09:42:04,,LUDP,LULD pause,"PetVivo Holdings, Inc. Common Stock",Nasdaq,2021-11-09,,09:47:04,,,,,,nyse,2026-08-08T04:28:24,,,
QUBT,QUBT,2021-11-09,09:47:22,,LUDP,LULD pause,Quantum Computing Inc. Common,Nasdaq,2021-11-09,,09:52:22,,,,,,nyse,2026-08-08T04:28:24,,,
PETZ,PETZ,2021-11-09,10:25:11,,LUDP,LULD pause,"TDH Holdings, Inc. Common Shares",Nasdaq,2021-11-09,,10:30:11,,,,,,nyse,2026-08-08T04:28:24,,,
WIL,WIL,2021-11-09,10:26:44,,LUDP,LULD pause,iPath Women in Leadership ETN,Cboe BZX,2021-11-09,,10:31:44,,,,,,nyse,2026-08-08T04:28:24,,,
PPSI,PPSI,2021-11-09,10:27:57,,LUDP,LULD pause,"Pioneer Power Solutions, Inc.",Nasdaq,2021-11-09,,10:32:57,,,,,,nyse,2026-08-08T04:28:24,,,
HIVE,HIVE,2021-11-09,10:43:43,,T1,News pending,Hive Blockchain Technologies Ltd. Common Shares,Nasdaq,2021-11-09,,11:45:00,,,,,,nyse,2026-08-08T04:28:24,,,
SOPA,SOPA,2021-11-09,11:28:36,,LUDP,LULD pause,Society Pass Incorporated Common Stock,Nasdaq,2021-11-09,,11:47:55,,,,,,nyse,2026-08-08T04:28:24,,,
SOPA,SOPA,2021-11-09,11:48:18,,LUDP,LULD pause,Society Pass Incorporated Common Stock,Nasdaq,2021-11-09,,11:58:18,,,,,,nyse,2026-08-08T04:28:24,,,
SOPA,SOPA,2021-11-09,11:58:36,,LUDP,LULD pause,Society Pass Incorporated Common Stock,Nasdaq,2021-11-09,,12:08:36,,,,,,nyse,2026-08-08T04:28:24,,,
SOPA,SOPA,2021-11-09,12:09:06,,LUDP,LULD pause,Society Pass Incorporated Common Stock,Nasdaq,2021-11-09,,12:14:06,,,,,,nyse,2026-08-08T04:28:24,,,
SOPA,SOPA,2021-11-09,12:14:23,,LUDP,LULD pause,Society Pass Incorporated Common Stock,Nasdaq,2021-11-09,,12:24:24,,,,,,nyse,2026-08-08T04:28:24,,,
SOPA,SOPA,2021-11-09,12:25:04,,LUDP,LULD pause,Society Pass Incorporated Common Stock,Nasdaq,2021-11-09,,12:30:04,,,,,,nyse,2026-08-08T04:28:24,,,
SOPA,SOPA,2021-11-09,12:30:23,,LUDP,LULD pause,Society Pass Incorporated Common Stock,Nasdaq,2021-11-09,,12:40:24,,,,,,nyse,2026-08-08T04:28:24,,,
SOPA,SOPA,2021-11-09,12:41:11,,LUDP,LULD pause,Society Pass Incorporated Common Stock,Nasdaq,2021-11-09,,12:46:11,,,,,,nyse,2026-08-08T04:28:24,,,
SOPA,SOPA,2021-11-09,12:47:28,,LUDP,LULD pause,Society Pass Incorporated Common Stock,Nasdaq,2021-11-09,,12:57:28,,,,,,nyse,2026-08-08T04:28:24,,,
SOPA,SOPA,2021-11-09,12:57:52,,LUDP,LULD pause,Society Pass Incorporated Common Stock,Nasdaq,2021-11-09,,13:02:52,,,,,,nyse,2026-08-08T04:28:24,,,
SOPA,SOPA,2021-11-09,13:03:09,,LUDP,LULD pause,Society Pass Incorporated Common Stock,Nasdaq,2021-11-09,,13:13:09,,,,,,nyse,2026-08-08T04:28:24,,,
SOPA,SOPA,2021-11-09,15:27:54,,LUDP,LULD pause,Society Pass Incorporated Common Stock,Nasdaq,2021-11-09,,15:37:54,,,,,,nyse,2026-08-08T04:28:24,,,
SOPA,SOPA,2021-11-09,15:38:12,,LUDP,LULD pause,Society Pass Incorporated Common Stock,Nasdaq,2021-11-09,,15:43:12,,,,,,nyse,2026-08-08T04:28:24,,,
LGND,LGND,2021-11-09,16:00:11,,T1,News pending,Ligand Pharmaceuticals Inc.,Nasdaq,2021-11-09,,16:30:00,,,,,,nyse,2026-08-08T04:28:24,,,
VTAQ,VTAQ,2021-11-10,06:55:16,,T1,News pending,Ventoux CCM Acquisition Corp. Common Stock,Nasdaq,2021-11-10,,07:30:00,,,,,,nyse,2026-08-08T04:28:24,,,
VTAQR,VTAQR,2021-11-10,06:55:16,,T1,News pending,Ventoux CCM Acquisition Corp. Right,Nasdaq,2021-11-10,,07:30:00,,,,,,nyse,2026-08-08T04:28:24,,,
VTAQU,VTAQU,2021-11-10,06:55:16,,T1,News pending,Ventoux CCM Acquisition Corp. Unit,Nasdaq,2021-11-10,,07:30:00,,,,,,nyse,2026-08-08T04:28:24,,,
VTAQW,VTAQW,2021-11-10,06:55:16,,T1,News pending,Ventoux CCM Acquisition Corp. Warrant,Nasdaq,2021-11-10,,07:30:00,,,,,,nyse,2026-08-08T04:28:24,,,
SOS,SOS,2021-11-10,07:40:33,,T1,News pending,SOS Limited,NYSE,2021-11-10,,09:10:11,,,,,,nyse,2026-08-08T04:28:24,,,
RRR,RRR,2021-11-10,09:10:19,,T1,News pending,"Red Rock Resorts, Inc. Class A Common Stock",Nasdaq,2021-11-10,,09:50:00,,,,,,nyse,2026-08-08T04:28:24,,,
SOPA,SOPA,2021-11-10,09:30:30,,LUDP,LULD pause,Society Pass Incorporated Common Stock,Nasdaq,2021-11-10,,09:35:30,,,,,,nyse,2026-08-08T04:28:24,,,
GOCO,GOCO,2021-11-10,09:35:37,,LUDP,LULD pause,"GoHealth, Inc. Class A Common Stock",Nasdaq,2021-11-10,,09:40:37,,,,,,nyse,2026-08-08T04:28:24,,,
SOPA,SOPA,2021-11-10,09:35:51,,LUDP,LULD pause,Society Pass Incorporated Common Stock,Nasdaq,2021-11-10,,09:40:51,,,,,,nyse,2026-08-08T04:28:24,,,
SOPA,SOPA,2021-11-10,09:43:59,,LUDP,LULD pause,Society Pass Incorporated Common Stock,Nasdaq,2021-11-10,,09:53:59,,,,,,nyse,2026-08-08T04:28:24,,,
SOPA,SOPA,2021-11-10,10:12:27,,LUDP,LULD pause,Society Pass Incorporated Common Stock,Nasdaq,2021-11-10,,10:22:27,,,,,,nyse,2026-08-08T04:28:24,,,
SOPA,SOPA,2021-11-10,10:35:08,,LUDP,LULD pause,Society Pass Incorporated Common Stock,Nasdaq,2021-11-10,,10:45:08,,,,,,nyse,2026-08-08T04:28:24,,,
RNXT,RNXT,2021-11-10,10:41:42,,LUDP,LULD pause,"RenovoRx, Inc. Common Stock",Nasdaq,2021-11-10,,10:46:42,,,,,,nyse,2026-08-08T04:28:24,,,
SOPA,SOPA,2021-11-10,10:52:16,,LUDP,LULD pause,Society Pass Incorporated Common Stock,Nasdaq,2021-11-10,,10:57:16,,,,,,nyse,2026-08-08T04:28:24,,,
CINT,CINT,2021-11-10,11:05:19,,LUDP,LULD pause,CI&T Inc,NYSE,2021-11-10,,11:10:22,,,,,,nyse,2026-08-08T04:28:24,,,
BLBX,BLBX,2021-11-10,11:27:58,,LUDP,LULD pause,Blackboxstocks Inc. Common Stock,Nasdaq,2021-11-10,,11:32:58,,,,,,nyse,2026-08-08T04:28:24,,,
RNXT,RNXT,2021-11-10,13:01:41,,LUDP,LULD pause,"RenovoRx, Inc. Common Stock",Nasdaq,2021-11-10,,13:06:41,,,,,,nyse,2026-08-08T04:28:24,,,
GHRS,GHRS,2021-11-11,09:32:28,,LUDP,LULD pause,GH Research PLC Ordinary Shares,Nasdaq,2021-11-11,,09:37:28,,,,,,nyse,2026-08-08T04:28:24,,,
BSFC,BSFC,2021-11-11,09:33:40,,LUDP,LULD pause,Blue Star Foods Corp. Common Stock,Nasdaq,2021-11-11,,09:38:40,,,,,,nyse,2026-08-08T04:28:24,,,
PCTTU,PCTTU,2021-11-11,09:34:00,,LUDP,LULD pause,"PureCycle Technologies, Inc. Unit",Nasdaq,2021-11-11,,09:49:00,,,,,,nyse,2026-08-08T04:28:24,,,
PSFE,PSFE,2021-11-11,09:40:36,,LUDP,LULD pause,Paysafe Limited,NYSE,2021-11-11,,09:45:39,,,,,,nyse,2026-08-08T04:28:24,,,
PCTTU,PCTTU,2021-11-11,09:50:12,,LUDP,LULD pause,"PureCycle Technologies, Inc. Unit",Nasdaq,2021-11-11,,09:55:12,,,,,,nyse,2026-08-08T04:28:24,,,
PIK,PIK,2021-11-11,10:47:50,,LUDP,LULD pause,Kidpik Corp. Common Stock,Nasdaq,2021-11-11,,10:52:50,,,,,,nyse,2026-08-08T04:28:24,,,
NUZE,NUZE,2021-11-11,11:03:24,,LUDP,LULD pause,"NuZee, Inc. Common Stock",Nasdaq,2021-11-11,,11:14:14,,,,,,nyse,2026-08-08T04:28:24,,,
NUZE,NUZE,2021-11-11,11:15:01,,LUDP,LULD pause,"NuZee, Inc. Common Stock",Nasdaq,2021-11-11,,11:25:01,,,,,,nyse,2026-08-08T04:28:24,,,
NUZE,NUZE,2021-11-11,11:25:21,,LUDP,LULD pause,"NuZee, Inc. Common Stock",Nasdaq,2021-11-11,,11:30:21,,,,,,nyse,2026-08-08T04:28:24,,,
TIVC,TIVC,2021-11-11,11:27:37,,LUDP,LULD pause,"Tivic Health Systems, Inc. Common Stock",Nasdaq,2021-11-11,,11:32:37,,,,,,nyse,2026-08-08T04:28:24,,,
NUZE,NUZE,2021-11-11,11:36:09,,LUDP,LULD pause,"NuZee, Inc. Common Stock",Nasdaq,2021-11-11,,11:41:09,,,,,,nyse,2026-08-08T04:28:24,,,
VAXX,VAXX,2021-11-11,11:52:39,,LUDP,LULD pause,"Vaxxinity, Inc. Class A Common Stock",Nasdaq,2021-11-11,,12:02:40,,,,,,nyse,2026-08-08T04:28:24,,,
VAXX,VAXX,2021-11-11,12:05:04,,LUDP,LULD pause,"Vaxxinity, Inc. Class A Common Stock",Nasdaq,2021-11-11,,12:10:04,,,,,,nyse,2026-08-08T04:28:24,,,
USCB,USCB,2021-11-11,15:52:51,,LUDP,LULD pause,U.S. Century Bank Class A Common Stock,Nasdaq,2021-11-11,,16:00:00,,,,,,nyse,2026-08-08T04:28:24,,,
XONE,XONE,2021-11-11,19:52:01,,T1,News pending,The ExOne Company,Nasdaq,,,,,,,,,nyse,2026-08-08T04:28:24,reanudo,2022-09-14,
FTCVU,FTCVU,2021-11-12,09:30:20,,LUDP,LULD pause,FinTech Acquisition Corp. V Unit,Nasdaq,2021-11-12,,09:35:20,,,,,,nyse,2026-08-08T04:28:24,,,
TISI,TISI,2021-11-12,10:57:21,,T1,News pending,"Team, Inc.",NYSE,2021-11-12,,11:38:27,,,,,,nyse,2026-08-08T04:28:24,,,
WNW,WNW,2021-11-12,11:55:18,,LUDP,LULD pause,Wunong Net Technology Company Limited Ordinary Shares,Nasdaq,2021-11-12,,12:05:34,,,,,,nyse,2026-08-08T04:28:24,,,
WNW,WNW,2021-11-12,12:05:59,,LUDP,LULD pause,Wunong Net Technology Company Limited Ordinary Shares,Nasdaq,2021-11-12,,12:10:59,,,,,,nyse,2026-08-08T04:28:24,,,
WNW,WNW,2021-11-12,12:11:40,,LUDP,LULD pause,Wunong Net Technology Company Limited Ordinary Shares,Nasdaq,2021-11-12,,12:16:40,,,,,,nyse,2026-08-08T04:28:24,,,
WNW,WNW,2021-11-12,12:18:44,,LUDP,LULD pause,Wunong Net Technology Company Limited Ordinary Shares,Nasdaq,2021-11-12,,12:23:44,,,,,,nyse,2026-08-08T04:28:24,,,
LOCC,LOCC,2021-11-15,03:50:39,,UNKNOWN,New Security Offering,Live Oak Crestview Climate Acquisition Corp.,NYSE,2021-11-15,,09:38:09,,,,,,nyse,2026-08-08T04:28:24,,,
LOCC.WS,LOCC WS,2021-11-15,03:50:39,,UNKNOWN,New Security Offering,"Live Oak Crestview Climate Acquisition Corp. Warrants, exercisable for one share of Class A common s",NYSE,2021-11-15,,09:39:33,,,,,,nyse,2026-08-08T04:28:24,,,
DGHI,DGHI,2021-11-15,04:00:00,,T1,News pending,Digihost Technology Inc. Subordinate Voting Shares,Nasdaq,2021-11-15,,09:45:00,,,,,,nyse,2026-08-08T04:28:24,,,
DTY,DTY,2021-11-15,08:45:23,,T1,News pending,DTE Energy Company 2016 Series F 6.00% Junior Subordinated Debentures due 2076,NYSE,2021-11-15,,09:12:16,,,,,,nyse,2026-08-08T04:28:24,,,
APTMU,APTMU,2021-11-15,09:30:25,,LUDP,LULD pause,Alpha Partners Technology Merger Corp. Unit,Nasdaq,2021-11-15,,09:35:25,,,,,,nyse,2026-08-08T04:28:24,,,
PNBK,PNBK,2021-11-15,09:30:37,,LUDP,LULD pause,Patriot National Bancorp Inc,Nasdaq,2021-11-15,,09:54:41,,,,,,nyse,2026-08-08T04:28:24,,,
APTMU,APTMU,2021-11-15,09:35:43,,LUDP,LULD pause,Alpha Partners Technology Merger Corp. Unit,Nasdaq,2021-11-15,,09:40:43,,,,,,nyse,2026-08-08T04:28:24,,,
MRSK,MRSK,2021-11-15,09:39:40,,LUDP,LULD pause,Toews Agility Shares Managed Risk ETF,Cboe BZX,2021-11-15,,09:44:40,,,,,,nyse,2026-08-08T04:28:24,,,
SSNT,SSNT,2021-11-15,09:46:39,,LUDP,LULD pause,"SilverSun Technologies, Inc. Common Stock",Nasdaq,2021-11-15,,09:56:39,,,,,,nyse,2026-08-08T04:28:24,,,
SSNT,SSNT,2021-11-15,10:10:45,,LUDP,LULD pause,"SilverSun Technologies, Inc. Common Stock",Nasdaq,2021-11-15,,10:15:45,,,,,,nyse,2026-08-08T04:28:24,,,
SYTA,SYTA,2021-11-15,11:19:31,,LUDP,LULD pause,"Siyata Mobile, Inc.",Nasdaq,2021-11-15,,11:29:32,,,,,,nyse,2026-08-08T04:28:24,,,
TRT,TRT,2021-11-15,11:25:53,,T1,News pending,Trio-Tech International,NYSE American,2021-11-15,,12:05:00,,,,,,nyse,2026-08-08T04:28:24,,,
SYTA,SYTA,2021-11-15,11:30:02,,LUDP,LULD pause,"Siyata Mobile, Inc.",Nasdaq,2021-11-15,,11:35:02,,,,,,nyse,2026-08-08T04:28:24,,,
VOYA,VOYA,2021-11-15,12:39:44,,T1,News pending,"VOYA FINANCIAL, INC.",NYSE,2021-11-15,,13:01:54,,,,,,nyse,2026-08-08T04:28:24,,,
VOYA.PRB,VOYA PRB,2021-11-15,12:39:44,,T1,News pending,"Voya Financial, Inc. Depositary Shares, each representing a 1/40th interest in a share of 5.35% Fixe",NYSE,2021-11-15,,13:02:25,,,,,,nyse,2026-08-08T04:28:24,,,
NUVA,NUVA,2021-11-15,12:52:10,,LUDP,LULD pause,"NuVasive, Inc.",Nasdaq,2021-11-15,,12:57:10,,,,,,nyse,2026-08-08T04:28:24,,,
PCTTU,PCTTU,2021-11-15,12:55:05,,LUDP,LULD pause,"PureCycle Technologies, Inc. Unit",Nasdaq,2021-11-15,,13:00:05,,,,,,nyse,2026-08-08T04:28:24,,,
BBLG,BBLG,2021-11-15,12:56:21,,LUDP,LULD pause,Bone Biologics Corp Common Stock,Nasdaq,2021-11-15,,13:25:26,,,,,,nyse,2026-08-08T04:28:24,,,
ABVC,ABVC,2021-11-15,13:18:55,,LUDP,LULD pause,"ABVC BioPharma, Inc. Common Stock",Nasdaq,2021-11-15,,13:23:55,,,,,,nyse,2026-08-08T04:28:24,,,
BBLG,BBLG,2021-11-15,13:25:54,,LUDP,LULD pause,Bone Biologics Corp Common Stock,Nasdaq,2021-11-15,,13:35:54,,,,,,nyse,2026-08-08T04:28:24,,,
PFXNZ,PFXNZ,2021-11-16,04:00:00,,T1,News pending,PhenixFIN Corporation 5.25% Notes due 2028,Nasdaq,2021-11-16,,09:45:00,,,,,,nyse,2026-08-08T04:28:24,,,
LCTD,LCTD,2021-11-16,10:03:15,,LUDP,LULD pause,BlackRock World ex U.S. Carbon Transition Readiness ETF,NYSE Arca,2021-11-16,,10:08:15,,,,,,nyse,2026-08-08T04:28:24,,,
SOPA,SOPA,2021-11-16,10:18:14,,LUDP,LULD pause,Society Pass Incorporated Common Stock,Nasdaq,2021-11-16,,10:23:14,,,,,,nyse,2026-08-08T04:28:24,,,
BBLG,BBLG,2021-11-16,11:57:45,,LUDP,LULD pause,Bone Biologics Corp Common Stock,Nasdaq,2021-11-16,,12:12:46,,,,,,nyse,2026-08-08T04:28:24,,,
BBLG,BBLG,2021-11-16,12:13:07,,LUDP,LULD pause,Bone Biologics Corp Common Stock,Nasdaq,2021-11-16,,12:18:07,,,,,,nyse,2026-08-08T04:28:24,,,
KUKE,KUKE,2021-11-16,13:24:00,,LUDP,LULD pause,"Kuke Music Holding Limited American Depositary Shares, each representing one Ordinary Share",NYSE,2021-11-16,,13:29:11,,,,,,nyse,2026-08-08T04:28:24,,,
RDW,RDW,2021-11-16,14:00:31,,LUDP,LULD pause,Redwire Corporation,NYSE,2021-11-16,,14:05:42,,,,,,nyse,2026-08-08T04:28:24,,,
AVIR,AVIR,2021-11-16,16:25:15,,T1,News pending,"Atea Pharmaceuticals, Inc. Common Stock",Nasdaq,2021-11-16,,17:00:00,,,,,,nyse,2026-08-08T04:28:24,,,
TRIL,TRIL,2021-11-16,19:52:00,,T1,News pending,Trillium Therapeutics Inc.,Nasdaq,,,,,,,,,nyse,2026-08-08T04:28:24,no_reanudo,,
KZR,KZR,2021-11-17,09:38:28,,LUDP,LULD pause,"Kezar Life Sciences, Inc. Common Stock",Nasdaq,2021-11-17,,09:43:28,,,,,,nyse,2026-08-08T04:28:24,,,
BLZE,BLZE,2021-11-17,09:49:21,,LUDP,LULD pause,"Backblaze, Inc. Class A Common Stock",Nasdaq,2021-11-17,,09:54:21,,,,,,nyse,2026-08-08T04:28:24,,,
SBEV,SBEV,2021-11-17,10:27:38,,T1,News pending,"Splash Beverage Group, Inc.",NYSE American,2021-11-17,,11:05:00,,,,,,nyse,2026-08-08T04:28:24,,,
SBEV.WS,SBEV WS,2021-11-17,10:27:38,,T1,News pending,"Splash Beverage Group, Inc. Warrants to purchase one whole share of Common Stock at an exercise pric",NYSE American,2021-11-17,,11:05:18,,,,,,nyse,2026-08-08T04:28:24,,,
SEV,SEV,2021-11-17,10:28:00,,LUDP,LULD pause,Sono Group N.V. Common Shares,Nasdaq,2021-11-17,,10:33:00,,,,,,nyse,2026-08-08T04:28:24,,,
SEV,SEV,2021-11-17,10:34:14,,LUDP,LULD pause,Sono Group N.V. Common Shares,Nasdaq,2021-11-17,,10:39:14,,,,,,nyse,2026-08-08T04:28:24,,,
SEV,SEV,2021-11-17,10:40:45,,LUDP,LULD pause,Sono Group N.V. Common Shares,Nasdaq,2021-11-17,,10:45:45,,,,,,nyse,2026-08-08T04:28:24,,,
SEV,SEV,2021-11-17,10:46:50,,LUDP,LULD pause,Sono Group N.V. Common Shares,Nasdaq,2021-11-17,,10:51:50,,,,,,nyse,2026-08-08T04:28:24,,,
HMTV,HMTV,2021-11-17,14:36:59,,LUDP,LULD pause,"Hemisphere Media Group, Inc.",Nasdaq,2021-11-17,,14:46:59,,,,,,nyse,2026-08-08T04:28:24,,,
CLOEU,CLOEU,2021-11-17,15:27:38,,LUDP,LULD pause,Clover Leaf Capital Corp. Unit,Nasdaq,2021-11-17,,15:32:38,,,,,,nyse,2026-08-08T04:28:24,,,
DRNA,DRNA,2021-11-18,06:55:05,,T1,News pending,"Dicerna Pharmaceuticals, Inc.",Nasdaq,2021-11-18,,07:30:00,,,,,,nyse,2026-08-08T04:28:24,,,
EOPS,EOPS,2021-11-18,09:30:15,,LUDP,LULD pause,Emles Alpha Opportunities ETF,Cboe BZX,2021-11-18,,09:35:15,,,,,,nyse,2026-08-08T04:28:24,,,
LGVN,LGVN,2021-11-18,10:15:49,,LUDP,LULD pause,Longeveron Inc. Common Stock,Nasdaq,2021-11-18,,10:20:49,,,,,,nyse,2026-08-08T04:28:24,,,
BBLG,BBLG,2021-11-18,12:06:01,,LUDP,LULD pause,Bone Biologics Corp Common Stock,Nasdaq,2021-11-18,,12:17:42,,,,,,nyse,2026-08-08T04:28:24,,,
DPW,DPW,2021-11-18,12:34:27,,T1,News pending,"Ault Global Holdings, Inc.",NYSE American,2021-11-18,,13:05:00,,,,,,nyse,2026-08-08T04:28:24,,,
LGVN,LGVN,2021-11-18,14:42:42,,LUDP,LULD pause,Longeveron Inc. Common Stock,Nasdaq,2021-11-18,,14:47:42,,,,,,nyse,2026-08-08T04:28:24,,,
GYRO,GYRO,2021-11-18,14:51:49,,LUDP,LULD pause,"Gyrodyne, LLC Common Stock",Nasdaq,2021-11-18,,14:56:49,,,,,,nyse,2026-08-08T04:28:24,,,
FLXN,FLXN,2021-11-18,19:50:08,,T1,News pending,"Flexion Therapeutics, Inc.",Nasdaq,,,,,,,,,nyse,2026-08-08T04:28:24,no_reanudo,,
STXB,STXB,2021-11-19,07:55:08,,T1,News pending,"Spirit of Texas Bancshares, Inc. Common Stock",Nasdaq,2021-11-19,,08:30:00,,,,,,nyse,2026-08-08T04:28:24,,,
LGVN,LGVN,2021-11-19,09:32:15,,LUDP,LULD pause,Longeveron Inc. Common Stock,Nasdaq,2021-11-19,,09:37:15,,,,,,nyse,2026-08-08T04:28:24,,,
MARPS,MARPS,2021-11-19,09:34:36,,LUDP,LULD pause,Marine Petroleum Trust,Nasdaq,2021-11-19,,09:39:36,,,,,,nyse,2026-08-08T04:28:24,,,
IMRX,IMRX,2021-11-19,09:35:46,,LUDP,LULD pause,Immuneering Corporation Class A Common Stock,Nasdaq,2021-11-19,,09:40:46,,,,,,nyse,2026-08-08T04:28:24,,,
LGVN,LGVN,2021-11-19,09:40:20,,LUDP,LULD pause,Longeveron Inc. Common Stock,Nasdaq,2021-11-19,,09:45:20,,,,,,nyse,2026-08-08T04:28:24,,,
GTEC,GTEC,2021-11-19,09:40:24,,LUDP,LULD pause,Greenland Technologies Holding Corporation Ordinary Shares,Nasdaq,2021-11-19,,09:45:24,,,,,,nyse,2026-08-08T04:28:24,,,
GTEC,GTEC,2021-11-19,10:03:01,,LUDP,LULD pause,Greenland Technologies Holding Corporation Ordinary Shares,Nasdaq,2021-11-19,,10:08:01,,,,,,nyse,2026-08-08T04:28:24,,,
LGVN,LGVN,2021-11-19,10:08:07,,LUDP,LULD pause,Longeveron Inc. Common Stock,Nasdaq,2021-11-19,,10:13:07,,,,,,nyse,2026-08-08T04:28:24,,,
GTEC,GTEC,2021-11-19,10:10:29,,LUDP,LULD pause,Greenland Technologies Holding Corporation Ordinary Shares,Nasdaq,2021-11-19,,10:15:29,,,,,,nyse,2026-08-08T04:28:24,,,
FNHC,FNHC,2021-11-19,11:01:50,,LUDP,LULD pause,FedNat Holding Company Common Stock,Nasdaq,2021-11-19,,11:06:50,,,,,,nyse,2026-08-08T04:28:24,,,
LITM,LITM,2021-11-19,12:07:14,,LUDP,LULD pause,Snow Lake Resources Ltd. Common Shares,Nasdaq,2021-11-19,,12:12:14,,,,,,nyse,2026-08-08T04:28:24,,,
AMPG,AMPG,2021-11-19,14:17:53,,LUDP,LULD pause,AMPLITECH GROUP INC. COM,Nasdaq,2021-11-19,,14:27:54,,,,,,nyse,2026-08-08T04:28:24,,,
XLRN,XLRN,2021-11-19,19:50:00,,T1,News pending,Acceleron Pharma Inc.,Nasdaq,,,,,,,,,nyse,2026-08-08T04:28:24,no_reanudo,,
SY,SY,2021-11-22,07:26:15,,T1,News pending,So-Young International Inc. American Depository Shares,Nasdaq,2021-11-22,,08:00:00,,,,,,nyse,2026-08-08T04:28:24,,,
OFSSI,OFSSI,2021-11-22,09:28:23,,T1,News pending,OFS Capital Corporation 5.95% Notes due 2026,Nasdaq,,,,,,,,,nyse,2026-08-08T04:28:24,no_reanudo,,
TOI,TOI,2021-11-22,09:30:23,,LUDP,LULD pause,"The Oncology Institute, Inc. Common Stock",Nasdaq,2021-11-22,,09:35:23,,,,,,nyse,2026-08-08T04:28:24,,,
WWD,WWD,2021-11-22,09:30:56,,LUDP,LULD pause,"Woodward, Inc.",Nasdaq,2021-11-22,,09:35:56,,,,,,nyse,2026-08-08T04:28:24,,,
ISPC,ISPC,2021-11-22,09:33:00,,LUDP,LULD pause,iSpecimen Inc. Common Stock,Nasdaq,2021-11-22,,09:38:00,,,,,,nyse,2026-08-08T04:28:24,,,
ISPC,ISPC,2021-11-22,09:39:14,,LUDP,LULD pause,iSpecimen Inc. Common Stock,Nasdaq,2021-11-22,,09:44:14,,,,,,nyse,2026-08-08T04:28:24,,,
QIPT,QIPT,2021-11-22,09:39:43,,T1,News pending,Quipt Home Medical Corp. Ordinary Shares,Nasdaq,2021-11-22,,11:30:00,,,,,,nyse,2026-08-08T04:28:24,,,
PLIN,PLIN,2021-11-22,09:47:09,,LUDP,LULD pause,"China Xiangtai Food Co., Ltd. Ordinary Shares",Nasdaq,2021-11-22,,09:52:09,,,,,,nyse,2026-08-08T04:28:24,,,
ISPC,ISPC,2021-11-22,09:48:25,,LUDP,LULD pause,iSpecimen Inc. Common Stock,Nasdaq,2021-11-22,,09:53:25,,,,,,nyse,2026-08-08T04:28:24,,,
ESBA,ESBA,2021-11-22,09:49:40,,LUDP,LULD pause,"EMPIRE STATE REALTY OP, L.P.  SERIES ES",NYSE Arca,2021-11-22,,09:54:40,,,,,,nyse,2026-08-08T04:28:24,,,
LGVN,LGVN,2021-11-22,09:53:49,,LUDP,LULD pause,Longeveron Inc. Common Stock,Nasdaq,2021-11-22,,10:03:49,,,,,,nyse,2026-08-08T04:28:24,,,
COMSP,COMSP,2021-11-22,12:00:37,,LUDP,LULD pause,ComSovereign Holding Corp. 9.25% Series A Cumulative Redeemable Perpetual Preferred Stock,Nasdaq,2021-11-22,,12:05:37,,,,,,nyse,2026-08-08T04:28:24,,,
COMSP,COMSP,2021-11-22,12:12:42,,LUDP,LULD pause,ComSovereign Holding Corp. 9.25% Series A Cumulative Redeemable Perpetual Preferred Stock,Nasdaq,2021-11-22,,12:17:42,,,,,,nyse,2026-08-08T04:28:24,,,
PCTTU,PCTTU,2021-11-22,12:58:31,,LUDP,LULD pause,"PureCycle Technologies, Inc. Unit",Nasdaq,2021-11-22,,13:03:31,,,,,,nyse,2026-08-08T04:28:24,,,
HAPP,HAPP,2021-11-22,13:18:14,,LUDP,LULD pause,Happiness Development Group Limited Class A Ordinary Shares,Nasdaq,2021-11-22,,13:23:14,,,,,,nyse,2026-08-08T04:28:24,,,
LGVN,LGVN,2021-11-22,14:03:24,,LUDP,LULD pause,Longeveron Inc. Common Stock,Nasdaq,2021-11-22,,14:08:24,,,,,,nyse,2026-08-08T04:28:24,,,
GTEC,GTEC,2021-11-22,14:05:26,,LUDP,LULD pause,Greenland Technologies Holding Corporation Ordinary Shares,Nasdaq,2021-11-22,,14:10:26,,,,,,nyse,2026-08-08T04:28:24,,,
BBLG,BBLG,2021-11-22,14:54:16,,LUDP,LULD pause,Bone Biologics Corp Common Stock,Nasdaq,2021-11-22,,14:59:16,,,,,,nyse,2026-08-08T04:28:24,,,
LGVN,LGVN,2021-11-22,15:37:30,,LUDP,LULD pause,Longeveron Inc. Common Stock,Nasdaq,2021-11-22,,15:42:30,,,,,,nyse,2026-08-08T04:28:24,,,
ECHO,ECHO,2021-11-22,19:50:00,,T1,News pending,"Echo Global Logistics, Inc.",Nasdaq,,,,,,,,,nyse,2026-08-08T04:28:24,no_reanudo,,
KTTA,KTTA,2021-11-23,09:30:35,,LUDP,LULD pause,Pasithea Therapeutics Corp. Common Stock,Nasdaq,2021-11-23,,09:35:35,,,,,,nyse,2026-08-08T04:28:24,,,
LGVN,LGVN,2021-11-23,09:30:44,,LUDP,LULD pause,Longeveron Inc. Common Stock,Nasdaq,2021-11-23,,09:35:44,,,,,,nyse,2026-08-08T04:28:24,,,
ISPC,ISPC,2021-11-23,09:31:00,,LUDP,LULD pause,iSpecimen Inc. Common Stock,Nasdaq,2021-11-23,,09:36:00,,,,,,nyse,2026-08-08T04:28:24,,,
GRCL,GRCL,2021-11-23,09:35:29,,LUDP,LULD pause,Gracell Biotechnologies Inc. American Depositary Shares,Nasdaq,2021-11-23,,09:45:29,,,,,,nyse,2026-08-08T04:28:24,,,
LGVN,LGVN,2021-11-23,09:36:14,,LUDP,LULD pause,Longeveron Inc. Common Stock,Nasdaq,2021-11-23,,09:41:14,,,,,,nyse,2026-08-08T04:28:24,,,
ISPC,ISPC,2021-11-23,09:36:17,,LUDP,LULD pause,iSpecimen Inc. Common Stock,Nasdaq,2021-11-23,,09:41:17,,,,,,nyse,2026-08-08T04:28:24,,,
GRCL,GRCL,2021-11-23,09:46:40,,LUDP,LULD pause,Gracell Biotechnologies Inc. American Depositary Shares,Nasdaq,2021-11-23,,09:51:40,,,,,,nyse,2026-08-08T04:28:24,,,
GRCL,GRCL,2021-11-23,10:32:04,,LUDP,LULD pause,Gracell Biotechnologies Inc. American Depositary Shares,Nasdaq,2021-11-23,,10:37:04,,,,,,nyse,2026-08-08T04:28:24,,,
CRXT,CRXT,2021-11-23,10:57:06,,LUDP,LULD pause,"Clarus Therapeutics Holdings, Inc. Common Stock",Nasdaq,2021-11-23,,11:07:07,,,,,,nyse,2026-08-08T04:28:24,,,
CRXT,CRXT,2021-11-23,11:15:38,,LUDP,LULD pause,"Clarus Therapeutics Holdings, Inc. Common Stock",Nasdaq,2021-11-23,,11:20:38,,,,,,nyse,2026-08-08T04:28:24,,,
CRXT,CRXT,2021-11-23,11:28:32,,LUDP,LULD pause,"Clarus Therapeutics Holdings, Inc. Common Stock",Nasdaq,2021-11-23,,11:33:32,,,,,,nyse,2026-08-08T04:28:24,,,
APVO,APVO,2021-11-23,11:59:54,,LUDP,LULD pause,Aptevo Therapeutics Inc,Nasdaq,2021-11-23,,12:04:54,,,,,,nyse,2026-08-08T04:28:24,,,
APVO,APVO,2021-11-23,12:53:33,,LUDP,LULD pause,Aptevo Therapeutics Inc,Nasdaq,2021-11-23,,13:03:33,,,,,,nyse,2026-08-08T04:28:24,,,
APVO,APVO,2021-11-23,13:04:13,,LUDP,LULD pause,Aptevo Therapeutics Inc,Nasdaq,2021-11-23,,13:09:13,,,,,,nyse,2026-08-08T04:28:24,,,
APVO,APVO,2021-11-23,13:40:58,,LUDP,LULD pause,Aptevo Therapeutics Inc,Nasdaq,2021-11-23,,13:45:58,,,,,,nyse,2026-08-08T04:28:24,,,
SOPA,SOPA,2021-11-23,13:48:46,,LUDP,LULD pause,Society Pass Incorporated Common Stock,Nasdaq,2021-11-23,,13:53:46,,,,,,nyse,2026-08-08T04:28:24,,,
SOPA,SOPA,2021-11-23,14:23:13,,LUDP,LULD pause,Society Pass Incorporated Common Stock,Nasdaq,2021-11-23,,14:28:13,,,,,,nyse,2026-08-08T04:28:24,,,
BBLG,BBLG,2021-11-23,14:29:28,,LUDP,LULD pause,Bone Biologics Corp Common Stock,Nasdaq,2021-11-23,,14:39:28,,,,,,nyse,2026-08-08T04:28:24,,,
PCTTU,PCTTU,2021-11-23,14:51:50,,LUDP,LULD pause,"PureCycle Technologies, Inc. Unit",Nasdaq,2021-11-23,,14:56:50,,,,,,nyse,2026-08-08T04:28:24,,,
AHI,AHI,2021-11-23,15:23:43,,LUDP,LULD pause,Advanced Human Imaging Limited. American Depositary Shares,Nasdaq,2021-11-23,,15:33:43,,,,,,nyse,2026-08-08T04:28:24,,,
AHI,AHI,2021-11-23,15:34:51,,LUDP,LULD pause,Advanced Human Imaging Limited. American Depositary Shares,Nasdaq,2021-11-23,,15:39:51,,,,,,nyse,2026-08-08T04:28:24,,,
VLON,VLON,2021-11-23,15:39:43,,LUDP,LULD pause,Vallon Pharmaceuticals Inc. Common Stock,Nasdaq,2021-11-23,,15:44:43,,,,,,nyse,2026-08-08T04:28:24,,,
AHI,AHI,2021-11-23,15:42:44,,LUDP,LULD pause,Advanced Human Imaging Limited. American Depositary Shares,Nasdaq,2021-11-23,,15:47:44,,,,,,nyse,2026-08-08T04:28:24,,,
AHI,AHI,2021-11-23,15:51:52,,LUDP,LULD pause,Advanced Human Imaging Limited. American Depositary Shares,Nasdaq,2021-11-23,,16:00:00,,,,,,nyse,2026-08-08T04:28:24,,,
VLON,VLON,2021-11-23,15:53:35,,LUDP,LULD pause,Vallon Pharmaceuticals Inc. Common Stock,Nasdaq,2021-11-23,,16:00:00,,,,,,nyse,2026-08-08T04:28:24,,,
ESPR,ESPR,2021-11-23,15:55:12,,LUDP,LULD pause,"Esperion Therapeutics, Inc.",Nasdaq,2021-11-23,,16:00:00,,,,,,nyse,2026-08-08T04:28:24,,,
ADMS,ADMS,2021-11-23,19:54:46,,T1,News pending,"Adamas Pharmaceuticals, Inc.",Nasdaq,,,,,,,,,nyse,2026-08-08T04:28:24,no_reanudo,,
INOV,INOV,2021-11-23,19:54:46,,T1,News pending,"Inovalon Holdings, Inc. Class A Common Stock",Nasdaq,,,,,,,,,nyse,2026-08-08T04:28:24,no_reanudo,,
MCLD,MCLD,2021-11-24,04:00:00,,T1,News pending,mCloud Technologies Corp. Common Shares,Nasdaq,2021-11-24,,09:45:00,,,,,,nyse,2026-08-08T04:28:24,,,
NYMTZ,NYMTZ,2021-11-24,04:00:00,,T1,News pending,"New York Mortgage Trust, Inc. 7.000% Series G Cumulative Redeemable Preferred Stock, $0.01 par value",Nasdaq,2021-11-24,,11:45:00,,,,,,nyse,2026-08-08T04:28:24,,,
BENE,BENE,2021-11-24,09:01:18,,T1,News pending,Benessere Capital Acquisition Corp. Class A Common Stock,Nasdaq,2021-11-24,,10:30:00,,,,,,nyse,2026-08-08T04:28:24,,,
BENER,BENER,2021-11-24,09:01:18,,T1,News pending,Benessere Capital Acquisition Corp. Right,Nasdaq,2021-11-24,,10:37:09,,,,,,nyse,2026-08-08T04:28:24,,,
BENEU,BENEU,2021-11-24,09:01:18,,T1,News pending,Benessere Capital Acquisition Corp. Unit,Nasdaq,2021-11-24,,10:30:00,,,,,,nyse,2026-08-08T04:28:24,,,
BENEW,BENEW,2021-11-24,09:01:18,,T1,News pending,Benessere Capital Acquisition Corp. Warrant,Nasdaq,2021-11-24,,10:36:46,,,,,,nyse,2026-08-08T04:28:24,,,
LGVN,LGVN,2021-11-24,09:35:56,,LUDP,LULD pause,Longeveron Inc. Common Stock,Nasdaq,2021-11-24,,09:40:56,,,,,,nyse,2026-08-08T04:28:24,,,
KTTA,KTTA,2021-11-24,09:36:07,,LUDP,LULD pause,Pasithea Therapeutics Corp. Common Stock,Nasdaq,2021-11-24,,09:41:07,,,,,,nyse,2026-08-08T04:28:24,,,
CUBA,CUBA,2021-11-24,09:36:20,,LUDP,LULD pause,Herzfeld Caribbean Basin Fund,Nasdaq,2021-11-24,,09:41:20,,,,,,nyse,2026-08-08T04:28:24,,,
ICVX,ICVX,2021-11-24,09:40:24,,LUDP,LULD pause,"Icosavax, Inc. Common Stock",Nasdaq,2021-11-24,,09:45:24,,,,,,nyse,2026-08-08T04:28:24,,,
LGVN,LGVN,2021-11-24,09:41:36,,LUDP,LULD pause,Longeveron Inc. Common Stock,Nasdaq,2021-11-24,,09:46:36,,,,,,nyse,2026-08-08T04:28:24,,,
LGVN,LGVN,2021-11-24,09:47:03,,LUDP,LULD pause,Longeveron Inc. Common Stock,Nasdaq,2021-11-24,,09:52:03,,,,,,nyse,2026-08-08T04:28:24,,,
KTTA,KTTA,2021-11-24,09:47:04,,LUDP,LULD pause,Pasithea Therapeutics Corp. Common Stock,Nasdaq,2021-11-24,,09:52:04,,,,,,nyse,2026-08-08T04:28:24,,,
LGVN,LGVN,2021-11-24,09:53:46,,LUDP,LULD pause,Longeveron Inc. Common Stock,Nasdaq,2021-11-24,,09:58:46,,,,,,nyse,2026-08-08T04:28:24,,,
PCTTU,PCTTU,2021-11-24,10:10:28,,LUDP,LULD pause,"PureCycle Technologies, Inc. Unit",Nasdaq,2021-11-24,,10:15:28,,,,,,nyse,2026-08-08T04:28:24,,,
BENE,BENE,2021-11-24,10:30:39,,LUDP,LULD pause,Benessere Capital Acquisition Corp. Class A Common Stock,Nasdaq,2021-11-24,,10:40:40,,,,,,nyse,2026-08-08T04:28:24,,,
BENEU,BENEU,2021-11-24,10:31:12,,LUDP,LULD pause,Benessere Capital Acquisition Corp. Unit,Nasdaq,2021-11-24,,10:36:12,,,,,,nyse,2026-08-08T04:28:24,,,
BENEU,BENEU,2021-11-24,10:36:31,,LUDP,LULD pause,Benessere Capital Acquisition Corp. Unit,Nasdaq,2021-11-24,,10:46:31,,,,,,nyse,2026-08-08T04:28:24,,,
LGVN,LGVN,2021-11-24,10:48:05,,LUDP,LULD pause,Longeveron Inc. Common Stock,Nasdaq,2021-11-24,,10:53:05,,,,,,nyse,2026-08-08T04:28:24,,,
AERC,AERC,2021-11-24,10:53:26,,LUDP,LULD pause,"AeroClean Technologies, Inc. Common Stock",Nasdaq,2021-11-24,,11:03:27,,,,,,nyse,2026-08-08T04:28:24,,,
AERC,AERC,2021-11-24,11:03:54,,LUDP,LULD pause,"AeroClean Technologies, Inc. Common Stock",Nasdaq,2021-11-24,,11:13:54,,,,,,nyse,2026-08-08T04:28:24,,,
AERC,AERC,2021-11-24,11:14:22,,LUDP,LULD pause,"AeroClean Technologies, Inc. Common Stock",Nasdaq,2021-11-24,,11:19:22,,,,,,nyse,2026-08-08T04:28:24,,,
AERC,AERC,2021-11-24,11:19:41,,LUDP,LULD pause,"AeroClean Technologies, Inc. Common Stock",Nasdaq,2021-11-24,,11:24:41,,,,,,nyse,2026-08-08T04:28:24,,,
AERC,AERC,2021-11-24,11:25:37,,LUDP,LULD pause,"AeroClean Technologies, Inc. Common Stock",Nasdaq,2021-11-24,,11:35:37,,,,,,nyse,2026-08-08T04:28:24,,,
AUVI,AUVI,2021-11-24,11:26:12,,LUDP,LULD pause,"Applied UV, Inc. Common Stock",Nasdaq,2021-11-24,,11:31:12,,,,,,nyse,2026-08-08T04:28:24,,,
AURA,AURA,2021-11-24,11:38:06,,LUDP,LULD pause,"Aura Biosciences, Inc. Common Stock",Nasdaq,2021-11-24,,11:43:06,,,,,,nyse,2026-08-08T04:28:24,,,
SOPA,SOPA,2021-11-24,11:40:11,,LUDP,LULD pause,Society Pass Incorporated Common Stock,Nasdaq,2021-11-24,,11:45:11,,,,,,nyse,2026-08-08T04:28:24,,,
AERC,AERC,2021-11-24,11:44:39,,LUDP,LULD pause,"AeroClean Technologies, Inc. Common Stock",Nasdaq,2021-11-24,,11:49:39,,,,,,nyse,2026-08-08T04:28:24,,,
AHI,AHI,2021-11-24,11:51:42,,LUDP,LULD pause,Advanced Human Imaging Limited. American Depositary Shares,Nasdaq,2021-11-24,,11:56:42,,,,,,nyse,2026-08-08T04:28:24,,,
AERC,AERC,2021-11-24,11:52:15,,LUDP,LULD pause,"AeroClean Technologies, Inc. Common Stock",Nasdaq,2021-11-24,,11:57:15,,,,,,nyse,2026-08-08T04:28:24,,,
NUVL,NUVL,2021-11-24,11:54:41,,LUDP,LULD pause,"Nuvalent, Inc. Class A Common Stock",Nasdaq,2021-11-24,,12:04:41,,,,,,nyse,2026-08-08T04:28:24,,,
AERC,AERC,2021-11-24,12:05:43,,LUDP,LULD pause,"AeroClean Technologies, Inc. Common Stock",Nasdaq,2021-11-24,,12:15:43,,,,,,nyse,2026-08-08T04:28:24,,,
AERC,AERC,2021-11-24,13:12:53,,LUDP,LULD pause,"AeroClean Technologies, Inc. Common Stock",Nasdaq,2021-11-24,,13:17:53,,,,,,nyse,2026-08-08T04:28:24,,,
AERC,AERC,2021-11-24,13:51:10,,LUDP,LULD pause,"AeroClean Technologies, Inc. Common Stock",Nasdaq,2021-11-24,,13:56:10,,,,,,nyse,2026-08-08T04:28:24,,,
LOCL,LOCL,2021-11-24,13:53:48,,LUDP,LULD pause,Local Bounti Corporation,NYSE,2021-11-24,,13:59:14,,,,,,nyse,2026-08-08T04:28:24,,,
LGVN,LGVN,2021-11-24,14:14:45,,LUDP,LULD pause,Longeveron Inc. Common Stock,Nasdaq,2021-11-24,,14:19:45,,,,,,nyse,2026-08-08T04:28:24,,,
LGVN,LGVN,2021-11-24,14:21:31,,LUDP,LULD pause,Longeveron Inc. Common Stock,Nasdaq,2021-11-24,,14:26:31,,,,,,nyse,2026-08-08T04:28:24,,,
RHE.PRA,RHE PRA,2021-11-24,14:26:29,,LUDP,LULD pause,"Regional Health Properties, Inc. Regional Health Properties, Inc. 10.875 percent Series A Cumulative",NYSE American,2021-11-24,,14:31:29,,,,,,nyse,2026-08-08T04:28:24,,,
LGVN,LGVN,2021-11-24,14:34:34,,LUDP,LULD pause,Longeveron Inc. Common Stock,Nasdaq,2021-11-24,,14:39:34,,,,,,nyse,2026-08-08T04:28:24,,,
AERC,AERC,2021-11-24,14:35:40,,LUDP,LULD pause,"AeroClean Technologies, Inc. Common Stock",Nasdaq,2021-11-24,,14:40:40,,,,,,nyse,2026-08-08T04:28:24,,,
LGVN,LGVN,2021-11-24,14:50:52,,LUDP,LULD pause,Longeveron Inc. Common Stock,Nasdaq,2021-11-24,,14:55:52,,,,,,nyse,2026-08-08T04:28:24,,,
LGVN,LGVN,2021-11-24,15:40:53,,LUDP,LULD pause,Longeveron Inc. Common Stock,Nasdaq,2021-11-24,,15:45:53,,,,,,nyse,2026-08-08T04:28:24,,,
IMCC,IMCC,2021-11-24,15:57:30,,LUDP,LULD pause,IM Cannabis Corp. Common Shares,Nasdaq,2021-11-24,,16:00:00,,,,,,nyse,2026-08-08T04:28:24,,,
SELB,SELB,2021-11-24,16:10:00,,T1,News pending,"Selecta Biosciences, Inc",Nasdaq,2021-11-24,,16:45:00,,,,,,nyse,2026-08-08T04:28:24,,,
IAIC,IAIC,2021-11-26,09:30:44,,LUDP,LULD pause,Information Analysis Incorporated Common Stock,Nasdaq,2021-11-26,,09:35:44,,,,,,nyse,2026-08-08T04:28:24,,,
ADGI,ADGI,2021-11-26,09:35:40,,LUDP,LULD pause,"Adagio Therapeutics, Inc. Common Stock",Nasdaq,2021-11-26,,09:40:40,,,,,,nyse,2026-08-08T04:28:24,,,
FHTX,FHTX,2021-11-26,09:36:11,,LUDP,LULD pause,Foghorn Therapeutics Inc. Common Stock,Nasdaq,2021-11-26,,09:41:11,,,,,,nyse,2026-08-08T04:28:24,,,
OCGN,OCGN,2021-11-26,09:37:29,,LUDP,LULD pause,"Ocugen, Inc. Common Stock",Nasdaq,2021-11-26,,09:42:29,,,,,,nyse,2026-08-08T04:28:24,,,
LGVN,LGVN,2021-11-26,09:38:09,,LUDP,LULD pause,Longeveron Inc. Common Stock,Nasdaq,2021-11-26,,09:43:09,,,,,,nyse,2026-08-08T04:28:24,,,
AERC,AERC,2021-11-26,09:39:28,,LUDP,LULD pause,"AeroClean Technologies, Inc. Common Stock",Nasdaq,2021-11-26,,09:44:28,,,,,,nyse,2026-08-08T04:28:24,,,
SABRP,SABRP,2021-11-26,09:43:56,,LUDP,LULD pause,Sabre Corporation 6.50% Series A Mandatory Convertible Preferred Stock,Nasdaq,2021-11-26,,09:48:56,,,,,,nyse,2026-08-08T04:28:24,,,
LGVN,LGVN,2021-11-26,09:49:05,,LUDP,LULD pause,Longeveron Inc. Common Stock,Nasdaq,2021-11-26,,09:54:05,,,,,,nyse,2026-08-08T04:28:24,,,
PCTTU,PCTTU,2021-11-26,09:50:22,,LUDP,LULD pause,"PureCycle Technologies, Inc. Unit",Nasdaq,2021-11-26,,09:55:22,,,,,,nyse,2026-08-08T04:28:24,,,
LGVN,LGVN,2021-11-26,09:55:17,,LUDP,LULD pause,Longeveron Inc. Common Stock,Nasdaq,2021-11-26,,10:00:17,,,,,,nyse,2026-08-08T04:28:24,,,
BFRI,BFRI,2021-11-26,10:03:58,,LUDP,LULD pause,Biofrontera Inc. Common Stock,Nasdaq,2021-11-26,,10:08:58,,,,,,nyse,2026-08-08T04:28:24,,,
NRXP,NRXP,2021-11-26,10:07:21,,LUDP,LULD pause,"NRX Pharmaceuticals, Inc. Common Stock",Nasdaq,2021-11-26,,11:07:21,,,,,,nyse,2026-08-08T04:28:24,,,
EVK,EVK,2021-11-26,10:32:42,,LUDP,LULD pause,"Ever-Glory International Group, Inc.",Nasdaq,2021-11-26,,10:37:42,,,,,,nyse,2026-08-08T04:28:24,,,
FISK,FISK,2021-11-26,10:37:36,,LUDP,LULD pause,"Empire State Realty OP, L.P. Series 250",NYSE Arca,2021-11-26,,10:42:36,,,,,,nyse,2026-08-08T04:28:24,,,
NRXP,NRXP,2021-11-26,11:08:57,,LUDP,LULD pause,"NRX Pharmaceuticals, Inc. Common Stock",Nasdaq,2021-11-26,,11:13:57,,,,,,nyse,2026-08-08T04:28:24,,,
NRXP,NRXP,2021-11-26,11:18:29,,LUDP,LULD pause,"NRX Pharmaceuticals, Inc. Common Stock",Nasdaq,2021-11-26,,11:23:29,,,,,,nyse,2026-08-08T04:28:24,,,
LGVN,LGVN,2021-11-26,12:33:03,,LUDP,LULD pause,Longeveron Inc. Common Stock,Nasdaq,2021-11-26,,12:38:03,,,,,,nyse,2026-08-08T04:28:24,,,
BFRI,BFRI,2021-11-26,12:45:31,,LUDP,LULD pause,Biofrontera Inc. Common Stock,Nasdaq,2021-11-26,,13:00:00,,,,,,nyse,2026-08-08T04:28:24,,,
ARGUU,ARGUU,2021-11-29,09:30:39,,LUDP,LULD pause,Argus Capital Corp. Unit,Nasdaq,2021-11-29,,09:35:39,,,,,,nyse,2026-08-08T04:28:24,,,
STRN,STRN,2021-11-29,09:30:40,,LUDP,LULD pause,"86260J102 NASDAQ PILLAR Stran & Company, Inc. Common Stock",Nasdaq,2021-11-29,,09:35:40,,,,,,nyse,2026-08-08T04:28:24,,,
ADGI,ADGI,2021-11-29,09:31:34,,LUDP,LULD pause,"Adagio Therapeutics, Inc. Common Stock",Nasdaq,2021-11-29,,09:41:34,,,,,,nyse,2026-08-08T04:28:24,,,
ADGI,ADGI,2021-11-29,09:42:04,,LUDP,LULD pause,"Adagio Therapeutics, Inc. Common Stock",Nasdaq,2021-11-29,,09:47:04,,,,,,nyse,2026-08-08T04:28:24,,,
ADGI,ADGI,2021-11-29,09:48:11,,LUDP,LULD pause,"Adagio Therapeutics, Inc. Common Stock",Nasdaq,2021-11-29,,09:53:11,,,,,,nyse,2026-08-08T04:28:24,,,
TWTR,TWTR,2021-11-29,09:52:00,,T1,News pending,"Twitter, Inc.",NYSE,2021-11-29,,10:56:12,,,,,,nyse,2026-08-08T04:28:24,,,
PCTTU,PCTTU,2021-11-29,09:55:12,,LUDP,LULD pause,"PureCycle Technologies, Inc. Unit",Nasdaq,2021-11-29,,10:00:12,,,,,,nyse,2026-08-08T04:28:24,,,
ISPC,ISPC,2021-11-29,10:11:04,,LUDP,LULD pause,iSpecimen Inc. Common Stock,Nasdaq,2021-11-29,,10:16:04,,,,,,nyse,2026-08-08T04:28:24,,,
RHE.PRA,RHE PRA,2021-11-29,10:12:10,,LUDP,LULD pause,"Regional Health Properties, Inc. Regional Health Properties, Inc. 10.875 percent Series A Cumulative",NYSE American,2021-11-29,,10:17:10,,,,,,nyse,2026-08-08T04:28:24,,,
BFRI,BFRI,2021-11-29,10:21:41,,LUDP,LULD pause,Biofrontera Inc. Common Stock,Nasdaq,2021-11-29,,10:26:41,,,,,,nyse,2026-08-08T04:28:24,,,
ISPC,ISPC,2021-11-29,10:25:52,,LUDP,LULD pause,iSpecimen Inc. Common Stock,Nasdaq,2021-11-29,,10:30:52,,,,,,nyse,2026-08-08T04:28:24,,,
ISPC,ISPC,2021-11-29,10:31:32,,LUDP,LULD pause,iSpecimen Inc. Common Stock,Nasdaq,2021-11-29,,10:36:32,,,,,,nyse,2026-08-08T04:28:24,,,
SAMA,SAMA,2021-11-29,10:42:32,,LUDP,LULD pause,Schultze Special Purpose Acquisition Corp. II Class A Common Stock,Nasdaq,2021-11-29,,10:52:32,,,,,,nyse,2026-08-08T04:28:24,,,
ISPC,ISPC,2021-11-29,10:46:42,,LUDP,LULD pause,iSpecimen Inc. Common Stock,Nasdaq,2021-11-29,,10:51:42,,,,,,nyse,2026-08-08T04:28:24,,,
BPTH,BPTH,2021-11-29,10:50:09,,LUDP,LULD pause,Bio-Path Holdings Inc,Nasdaq,2021-11-29,,10:55:09,,,,,,nyse,2026-08-08T04:28:24,,,
SAMA,SAMA,2021-11-29,10:55:02,,LUDP,LULD pause,Schultze Special Purpose Acquisition Corp. II Class A Common Stock,Nasdaq,2021-11-29,,11:05:02,,,,,,nyse,2026-08-08T04:28:24,,,
VALE,VALE,2021-11-29,11:20:45,,T1,News pending,VALE S.A.,NYSE,2021-11-29,,12:09:25,,,,,,nyse,2026-08-08T04:28:24,,,
BFRI,BFRI,2021-11-29,11:34:59,,LUDP,LULD pause,Biofrontera Inc. Common Stock,Nasdaq,2021-11-29,,11:39:59,,,,,,nyse,2026-08-08T04:28:24,,,
KTTA,KTTA,2021-11-29,12:01:00,,LUDP,LULD pause,Pasithea Therapeutics Corp. Common Stock,Nasdaq,2021-11-29,,12:06:00,,,,,,nyse,2026-08-08T04:28:24,,,
OGCP,OGCP,2021-11-29,13:38:53,,LUDP,LULD pause,"Empire State Realty OP, L.P. Series 60",NYSE Arca,2021-11-29,,13:43:53,,,,,,nyse,2026-08-08T04:28:24,,,
NVAX,NVAX,2021-11-29,14:37:20,,LUDP,LULD pause,Novavax Inc,Nasdaq,2021-11-29,,14:42:20,,,,,,nyse,2026-08-08T04:28:24,,,
OLMA,OLMA,2021-11-29,14:55:58,,LUDP,LULD pause,"Olema Pharmaceuticals, Inc. Common Stock",Nasdaq,2021-11-29,,15:00:58,,,,,,nyse,2026-08-08T04:28:24,,,
OLMA,OLMA,2021-11-29,15:23:10,,T1,News pending,"Olema Pharmaceuticals, Inc. Common Stock",Nasdaq,2021-11-29,,17:00:00,,,,,,nyse,2026-08-08T04:28:24,,,
AERC,AERC,2021-11-29,15:47:15,,LUDP,LULD pause,"AeroClean Technologies, Inc. Common Stock",Nasdaq,2021-11-29,,16:00:00,,,,,,nyse,2026-08-08T04:28:24,,,
RAVN,RAVN,2021-11-29,19:50:33,,T1,News pending,Raven Industries Inc,Nasdaq,,,,,,,,,nyse,2026-08-08T04:28:24,no_reanudo,,
SGII,SGII,2021-11-30,04:00:00,,T1,News pending,Seaport Global Acquisition II Corp. Class A Common Stock,Nasdaq,,,,,,,,,nyse,2026-08-08T04:28:24,reanudo,2021-12-02,09:36
SGIIW,SGIIW,2021-11-30,04:00:00,,T1,News pending,Seaport Global Acquisition II Corp. Warrants,Nasdaq,,,,,,,,,nyse,2026-08-08T04:28:24,reanudo,2021-12-02,10:08
DCPH,DCPH,2021-11-30,08:25:01,,T1,News pending,"Deciphera Pharmaceuticals, Inc. Common Stock",Nasdaq,2021-11-30,,09:00:00,,,,,,nyse,2026-08-08T04:28:24,,,
UFS,UFS,2021-11-30,08:39:34,,UNKNOWN,Merger Effective,DOMTAR CORPORATION (New),NYSE,,,,,,,,,nyse,2026-08-08T04:28:24,no_reanudo,,
CVA,CVA,2021-11-30,09:05:44,,UNKNOWN,Merger Effective,Covanta Holding Corporation,NYSE,,,,,,,,,nyse,2026-08-08T04:28:24,no_reanudo,,
PTPI,PTPI,2021-11-30,09:32:27,,LUDP,LULD pause,"Petros Pharmaceuticals, Inc. Common Stock",Nasdaq,2021-11-30,,09:37:27,,,,,,nyse,2026-08-08T04:28:24,,,
OLMA,OLMA,2021-11-30,09:33:30,,LUDP,LULD pause,"Olema Pharmaceuticals, Inc. Common Stock",Nasdaq,2021-11-30,,09:43:30,,,,,,nyse,2026-08-08T04:28:24,,,
OGCP,OGCP,2021-11-30,09:34:16,,LUDP,LULD pause,"Empire State Realty OP, L.P. Series 60",NYSE Arca,2021-11-30,,09:39:16,,,,,,nyse,2026-08-08T04:28:24,,,
OP,OP,2021-11-30,09:36:34,,LUDP,LULD pause,OceanPal Inc. Common Stock,Nasdaq,2021-11-30,,10:21:48,,,,,,nyse,2026-08-08T04:28:24,,,
ADGI,ADGI,2021-11-30,09:46:11,,LUDP,LULD pause,"Adagio Therapeutics, Inc. Common Stock",Nasdaq,2021-11-30,,09:51:11,,,,,,nyse,2026-08-08T04:28:24,,,
PPSI,PPSI,2021-11-30,09:47:28,,LUDP,LULD pause,"Pioneer Power Solutions, Inc.",Nasdaq,2021-11-30,,09:52:28,,,,,,nyse,2026-08-08T04:28:24,,,
OLMA,OLMA,2021-11-30,09:51:35,,LUDP,LULD pause,"Olema Pharmaceuticals, Inc. Common Stock",Nasdaq,2021-11-30,,09:56:35,,,,,,nyse,2026-08-08T04:28:24,,,
AERC,AERC,2021-11-30,09:54:29,,LUDP,LULD pause,"AeroClean Technologies, Inc. Common Stock",Nasdaq,2021-11-30,,09:59:29,,,,,,nyse,2026-08-08T04:28:24,,,
AERC,AERC,2021-11-30,09:59:50,,LUDP,LULD pause,"AeroClean Technologies, Inc. Common Stock",Nasdaq,2021-11-30,,10:14:50,,,,,,nyse,2026-08-08T04:28:24,,,
CFRX,CFRX,2021-11-30,10:06:32,,LUDP,LULD pause,ContraFect Corporation,Nasdaq,2021-11-30,,10:16:32,,,,,,nyse,2026-08-08T04:28:24,,,
DYAI,DYAI,2021-11-30,10:12:22,,LUDP,LULD pause,"Dyadic International, Inc.",Nasdaq,2021-11-30,,10:17:22,,,,,,nyse,2026-08-08T04:28:24,,,
AERC,AERC,2021-11-30,10:15:11,,LUDP,LULD pause,"AeroClean Technologies, Inc. Common Stock",Nasdaq,2021-11-30,,10:25:11,,,,,,nyse,2026-08-08T04:28:24,,,
OP,OP,2021-11-30,10:22:13,,LUDP,LULD pause,OceanPal Inc. Common Stock,Nasdaq,2021-11-30,,10:44:13,,,,,,nyse,2026-08-08T04:28:24,,,
AERC,AERC,2021-11-30,10:27:18,,LUDP,LULD pause,"AeroClean Technologies, Inc. Common Stock",Nasdaq,2021-11-30,,10:32:18,,,,,,nyse,2026-08-08T04:28:24,,,
AERC,AERC,2021-11-30,10:36:17,,LUDP,LULD pause,"AeroClean Technologies, Inc. Common Stock",Nasdaq,2021-11-30,,10:41:17,,,,,,nyse,2026-08-08T04:28:24,,,
OP,OP,2021-11-30,10:44:32,,LUDP,LULD pause,OceanPal Inc. Common Stock,Nasdaq,2021-11-30,,11:17:11,,,,,,nyse,2026-08-08T04:28:24,,,
AERC,AERC,2021-11-30,10:48:10,,LUDP,LULD pause,"AeroClean Technologies, Inc. Common Stock",Nasdaq,2021-11-30,,10:53:10,,,,,,nyse,2026-08-08T04:28:24,,,
AERC,AERC,2021-11-30,10:59:53,,LUDP,LULD pause,"AeroClean Technologies, Inc. Common Stock",Nasdaq,2021-11-30,,11:04:53,,,,,,nyse,2026-08-08T04:28:24,,,
AERC,AERC,2021-11-30,11:10:40,,LUDP,LULD pause,"AeroClean Technologies, Inc. Common Stock",Nasdaq,2021-11-30,,11:15:40,,,,,,nyse,2026-08-08T04:28:24,,,
OP,OP,2021-11-30,11:17:27,,LUDP,LULD pause,OceanPal Inc. Common Stock,Nasdaq,2021-11-30,,11:37:43,,,,,,nyse,2026-08-08T04:28:24,,,
AERC,AERC,2021-11-30,11:31:49,,LUDP,LULD pause,"AeroClean Technologies, Inc. Common Stock",Nasdaq,2021-11-30,,11:36:49,,,,,,nyse,2026-08-08T04:28:24,,,
OP,OP,2021-11-30,11:38:06,,LUDP,LULD pause,OceanPal Inc. Common Stock,Nasdaq,2021-11-30,,11:48:07,,,,,,nyse,2026-08-08T04:28:24,,,
OP,OP,2021-11-30,11:48:25,,LUDP,LULD pause,OceanPal Inc. Common Stock,Nasdaq,2021-11-30,,11:58:25,,,,,,nyse,2026-08-08T04:28:24,,,
NUZE,NUZE,2021-11-30,11:53:45,,LUDP,LULD pause,"NuZee, Inc. Common Stock",Nasdaq,2021-11-30,,11:58:45,,,,,,nyse,2026-08-08T04:28:24,,,
OP,OP,2021-11-30,11:58:45,,LUDP,LULD pause,OceanPal Inc. Common Stock,Nasdaq,2021-11-30,,12:13:45,,,,,,nyse,2026-08-08T04:28:24,,,
PCTTU,PCTTU,2021-11-30,12:01:59,,LUDP,LULD pause,"PureCycle Technologies, Inc. Unit",Nasdaq,2021-11-30,,12:06:59,,,,,,nyse,2026-08-08T04:28:24,,,
AERC,AERC,2021-11-30,12:13:25,,LUDP,LULD pause,"AeroClean Technologies, Inc. Common Stock",Nasdaq,2021-11-30,,12:18:25,,,,,,nyse,2026-08-08T04:28:24,,,
OP,OP,2021-11-30,12:16:23,,LUDP,LULD pause,OceanPal Inc. Common Stock,Nasdaq,2021-11-30,,12:21:23,,,,,,nyse,2026-08-08T04:28:24,,,
AERC,AERC,2021-11-30,12:21:07,,LUDP,LULD pause,"AeroClean Technologies, Inc. Common Stock",Nasdaq,2021-11-30,,12:26:07,,,,,,nyse,2026-08-08T04:28:24,,,
OP,OP,2021-11-30,12:22:19,,LUDP,LULD pause,OceanPal Inc. Common Stock,Nasdaq,2021-11-30,,12:27:19,,,,,,nyse,2026-08-08T04:28:24,,,
OP,OP,2021-11-30,12:28:11,,LUDP,LULD pause,OceanPal Inc. Common Stock,Nasdaq,2021-11-30,,12:38:11,,,,,,nyse,2026-08-08T04:28:24,,,
OP,OP,2021-11-30,12:38:45,,LUDP,LULD pause,OceanPal Inc. Common Stock,Nasdaq,2021-11-30,,12:43:45,,,,,,nyse,2026-08-08T04:28:24,,,
OP,OP,2021-11-30,12:45:02,,LUDP,LULD pause,OceanPal Inc. Common Stock,Nasdaq,2021-11-30,,12:55:02,,,,,,nyse,2026-08-08T04:28:24,,,
OP,OP,2021-11-30,12:55:36,,LUDP,LULD pause,OceanPal Inc. Common Stock,Nasdaq,2021-11-30,,13:00:36,,,,,,nyse,2026-08-08T04:28:24,,,
OP,OP,2021-11-30,13:01:28,,LUDP,LULD pause,OceanPal Inc. Common Stock,Nasdaq,2021-11-30,,13:06:28,,,,,,nyse,2026-08-08T04:28:24,,,
OP,OP,2021-11-30,13:06:58,,LUDP,LULD pause,OceanPal Inc. Common Stock,Nasdaq,2021-11-30,,13:11:58,,,,,,nyse,2026-08-08T04:28:24,,,
OP,OP,2021-11-30,13:12:32,,LUDP,LULD pause,OceanPal Inc. Common Stock,Nasdaq,2021-11-30,,13:17:32,,,,,,nyse,2026-08-08T04:28:24,,,
SHPW,SHPW,2021-11-30,13:20:55,,LUDP,LULD pause,"Shapeways Holdings, Inc.",NYSE,2021-11-30,,13:26:23,,,,,,nyse,2026-08-08T04:28:24,,,
OP,OP,2021-11-30,13:27:06,,LUDP,LULD pause,OceanPal Inc. Common Stock,Nasdaq,2021-11-30,,13:32:06,,,,,,nyse,2026-08-08T04:28:24,,,
AERC,AERC,2021-11-30,13:49:24,,LUDP,LULD pause,"AeroClean Technologies, Inc. Common Stock",Nasdaq,2021-11-30,,13:54:24,,,,,,nyse,2026-08-08T04:28:24,,,
AAMC,AAMC,2021-11-30,13:52:10,,H11,Regulatory Concern,Altisource Asset Mgmt Corp,NYSE American,2022-03-21,,09:45:00,,,,,,nyse,2026-08-08T04:28:24,,,
OP,OP,2021-11-30,14:02:03,,LUDP,LULD pause,OceanPal Inc. Common Stock,Nasdaq,2021-11-30,,14:07:03,,,,,,nyse,2026-08-08T04:28:24,,,
OP,OP,2021-11-30,14:14:17,,LUDP,LULD pause,OceanPal Inc. Common Stock,Nasdaq,2021-11-30,,14:24:17,,,,,,nyse,2026-08-08T04:28:24,,,
TOMZ,TOMZ,2021-11-30,14:43:23,,LUDP,LULD pause,"TOMI Environmental Solutions, Inc.",Nasdaq,2021-11-30,,14:48:23,,,,,,nyse,2026-08-08T04:28:24,,,
OTMO,OTMO,2021-11-30,14:45:22,,LUDP,LULD pause,Otonomo Technologies Ltd. Ordinary shares,Nasdaq,2021-11-30,,14:55:23,,,,,,nyse,2026-08-08T04:28:24,,,
PTPI,PTPI,2021-11-30,14:50:52,,LUDP,LULD pause,"Petros Pharmaceuticals, Inc. Common Stock",Nasdaq,2021-11-30,,14:55:52,,,,,,nyse,2026-08-08T04:28:24,,,
AERC,AERC,2021-11-30,14:51:06,,LUDP,LULD pause,"AeroClean Technologies, Inc. Common Stock",Nasdaq,2021-11-30,,14:56:06,,,,,,nyse,2026-08-08T04:28:24,,,
LGVN,LGVN,2021-11-30,15:17:00,,LUDP,LULD pause,Longeveron Inc. Common Stock,Nasdaq,2021-11-30,,15:27:00,,,,,,nyse,2026-08-08T04:28:24,,,
ACAH,ACAH,2021-12-01,06:55:06,,T1,News pending,Atlantic Coastal Acquisition Corp. Class A Common Stock,Nasdaq,2021-12-01,,07:30:00,,,,,,nyse,2026-08-08T04:28:24,,,
ACAHU,ACAHU,2021-12-01,06:55:06,,T1,News pending,Atlantic Coastal Acquisition Corp. Unit,Nasdaq,2021-12-01,,07:30:00,,,,,,nyse,2026-08-08T04:28:24,,,
ACAHW,ACAHW,2021-12-01,06:55:06,,T1,News pending,Atlantic Coastal Acquisition Corp. Warrant,Nasdaq,2021-12-01,,07:30:00,,,,,,nyse,2026-08-08T04:28:24,,,
SABS,SABS,2021-12-01,06:55:06,,T1,News pending,"SAB Biotherapeutics, Inc. Common Stock",Nasdaq,2021-12-01,,07:30:00,,,,,,nyse,2026-08-08T04:28:24,,,
SABSW,SABSW,2021-12-01,06:55:06,,T1,News pending,"SAB Biotherapeutics, Inc. Warrant",Nasdaq,2021-12-01,,07:30:00,,,,,,nyse,2026-08-08T04:28:24,,,
BYSI,BYSI,2021-12-01,07:55:09,,T1,News pending,BeyondSpring Inc. Ordinary Shares,Nasdaq,2021-12-01,,08:30:00,,,,,,nyse,2026-08-08T04:28:24,,,
OGCP,OGCP,2021-12-01,09:31:29,,LUDP,LULD pause,"Empire State Realty OP, L.P. Series 60",NYSE Arca,2021-12-01,,09:36:29,,,,,,nyse,2026-08-08T04:28:24,,,
ISPC,ISPC,2021-12-01,09:33:57,,LUDP,LULD pause,iSpecimen Inc. Common Stock,Nasdaq,2021-12-01,,09:38:57,,,,,,nyse,2026-08-08T04:28:24,,,
ADGI,ADGI,2021-12-01,09:35:11,,LUDP,LULD pause,"Adagio Therapeutics, Inc. Common Stock",Nasdaq,2021-12-01,,09:40:11,,,,,,nyse,2026-08-08T04:28:24,,,
DJCB,DJCB,2021-12-01,09:36:00,,LUDP,LULD pause,"ETRACS Bloomberg Commodity Index Total Return ETN Series B due October 31, 2039",NYSE Arca,2021-12-01,,09:41:00,,,,,,nyse,2026-08-08T04:28:24,,,
OP,OP,2021-12-01,09:36:04,,LUDP,LULD pause,OceanPal Inc. Common Stock,Nasdaq,2021-12-01,,09:41:04,,,,,,nyse,2026-08-08T04:28:24,,,
AHI,AHI,2021-12-01,10:54:06,,LUDP,LULD pause,Advanced Human Imaging Limited. American Depositary Shares,Nasdaq,2021-12-01,,11:04:06,,,,,,nyse,2026-08-08T04:28:24,,,
AHI,AHI,2021-12-01,11:08:28,,LUDP,LULD pause,Advanced Human Imaging Limited. American Depositary Shares,Nasdaq,2021-12-01,,11:13:28,,,,,,nyse,2026-08-08T04:28:24,,,
PCTTU,PCTTU,2021-12-01,11:15:26,,LUDP,LULD pause,"PureCycle Technologies, Inc. Unit",Nasdaq,2021-12-01,,11:20:26,,,,,,nyse,2026-08-08T04:28:24,,,
PCTTU,PCTTU,2021-12-01,11:21:16,,LUDP,LULD pause,"PureCycle Technologies, Inc. Unit",Nasdaq,2021-12-01,,11:26:16,,,,,,nyse,2026-08-08T04:28:24,,,
CNTX,CNTX,2021-12-01,11:47:34,,LUDP,LULD pause,Context Therapeutics Inc. Common Stock,Nasdaq,2021-12-01,,11:52:34,,,,,,nyse,2026-08-08T04:28:24,,,
IMCC,IMCC,2021-12-01,12:36:33,,LUDP,LULD pause,IM Cannabis Corp. Common Shares,Nasdaq,2021-12-01,,12:46:33,,,,,,nyse,2026-08-08T04:28:24,,,
BBLG,BBLG,2021-12-01,13:06:02,,LUDP,LULD pause,Bone Biologics Corp Common Stock,Nasdaq,2021-12-01,,13:11:02,,,,,,nyse,2026-08-08T04:28:24,,,
RHE.PRA,RHE PRA,2021-12-01,14:37:25,,LUDP,LULD pause,"Regional Health Properties, Inc. Regional Health Properties, Inc. 10.875 percent Series A Cumulative",NYSE American,2021-12-01,,14:42:25,,,,,,nyse,2026-08-08T04:28:24,,,
ESSCU,ESSCU,2021-12-01,15:05:13,,LUDP,LULD pause,East Stone Acquisition Corporation Unit,Nasdaq,2021-12-01,,15:10:13,,,,,,nyse,2026-08-08T04:28:24,,,
OBT,OBT,2021-12-01,15:09:57,,LUDP,LULD pause,"Orange County Bancorp, Inc. Common Stock",Nasdaq,2021-12-01,,15:14:57,,,,,,nyse,2026-08-08T04:28:24,,,
DWAC,DWAC,2021-12-01,15:51:42,,LUDP,LULD pause,Digital World Acquisition Corp. Class A Common Stock,Nasdaq,2021-12-01,,16:00:00,,,,,,nyse,2026-08-08T04:28:24,,,
DWACU,DWACU,2021-12-01,15:51:47,,LUDP,LULD pause,Digital World Acquisition Corp. Units,Nasdaq,2021-12-01,,16:00:00,,,,,,nyse,2026-08-08T04:28:24,,,
SUNS,SUNS,2021-12-01,16:00:31,,T1,News pending,SLR Senior Investment Corp. Common Stock,Nasdaq,2021-12-01,,16:30:00,,,,,,nyse,2026-08-08T04:28:24,,,
CFVI,CFVI,2021-12-01,18:41:37,,T1,News pending,CF Acquisition Corp. VI Class A Common Stock,Nasdaq,2021-12-02,,07:05:00,,,,,,nyse,2026-08-08T04:28:24,,,
CFVIU,CFVIU,2021-12-01,18:41:37,,T1,News pending,CF Acquisition Corp. VI Unit,Nasdaq,2021-12-02,,07:05:00,,,,,,nyse,2026-08-08T04:28:24,,,
CFVIW,CFVIW,2021-12-01,18:41:37,,T1,News pending,CF Acquisition Corp. VI Warrant,Nasdaq,2021-12-02,,07:05:00,,,,,,nyse,2026-08-08T04:28:24,,,
SLHGP,SLHGP,2021-12-02,03:58:00,,T1,News pending,Skylight Health Group Inc. Skylight Health Group Inc. 9.25% Series A Cumulative Redeemable Perpetual,Nasdaq,2021-12-02,,03:58:00,,,,,,nyse,2026-08-08T04:28:24,,,
DCTH,DCTH,2021-12-02,07:55:03,,T1,News pending,Delcath Systems Inc,Nasdaq,2021-12-02,,08:31:00,,,,,,nyse,2026-08-08T04:28:24,,,
FST.U,FST U,2021-12-02,09:30:15,,LUDP,LULD pause,"FAST Acquisition Corp. Units, each consisting of one share of Class A common stock and one-half of o",NYSE,2021-12-02,,09:35:28,,,,,,nyse,2026-08-08T04:28:24,,,
SGII,SGII,2021-12-02,09:31:12,,LUDP,LULD pause,Seaport Global Acquisition II Corp. Class A Common Stock,Nasdaq,2021-12-02,,09:36:12,,,,,,nyse,2026-08-08T04:28:24,,,
KIRK,KIRK,2021-12-02,09:31:53,,LUDP,LULD pause,Kirkland's Inc,Nasdaq,2021-12-02,,09:36:53,,,,,,nyse,2026-08-08T04:28:24,,,
IGC,IGC,2021-12-02,09:32:41,,LUDP,LULD pause,"India Globalization Capital, Inc.",NYSE American,2021-12-02,,09:37:41,,,,,,nyse,2026-08-08T04:28:24,,,
DCTH,DCTH,2021-12-02,09:32:51,,LUDP,LULD pause,Delcath Systems Inc,Nasdaq,2021-12-02,,09:37:51,,,,,,nyse,2026-08-08T04:28:24,,,
BBLG,BBLG,2021-12-02,09:34:04,,LUDP,LULD pause,Bone Biologics Corp Common Stock,Nasdaq,2021-12-02,,09:39:04,,,,,,nyse,2026-08-08T04:28:24,,,
BFRI,BFRI,2021-12-02,09:36:17,,LUDP,LULD pause,Biofrontera Inc. Common Stock,Nasdaq,2021-12-02,,09:51:17,,,,,,nyse,2026-08-08T04:28:24,,,
ESSCU,ESSCU,2021-12-02,09:38:12,,LUDP,LULD pause,East Stone Acquisition Corporation Unit,Nasdaq,2021-12-02,,09:43:12,,,,,,nyse,2026-08-08T04:28:24,,,
BFRI,BFRI,2021-12-02,09:59:47,,LUDP,LULD pause,Biofrontera Inc. Common Stock,Nasdaq,2021-12-02,,10:04:47,,,,,,nyse,2026-08-08T04:28:24,,,
FMTX,FMTX,2021-12-02,10:04:31,,LUDP,LULD pause,"Forma Therapeutics Holdings, Inc. Common Stock",Nasdaq,2021-12-02,,10:09:31,,,,,,nyse,2026-08-08T04:28:24,,,
FHTX,FHTX,2021-12-02,10:10:05,,LUDP,LULD pause,Foghorn Therapeutics Inc. Common Stock,Nasdaq,2021-12-02,,10:15:05,,,,,,nyse,2026-08-08T04:28:24,,,
RLYB,RLYB,2021-12-02,10:35:50,,LUDP,LULD pause,Rallybio Corporation Common Stock,Nasdaq,2021-12-02,,10:45:50,,,,,,nyse,2026-08-08T04:28:24,,,
ANEB,ANEB,2021-12-02,10:59:00,,LUDP,LULD pause,"Anebulo Pharmaceuticals, Inc. Common Stock",Nasdaq,2021-12-02,,11:09:00,,,,,,nyse,2026-08-08T04:28:24,,,
ANEB,ANEB,2021-12-02,11:10:23,,LUDP,LULD pause,"Anebulo Pharmaceuticals, Inc. Common Stock",Nasdaq,2021-12-02,,11:20:23,,,,,,nyse,2026-08-08T04:28:24,,,
ESSCU,ESSCU,2021-12-02,11:41:36,,LUDP,LULD pause,East Stone Acquisition Corporation Unit,Nasdaq,2021-12-02,,11:46:36,,,,,,nyse,2026-08-08T04:28:24,,,
SHPW,SHPW,2021-12-02,11:47:19,,LUDP,LULD pause,"Shapeways Holdings, Inc.",NYSE,2021-12-02,,11:52:24,,,,,,nyse,2026-08-08T04:28:24,,,
AERC,AERC,2021-12-02,12:57:43,,LUDP,LULD pause,"AeroClean Technologies, Inc. Common Stock",Nasdaq,2021-12-02,,13:02:43,,,,,,nyse,2026-08-08T04:28:24,,,
SOPA,SOPA,2021-12-02,13:00:26,,LUDP,LULD pause,Society Pass Incorporated Common Stock,Nasdaq,2021-12-02,,13:05:26,,,,,,nyse,2026-08-08T04:28:24,,,
PCTTU,PCTTU,2021-12-02,13:48:38,,LUDP,LULD pause,"PureCycle Technologies, Inc. Unit",Nasdaq,2021-12-02,,13:53:38,,,,,,nyse,2026-08-08T04:28:24,,,
PCTTU,PCTTU,2021-12-02,13:54:11,,LUDP,LULD pause,"PureCycle Technologies, Inc. Unit",Nasdaq,2021-12-02,,13:59:11,,,,,,nyse,2026-08-08T04:28:24,,,
BAFN,BAFN,2021-12-02,13:58:10,,LUDP,LULD pause,BayFirst Financial Corp. Common Stock,Nasdaq,2021-12-02,,14:03:10,,,,,,nyse,2026-08-08T04:28:24,,,
ESSCU,ESSCU,2021-12-02,14:34:21,,LUDP,LULD pause,East Stone Acquisition Corporation Unit,Nasdaq,2021-12-02,,14:39:21,,,,,,nyse,2026-08-08T04:28:24,,,
IOBT,IOBT,2021-12-03,09:32:08,,LUDP,LULD pause,"IO Biotech, Inc. Common Stock",Nasdaq,2021-12-03,,09:42:09,,,,,,nyse,2026-08-08T04:28:24,,,
IOBT,IOBT,2021-12-03,09:54:29,,LUDP,LULD pause,"IO Biotech, Inc. Common Stock",Nasdaq,2021-12-03,,09:59:29,,,,,,nyse,2026-08-08T04:28:24,,,
HGTY,HGTY,2021-12-03,12:32:40,,LUDP,LULD pause,"Hagerty, Inc.",NYSE,2021-12-03,,12:38:28,,,,,,nyse,2026-08-08T04:28:24,,,
PCTTU,PCTTU,2021-12-03,12:33:29,,LUDP,LULD pause,"PureCycle Technologies, Inc. Unit",Nasdaq,2021-12-03,,12:38:29,,,,,,nyse,2026-08-08T04:28:24,,,
VCKA,VCKA,2021-12-06,08:55:04,,T1,News pending,Vickers Vantage Corp. I Ordinary Shares,Nasdaq,2021-12-06,,09:50:00,,,,,,nyse,2026-08-08T04:28:24,,,
VCKAU,VCKAU,2021-12-06,08:55:04,,T1,News pending,Vickers Vantage Corp. I Unit,Nasdaq,2021-12-06,,09:50:00,,,,,,nyse,2026-08-08T04:28:24,,,
VCKAW,VCKAW,2021-12-06,08:55:04,,T1,News pending,Vickers Vantage Corp. I Warrant,Nasdaq,2021-12-06,,09:51:16,,,,,,nyse,2026-08-08T04:28:24,,,
TRT,TRT,2021-12-06,09:04:30,,T1,News pending,Trio-Tech International,NYSE American,2021-12-06,,09:50:00,,,,,,nyse,2026-08-08T04:28:24,,,
DERM,DERM,2021-12-06,09:30:19,,LUDP,LULD pause,Journey Medical Corporation Common Stock,Nasdaq,2021-12-06,,09:35:19,,,,,,nyse,2026-08-08T04:28:24,,,
BZFD,BZFD,2021-12-06,09:30:56,,LUDP,LULD pause,"BuzzFeed, Inc. Class A Common Stock",Nasdaq,2021-12-06,,09:35:56,,,,,,nyse,2026-08-08T04:28:24,,,
PEAR,PEAR,2021-12-06,09:31:25,,LUDP,LULD pause,"Pear Therapeutics, Inc. Class A Common Stock",Nasdaq,2021-12-06,,09:36:25,,,,,,nyse,2026-08-08T04:28:24,,,
RETA,RETA,2021-12-06,09:31:59,,LUDP,LULD pause,"Reata Pharmaceuticals, Inc. Class A Common Stock",Nasdaq,2021-12-06,,09:36:59,,,,,,nyse,2026-08-08T04:28:24,,,
IMPP,IMPP,2021-12-06,09:34:57,,LUDP,LULD pause,Imperial Petroleum Inc. Common Shares,Nasdaq,2021-12-06,,09:39:57,,,,,,nyse,2026-08-08T04:28:24,,,
PEAR,PEAR,2021-12-06,09:37:17,,LUDP,LULD pause,"Pear Therapeutics, Inc. Class A Common Stock",Nasdaq,2021-12-06,,09:42:17,,,,,,nyse,2026-08-08T04:28:24,,,
CFVIU,CFVIU,2021-12-06,09:38:47,,LUDP,LULD pause,CF Acquisition Corp. VI Unit,Nasdaq,2021-12-06,,09:43:47,,,,,,nyse,2026-08-08T04:28:24,,,
TC,TC,2021-12-06,09:39:25,,LUDP,LULD pause,TuanChe Limited American Depositary Shares,Nasdaq,2021-12-06,,09:44:25,,,,,,nyse,2026-08-08T04:28:24,,,
TC,TC,2021-12-06,09:44:55,,LUDP,LULD pause,TuanChe Limited American Depositary Shares,Nasdaq,2021-12-06,,09:49:55,,,,,,nyse,2026-08-08T04:28:24,,,
HUDI,HUDI,2021-12-06,09:46:27,,LUDP,LULD pause,"Huadi International Group Co., Ltd. Ordinary Shares",Nasdaq,2021-12-06,,09:51:27,,,,,,nyse,2026-08-08T04:28:24,,,
PEAR,PEAR,2021-12-06,09:47:02,,LUDP,LULD pause,"Pear Therapeutics, Inc. Class A Common Stock",Nasdaq,2021-12-06,,09:57:02,,,,,,nyse,2026-08-08T04:28:24,,,
IMPP,IMPP,2021-12-06,09:49:09,,LUDP,LULD pause,Imperial Petroleum Inc. Common Shares,Nasdaq,2021-12-06,,09:59:14,,,,,,nyse,2026-08-08T04:28:24,,,
TC,TC,2021-12-06,09:50:34,,LUDP,LULD pause,TuanChe Limited American Depositary Shares,Nasdaq,2021-12-06,,09:55:34,,,,,,nyse,2026-08-08T04:28:24,,,
STG,STG,2021-12-06,09:55:20,,LUDP,LULD pause,"Sunlands Technology Group, American Depositary Shares,  American Depositary Shares, every two (2) AD",NYSE,2021-12-06,,10:00:20,,,,,,nyse,2026-08-08T04:28:24,,,
BZFD,BZFD,2021-12-06,09:57:12,,LUDP,LULD pause,"BuzzFeed, Inc. Class A Common Stock",Nasdaq,2021-12-06,,10:02:12,,,,,,nyse,2026-08-08T04:28:24,,,
IMPP,IMPP,2021-12-06,10:04:17,,LUDP,LULD pause,Imperial Petroleum Inc. Common Shares,Nasdaq,2021-12-06,,10:09:17,,,,,,nyse,2026-08-08T04:28:24,,,
IMPPP,IMPPP,2021-12-06,10:04:43,,LUDP,LULD pause,Imperial Petroleum Inc. 8.75% Series A Cumulative Redeemable Perpetual Preferred Shares,Nasdaq,2021-12-06,,10:09:43,,,,,,nyse,2026-08-08T04:28:24,,,
PIII,PIII,2021-12-06,10:05:39,,LUDP,LULD pause,P3 Health Partners Inc. Common Stock,Nasdaq,2021-12-06,,10:15:40,,,,,,nyse,2026-08-08T04:28:24,,,
IMRX,IMRX,2021-12-06,10:05:56,,LUDP,LULD pause,Immuneering Corporation Class A Common Stock,Nasdaq,2021-12-06,,10:15:56,,,,,,nyse,2026-08-08T04:28:24,,,
IMPP,IMPP,2021-12-06,10:10:40,,LUDP,LULD pause,Imperial Petroleum Inc. Common Shares,Nasdaq,2021-12-06,,10:15:40,,,,,,nyse,2026-08-08T04:28:24,,,
IMPP,IMPP,2021-12-06,10:16:17,,LUDP,LULD pause,Imperial Petroleum Inc. Common Shares,Nasdaq,2021-12-06,,10:46:18,,,,,,nyse,2026-08-08T04:28:24,,,
PIII,PIII,2021-12-06,10:16:18,,LUDP,LULD pause,P3 Health Partners Inc. Common Stock,Nasdaq,2021-12-06,,10:21:18,,,,,,nyse,2026-08-08T04:28:24,,,
AHT.PRG,AHT PRG,2021-12-06,10:20:40,,LUDP,LULD pause,"Ashford Hospitality Trust, Inc   7.375% Series G Cumulative Preferred Stock",NYSE,2021-12-06,,10:27:25,,,,,,nyse,2026-08-08T04:28:24,,,
PIII,PIII,2021-12-06,10:21:45,,LUDP,LULD pause,P3 Health Partners Inc. Common Stock,Nasdaq,2021-12-06,,10:31:45,,,,,,nyse,2026-08-08T04:28:24,,,
OG,OG,2021-12-06,10:43:45,,LUDP,LULD pause,Onion Global Limited American Depositary Shares (each ten (10) ADSs representing one (1) Class A Ord,NYSE,2021-12-06,,10:48:57,,,,,,nyse,2026-08-08T04:28:24,,,
IMPP,IMPP,2021-12-06,10:47:04,,LUDP,LULD pause,Imperial Petroleum Inc. Common Shares,Nasdaq,2021-12-06,,11:07:10,,,,,,nyse,2026-08-08T04:28:24,,,
BZFD,BZFD,2021-12-06,10:56:54,,LUDP,LULD pause,"BuzzFeed, Inc. Class A Common Stock",Nasdaq,2021-12-06,,11:01:54,,,,,,nyse,2026-08-08T04:28:24,,,
IMPP,IMPP,2021-12-06,11:07:30,,LUDP,LULD pause,Imperial Petroleum Inc. Common Shares,Nasdaq,2021-12-06,,11:47:31,,,,,,nyse,2026-08-08T04:28:24,,,
LGVN,LGVN,2021-12-06,11:28:49,,LUDP,LULD pause,Longeveron Inc. Common Stock,Nasdaq,2021-12-06,,11:33:49,,,,,,nyse,2026-08-08T04:28:24,,,
BFRI,BFRI,2021-12-06,11:33:45,,LUDP,LULD pause,Biofrontera Inc. Common Stock,Nasdaq,2021-12-06,,11:43:45,,,,,,nyse,2026-08-08T04:28:24,,,
IMPP,IMPP,2021-12-06,11:47:47,,LUDP,LULD pause,Imperial Petroleum Inc. Common Shares,Nasdaq,2021-12-06,,11:52:47,,,,,,nyse,2026-08-08T04:28:24,,,
IMPP,IMPP,2021-12-06,11:53:10,,LUDP,LULD pause,Imperial Petroleum Inc. Common Shares,Nasdaq,2021-12-06,,12:28:11,,,,,,nyse,2026-08-08T04:28:24,,,
ISIG,ISIG,2021-12-06,11:56:12,,LUDP,LULD pause,Insignia Systems Inc,Nasdaq,2021-12-06,,12:06:12,,,,,,nyse,2026-08-08T04:28:24,,,
ISIG,ISIG,2021-12-06,12:06:31,,LUDP,LULD pause,Insignia Systems Inc,Nasdaq,2021-12-06,,12:11:31,,,,,,nyse,2026-08-08T04:28:24,,,
ACET,ACET,2021-12-06,12:11:27,,LUDP,LULD pause,"Adicet Bio, Inc. Common Stock",Nasdaq,2021-12-06,,12:16:27,,,,,,nyse,2026-08-08T04:28:24,,,
ISIG,ISIG,2021-12-06,12:11:54,,LUDP,LULD pause,Insignia Systems Inc,Nasdaq,2021-12-06,,12:16:54,,,,,,nyse,2026-08-08T04:28:24,,,
ISIG,ISIG,2021-12-06,12:17:11,,LUDP,LULD pause,Insignia Systems Inc,Nasdaq,2021-12-06,,12:22:11,,,,,,nyse,2026-08-08T04:28:24,,,
IMPP,IMPP,2021-12-06,12:28:27,,LUDP,LULD pause,Imperial Petroleum Inc. Common Shares,Nasdaq,2021-12-06,,12:53:28,,,,,,nyse,2026-08-08T04:28:24,,,
IMPP,IMPP,2021-12-06,12:53:54,,LUDP,LULD pause,Imperial Petroleum Inc. Common Shares,Nasdaq,2021-12-06,,13:03:54,,,,,,nyse,2026-08-08T04:28:24,,,
IMPP,IMPP,2021-12-06,13:04:11,,LUDP,LULD pause,Imperial Petroleum Inc. Common Shares,Nasdaq,2021-12-06,,13:14:11,,,,,,nyse,2026-08-08T04:28:24,,,
IMPP,IMPP,2021-12-06,13:14:41,,LUDP,LULD pause,Imperial Petroleum Inc. Common Shares,Nasdaq,2021-12-06,,13:24:41,,,,,,nyse,2026-08-08T04:28:24,,,
IMPP,IMPP,2021-12-06,13:25:09,,LUDP,LULD pause,Imperial Petroleum Inc. Common Shares,Nasdaq,2021-12-06,,13:30:09,,,,,,nyse,2026-08-08T04:28:24,,,
IMPP,IMPP,2021-12-06,13:30:59,,LUDP,LULD pause,Imperial Petroleum Inc. Common Shares,Nasdaq,2021-12-06,,13:41:00,,,,,,nyse,2026-08-08T04:28:24,,,
IMPP,IMPP,2021-12-06,13:42:35,,LUDP,LULD pause,Imperial Petroleum Inc. Common Shares,Nasdaq,2021-12-06,,13:57:36,,,,,,nyse,2026-08-08T04:28:24,,,
ISIG,ISIG,2021-12-06,13:54:16,,LUDP,LULD pause,Insignia Systems Inc,Nasdaq,2021-12-06,,13:59:16,,,,,,nyse,2026-08-08T04:28:24,,,
IMPP,IMPP,2021-12-06,13:58:01,,LUDP,LULD pause,Imperial Petroleum Inc. Common Shares,Nasdaq,2021-12-06,,14:03:01,,,,,,nyse,2026-08-08T04:28:24,,,
IMPP,IMPP,2021-12-06,14:03:31,,LUDP,LULD pause,Imperial Petroleum Inc. Common Shares,Nasdaq,2021-12-06,,14:08:31,,,,,,nyse,2026-08-08T04:28:24,,,
IMPP,IMPP,2021-12-06,14:08:59,,LUDP,LULD pause,Imperial Petroleum Inc. Common Shares,Nasdaq,2021-12-06,,14:13:59,,,,,,nyse,2026-08-08T04:28:24,,,
IMPP,IMPP,2021-12-06,14:16:19,,LUDP,LULD pause,Imperial Petroleum Inc. Common Shares,Nasdaq,2021-12-06,,14:21:19,,,,,,nyse,2026-08-08T04:28:24,,,
IMPP,IMPP,2021-12-06,14:21:34,,LUDP,LULD pause,Imperial Petroleum Inc. Common Shares,Nasdaq,2021-12-06,,14:26:34,,,,,,nyse,2026-08-08T04:28:24,,,
IMPP,IMPP,2021-12-06,14:27:35,,LUDP,LULD pause,Imperial Petroleum Inc. Common Shares,Nasdaq,2021-12-06,,14:32:35,,,,,,nyse,2026-08-08T04:28:24,,,
IMPP,IMPP,2021-12-06,14:34:46,,LUDP,LULD pause,Imperial Petroleum Inc. Common Shares,Nasdaq,2021-12-06,,14:44:47,,,,,,nyse,2026-08-08T04:28:24,,,
IMPP,IMPP,2021-12-06,14:45:02,,LUDP,LULD pause,Imperial Petroleum Inc. Common Shares,Nasdaq,2021-12-06,,14:55:02,,,,,,nyse,2026-08-08T04:28:24,,,
IMPP,IMPP,2021-12-06,14:55:21,,LUDP,LULD pause,Imperial Petroleum Inc. Common Shares,Nasdaq,2021-12-06,,15:00:21,,,,,,nyse,2026-08-08T04:28:24,,,
IMPP,IMPP,2021-12-06,15:00:36,,LUDP,LULD pause,Imperial Petroleum Inc. Common Shares,Nasdaq,2021-12-06,,15:10:36,,,,,,nyse,2026-08-08T04:28:24,,,
IMPP,IMPP,2021-12-06,15:11:01,,LUDP,LULD pause,Imperial Petroleum Inc. Common Shares,Nasdaq,2021-12-06,,15:21:01,,,,,,nyse,2026-08-08T04:28:24,,,
IMPP,IMPP,2021-12-06,15:21:57,,LUDP,LULD pause,Imperial Petroleum Inc. Common Shares,Nasdaq,2021-12-06,,15:31:57,,,,,,nyse,2026-08-08T04:28:24,,,
IMPP,IMPP,2021-12-06,15:32:14,,LUDP,LULD pause,Imperial Petroleum Inc. Common Shares,Nasdaq,2021-12-06,,15:37:14,,,,,,nyse,2026-08-08T04:28:24,,,
IMPP,IMPP,2021-12-06,15:39:30,,LUDP,LULD pause,Imperial Petroleum Inc. Common Shares,Nasdaq,2021-12-06,,16:00:00,,,,,,nyse,2026-08-08T04:28:24,,,
OGCP,OGCP,2021-12-06,15:49:50,,LUDP,LULD pause,"Empire State Realty OP, L.P. Series 60",NYSE Arca,2021-12-06,,16:02:04,,,,,,nyse,2026-08-08T04:28:24,,,
SOFIW,SOFIW,2021-12-06,16:05:01,,T1,News pending,"SoFi Technologies, Inc. Warrants",Nasdaq,,,,,,,,,nyse,2026-08-08T04:28:24,no_reanudo,,
VCSA,VCSA,2021-12-07,04:00:00,,T1,News pending,"Vacasa, Inc. Class A Common Stock",Nasdaq,2021-12-07,,09:45:00,,,,,,nyse,2026-08-08T04:28:24,,,
MIME,MIME,2021-12-07,06:55:16,,T1,News pending,Mimecast Limited,Nasdaq,2021-12-07,,07:30:00,,,,,,nyse,2026-08-08T04:28:24,,,
FOXW,FOXW,2021-12-07,08:10:12,,T1,News pending,FoxWayne Enterprises Acquisition Corp. Class A Common Stock,Nasdaq,2021-12-07,,08:45:00,,,,,,nyse,2026-08-08T04:28:24,,,
FOXWU,FOXWU,2021-12-07,08:10:12,,T1,News pending,FoxWayne Enterprises Acquisition Corp. Unit,Nasdaq,2021-12-07,,08:45:00,,,,,,nyse,2026-08-08T04:28:24,,,
FOXWW,FOXWW,2021-12-07,08:10:12,,T1,News pending,FoxWayne Enterprises Acquisition Corp. Warrant,Nasdaq,2021-12-07,,08:45:00,,,,,,nyse,2026-08-08T04:28:24,,,
CADL,CADL,2021-12-07,09:32:25,,LUDP,LULD pause,"Candel Therapeutics, Inc. Common Stock",Nasdaq,2021-12-07,,09:37:25,,,,,,nyse,2026-08-08T04:28:24,,,
BRLIU,BRLIU,2021-12-07,09:32:57,,LUDP,LULD pause,Brilliant Acquisition Corporation Unit,Nasdaq,2021-12-07,,09:37:57,,,,,,nyse,2026-08-08T04:28:24,,,
PEAR,PEAR,2021-12-07,09:42:39,,LUDP,LULD pause,"Pear Therapeutics, Inc. Class A Common Stock",Nasdaq,2021-12-07,,09:52:40,,,,,,nyse,2026-08-08T04:28:24,,,
AHI,AHI,2021-12-07,09:46:33,,LUDP,LULD pause,Advanced Human Imaging Limited. American Depositary Shares,Nasdaq,2021-12-07,,09:56:34,,,,,,nyse,2026-08-08T04:28:24,,,
OGCP,OGCP,2021-12-07,09:53:56,,LUDP,LULD pause,"Empire State Realty OP, L.P. Series 60",NYSE Arca,2021-12-07,,09:58:56,,,,,,nyse,2026-08-08T04:28:24,,,
PEAR,PEAR,2021-12-07,09:56:36,,LUDP,LULD pause,"Pear Therapeutics, Inc. Class A Common Stock",Nasdaq,2021-12-07,,10:01:36,,,,,,nyse,2026-08-08T04:28:24,,,
AHI,AHI,2021-12-07,09:58:18,,LUDP,LULD pause,Advanced Human Imaging Limited. American Depositary Shares,Nasdaq,2021-12-07,,10:03:18,,,,,,nyse,2026-08-08T04:28:24,,,
IMPP,IMPP,2021-12-07,10:04:05,,LUDP,LULD pause,Imperial Petroleum Inc. Common Shares,Nasdaq,2021-12-07,,10:09:05,,,,,,nyse,2026-08-08T04:28:24,,,
ISIG,ISIG,2021-12-07,10:04:05,,LUDP,LULD pause,Insignia Systems Inc,Nasdaq,2021-12-07,,10:09:05,,,,,,nyse,2026-08-08T04:28:24,,,
IMPP,IMPP,2021-12-07,10:12:39,,LUDP,LULD pause,Imperial Petroleum Inc. Common Shares,Nasdaq,2021-12-07,,10:17:39,,,,,,nyse,2026-08-08T04:28:24,,,
AVAV,AVAV,2021-12-07,10:18:39,,LUDP,LULD pause,"AeroVironment, Inc.",Nasdaq,2021-12-07,,10:23:39,,,,,,nyse,2026-08-08T04:28:24,,,
IMPP,IMPP,2021-12-07,10:20:29,,LUDP,LULD pause,Imperial Petroleum Inc. Common Shares,Nasdaq,2021-12-07,,10:25:29,,,,,,nyse,2026-08-08T04:28:24,,,
IMPP,IMPP,2021-12-07,10:26:10,,LUDP,LULD pause,Imperial Petroleum Inc. Common Shares,Nasdaq,2021-12-07,,10:36:11,,,,,,nyse,2026-08-08T04:28:24,,,
DARE,DARE,2021-12-07,11:16:14,,T1,News pending,"Dare Bioscience, Inc. Common Stock",Nasdaq,2021-12-07,,16:45:00,,,,,,nyse,2026-08-08T04:28:24,,,
PPD,PPD,2021-12-07,19:51:10,,T1,News pending,"PPD, Inc. Common Stock",Nasdaq,,,,,,,,,nyse,2026-08-08T04:28:24,no_reanudo,,
OCCIN,OCCIN,2021-12-08,04:00:00,,T1,News pending,"OFS Credit Company, Inc. 5.25% Series E Term Preferred Stock Due 2026",Nasdaq,2021-12-08,,11:45:00,,,,,,nyse,2026-08-08T04:28:24,,,
RETA,RETA,2021-12-08,06:55:03,,T1,News pending,"Reata Pharmaceuticals, Inc. Class A Common Stock",Nasdaq,2021-12-08,,18:20:00,,,,,,nyse,2026-08-08T04:28:24,,,
IMPP,IMPP,2021-12-08,09:38:12,,LUDP,LULD pause,Imperial Petroleum Inc. Common Shares,Nasdaq,2021-12-08,,09:48:12,,,,,,nyse,2026-08-08T04:28:24,,,
ISIG,ISIG,2021-12-08,09:40:31,,LUDP,LULD pause,Insignia Systems Inc,Nasdaq,2021-12-08,,09:50:31,,,,,,nyse,2026-08-08T04:28:24,,,
IMPP,IMPP,2021-12-08,09:48:55,,LUDP,LULD pause,Imperial Petroleum Inc. Common Shares,Nasdaq,2021-12-08,,09:53:55,,,,,,nyse,2026-08-08T04:28:24,,,
ISIG,ISIG,2021-12-08,09:50:57,,LUDP,LULD pause,Insignia Systems Inc,Nasdaq,2021-12-08,,09:55:57,,,,,,nyse,2026-08-08T04:28:24,,,
IMPP,IMPP,2021-12-08,09:54:36,,LUDP,LULD pause,Imperial Petroleum Inc. Common Shares,Nasdaq,2021-12-08,,09:59:36,,,,,,nyse,2026-08-08T04:28:24,,,
IMPP,IMPP,2021-12-08,10:20:40,,LUDP,LULD pause,Imperial Petroleum Inc. Common Shares,Nasdaq,2021-12-08,,10:25:40,,,,,,nyse,2026-08-08T04:28:24,,,
ISIG,ISIG,2021-12-08,10:21:07,,LUDP,LULD pause,Insignia Systems Inc,Nasdaq,2021-12-08,,10:26:07,,,,,,nyse,2026-08-08T04:28:24,,,
NVEI,NVEI,2021-12-08,10:28:49,,LUDP,LULD pause,Nuvei Corporation Subordinate Voting Shares,Nasdaq,2021-12-08,,10:33:49,,,,,,nyse,2026-08-08T04:28:24,,,
FEMY,FEMY,2021-12-08,11:43:17,,LUDP,LULD pause,Femasys Inc. Common Stock,Nasdaq,2021-12-08,,11:48:17,,,,,,nyse,2026-08-08T04:28:24,,,
OCCIN,OCCIN,2021-12-08,11:45:43,,LUDP,LULD pause,"OFS Credit Company, Inc. 5.25% Series E Term Preferred Stock Due 2026",Nasdaq,2021-12-08,,11:50:43,,,,,,nyse,2026-08-08T04:28:24,,,
ATIF,ATIF,2021-12-08,12:08:53,,LUDP,LULD pause,ATIF Holdings Limited Ordinary Shares,Nasdaq,2021-12-08,,12:13:53,,,,,,nyse,2026-08-08T04:28:24,,,
ESBA,ESBA,2021-12-08,12:44:43,,LUDP,LULD pause,"EMPIRE STATE REALTY OP, L.P.  SERIES ES",NYSE Arca,2021-12-08,,12:49:43,,,,,,nyse,2026-08-08T04:28:24,,,
LIXT,LIXT,2021-12-08,13:24:39,,LUDP,LULD pause,"Lixte Biotechnology Holdings, Inc. Common Stock",Nasdaq,2021-12-08,,13:29:39,,,,,,nyse,2026-08-08T04:28:24,,,
PPSI,PPSI,2021-12-08,13:32:48,,LUDP,LULD pause,"Pioneer Power Solutions, Inc.",Nasdaq,2021-12-08,,13:37:48,,,,,,nyse,2026-08-08T04:28:24,,,
OGCP,OGCP,2021-12-08,14:17:29,,LUDP,LULD pause,"Empire State Realty OP, L.P. Series 60",NYSE Arca,2021-12-08,,14:22:29,,,,,,nyse,2026-08-08T04:28:24,,,
VECT,VECT,2021-12-08,14:38:56,,LUDP,LULD pause,VectivBio Holding AG Ordinary Shares,Nasdaq,2021-12-08,,14:43:56,,,,,,nyse,2026-08-08T04:28:24,,,
BFRI,BFRI,2021-12-08,14:58:36,,LUDP,LULD pause,Biofrontera Inc. Common Stock,Nasdaq,2021-12-08,,15:08:36,,,,,,nyse,2026-08-08T04:28:24,,,
OGCP,OGCP,2021-12-08,15:29:33,,LUDP,LULD pause,"Empire State Realty OP, L.P. Series 60",NYSE Arca,2021-12-08,,15:39:33,,,,,,nyse,2026-08-08T04:28:24,,,
OGCP,OGCP,2021-12-08,15:39:49,,LUDP,LULD pause,"Empire State Realty OP, L.P. Series 60",NYSE Arca,2021-12-08,,15:44:49,,,,,,nyse,2026-08-08T04:28:24,,,
ICCM,ICCM,2021-12-08,19:52:32,,T1,News pending,IceCure Medical Ltd. Ordinary Shares,Nasdaq,2021-12-09,,09:04:00,,,,,,nyse,2026-08-08T04:28:24,,,
PERI,PERI,2021-12-08,19:52:32,,T1,News pending,Perion Network Ltd.,Nasdaq,2021-12-09,,09:12:00,,,,,,nyse,2026-08-08T04:28:24,,,
TGLS,TGLS,2021-12-09,09:31:38,,LUDP,LULD pause,Tecnoglass Inc.,Nasdaq,2021-12-09,,09:36:38,,,,,,nyse,2026-08-08T04:28:24,,,
ISIG,ISIG,2021-12-09,09:33:12,,LUDP,LULD pause,Insignia Systems Inc,Nasdaq,2021-12-09,,09:43:13,,,,,,nyse,2026-08-08T04:28:24,,,
PEAR,PEAR,2021-12-09,09:34:05,,LUDP,LULD pause,"Pear Therapeutics, Inc. Class A Common Stock",Nasdaq,2021-12-09,,09:39:05,,,,,,nyse,2026-08-08T04:28:24,,,
EFOI,EFOI,2021-12-09,09:35:17,,LUDP,LULD pause,"Energy Focus, Inc.",Nasdaq,2021-12-09,,09:40:17,,,,,,nyse,2026-08-08T04:28:24,,,
PEPL,PEPL,2021-12-09,09:41:30,,LUDP,LULD pause,PepperLime Health Acquisition Corporation Class A Ordinary Share,Nasdaq,2021-12-09,,09:51:31,,,,,,nyse,2026-08-08T04:28:24,,,
PEAR,PEAR,2021-12-09,09:42:13,,LUDP,LULD pause,"Pear Therapeutics, Inc. Class A Common Stock",Nasdaq,2021-12-09,,09:47:13,,,,,,nyse,2026-08-08T04:28:24,,,
RCRT,RCRT,2021-12-09,09:48:04,,LUDP,LULD pause,"Recruiter.com Group, Inc. Common Stock",Nasdaq,2021-12-09,,09:58:04,,,,,,nyse,2026-08-08T04:28:24,,,
ISIG,ISIG,2021-12-09,09:50:54,,LUDP,LULD pause,Insignia Systems Inc,Nasdaq,2021-12-09,,09:55:54,,,,,,nyse,2026-08-08T04:28:24,,,
BOXD,BOXD,2021-12-09,09:51:39,,LUDP,LULD pause,"Boxed, Inc.",NYSE,2021-12-09,,09:56:45,,,,,,nyse,2026-08-08T04:28:24,,,
RENN,RENN,2021-12-09,09:55:14,,LUDP,LULD pause,Renren Inc. American Depositary Share (each representing forty-five (45) Class A Ordinary Shares),NYSE,2021-12-09,,10:02:31,,,,,,nyse,2026-08-08T04:28:24,,,
ISIG,ISIG,2021-12-09,09:56:16,,LUDP,LULD pause,Insignia Systems Inc,Nasdaq,2021-12-09,,10:01:16,,,,,,nyse,2026-08-08T04:28:24,,,
PEPL,PEPL,2021-12-09,09:56:54,,LUDP,LULD pause,PepperLime Health Acquisition Corporation Class A Ordinary Share,Nasdaq,2021-12-09,,10:01:54,,,,,,nyse,2026-08-08T04:28:24,,,
BOXD,BOXD,2021-12-09,09:58:09,,LUDP,LULD pause,"Boxed, Inc.",NYSE,2021-12-09,,10:03:12,,,,,,nyse,2026-08-08T04:28:24,,,
RENN,RENN,2021-12-09,10:02:49,,LUDP,LULD pause,Renren Inc. American Depositary Share (each representing forty-five (45) Class A Ordinary Shares),NYSE,2021-12-09,,10:08:06,,,,,,nyse,2026-08-08T04:28:24,,,
BOXD,BOXD,2021-12-09,10:03:31,,LUDP,LULD pause,"Boxed, Inc.",NYSE,2021-12-09,,10:08:50,,,,,,nyse,2026-08-08T04:28:24,,,
BOXD,BOXD,2021-12-09,10:10:11,,LUDP,LULD pause,"Boxed, Inc.",NYSE,2021-12-09,,10:15:14,,,,,,nyse,2026-08-08T04:28:24,,,
RENN,RENN,2021-12-09,10:13:16,,LUDP,LULD pause,Renren Inc. American Depositary Share (each representing forty-five (45) Class A Ordinary Shares),NYSE,2021-12-09,,10:18:19,,,,,,nyse,2026-08-08T04:28:24,,,
ISIG,ISIG,2021-12-09,10:17:08,,LUDP,LULD pause,Insignia Systems Inc,Nasdaq,2021-12-09,,10:22:08,,,,,,nyse,2026-08-08T04:28:24,,,
RENN,RENN,2021-12-09,10:23:41,,LUDP,LULD pause,Renren Inc. American Depositary Share (each representing forty-five (45) Class A Ordinary Shares),NYSE,2021-12-09,,10:28:46,,,,,,nyse,2026-08-08T04:28:24,,,
IMPP,IMPP,2021-12-09,10:29:38,,LUDP,LULD pause,Imperial Petroleum Inc. Common Shares,Nasdaq,2021-12-09,,10:34:38,,,,,,nyse,2026-08-08T04:28:24,,,
RENN,RENN,2021-12-09,10:42:44,,T1,News pending,Renren Inc. American Depositary Share (each representing forty-five (45) Class A Ordinary Shares),NYSE,2021-12-09,,13:56:34,,,,,,nyse,2026-08-08T04:28:24,,,
PPSI,PPSI,2021-12-09,10:44:58,,LUDP,LULD pause,"Pioneer Power Solutions, Inc.",Nasdaq,2021-12-09,,10:54:58,,,,,,nyse,2026-08-08T04:28:24,,,
MSP,MSP,2021-12-09,12:41:33,,T1,News pending,Datto Holding Corp.,NYSE,2021-12-09,,13:28:07,,,,,,nyse,2026-08-08T04:28:24,,,
RRD,RRD,2021-12-09,13:21:11,,T1,News pending,RR Donnelley & Sons Co.,NYSE,2021-12-09,,13:57:37,,,,,,nyse,2026-08-08T04:28:24,,,
GLSI,GLSI,2021-12-09,14:14:01,,LUDP,LULD pause,"Greenwich LifeSciences, Inc.",Nasdaq,2021-12-09,,14:19:01,,,,,,nyse,2026-08-08T04:28:24,,,
NMMC,NMMC,2021-12-10,06:55:12,,T1,News pending,North Mountain Merger Corp. Class A Common Stock,Nasdaq,2021-12-10,,07:30:00,,,,,,nyse,2026-08-08T04:28:24,,,
NMMCU,NMMCU,2021-12-10,06:55:12,,T1,News pending,North Mountain Merger Corp. Unit,Nasdaq,2021-12-10,,07:30:00,,,,,,nyse,2026-08-08T04:28:24,,,
NMMCW,NMMCW,2021-12-10,06:55:12,,T1,News pending,North Mountain Merger Corp. Warrant,Nasdaq,2021-12-10,,07:30:00,,,,,,nyse,2026-08-08T04:28:24,,,
EVBG,EVBG,2021-12-10,09:32:58,,LUDP,LULD pause,"Everbridge, Inc. Common Stock",Nasdaq,2021-12-10,,09:37:58,,,,,,nyse,2026-08-08T04:28:24,,,
ESSCU,ESSCU,2021-12-10,09:41:55,,LUDP,LULD pause,East Stone Acquisition Corporation Unit,Nasdaq,2021-12-10,,09:46:55,,,,,,nyse,2026-08-08T04:28:24,,,
IINN,IINN,2021-12-10,09:51:11,,LUDP,LULD pause,Inspira Technologies Oxy B.H.N. Ltd. Ordinary Shares,Nasdaq,2021-12-10,,10:01:11,,,,,,nyse,2026-08-08T04:28:24,,,
ENSC,ENSC,2021-12-10,09:52:30,,LUDP,LULD pause,"Ensysce Biosciences, Inc. Common Stock",Nasdaq,2021-12-10,,09:57:30,,,,,,nyse,2026-08-08T04:28:24,,,
SYTA,SYTA,2021-12-10,09:54:55,,LUDP,LULD pause,"Siyata Mobile, Inc.",Nasdaq,2021-12-10,,10:04:56,,,,,,nyse,2026-08-08T04:28:24,,,
ABVC,ABVC,2021-12-10,10:03:58,,LUDP,LULD pause,"ABVC BioPharma, Inc. Common Stock",Nasdaq,2021-12-10,,10:13:58,,,,,,nyse,2026-08-08T04:28:24,,,
AHPI,AHPI,2021-12-10,10:14:13,,LUDP,LULD pause,Allied Healthcare Products,Nasdaq,2021-12-10,,10:19:13,,,,,,nyse,2026-08-08T04:28:24,,,
PIK,PIK,2021-12-10,12:47:49,,LUDP,LULD pause,Kidpik Corp. Common Stock,Nasdaq,2021-12-10,,12:52:49,,,,,,nyse,2026-08-08T04:28:24,,,
RCRT,RCRT,2021-12-10,13:49:27,,LUDP,LULD pause,"Recruiter.com Group, Inc. Common Stock",Nasdaq,2021-12-10,,13:54:27,,,,,,nyse,2026-08-08T04:28:24,,,
RCRT,RCRT,2021-12-10,13:54:47,,LUDP,LULD pause,"Recruiter.com Group, Inc. Common Stock",Nasdaq,2021-12-10,,13:59:47,,,,,,nyse,2026-08-08T04:28:24,,,
ALIN.PRB,ALIN PRB,2021-12-10,14:48:04,,LUDP,LULD pause,"Altera Infrastructure L.P. 8.50% Series B Cumulative Redeemable Preferred Units, representing limite",NYSE,2021-12-10,,14:53:04,,,,,,nyse,2026-08-08T04:28:24,,,
HRC,HRC,2021-12-13,08:42:18,,UNKNOWN,Merger Effective,"HILL-ROM HOLDINGS, INC.",NYSE,,,,,,,,,nyse,2026-08-08T04:28:24,no_reanudo,,
GACQ,GACQ,2021-12-13,08:59:10,,T1,News pending,Global Consumer Acquisition Corp. Common Stock,Nasdaq,2021-12-13,,10:25:00,,,,,,nyse,2026-08-08T04:28:24,,,
GACQU,GACQU,2021-12-13,08:59:10,,T1,News pending,Global Consumer Acquisition Corp. Unit,Nasdaq,2021-12-13,,10:25:00,,,,,,nyse,2026-08-08T04:28:24,,,
GACQW,GACQW,2021-12-13,08:59:10,,T1,News pending,Global Consumer Acquisition Corp. Warrant,Nasdaq,2021-12-13,,10:25:24,,,,,,nyse,2026-08-08T04:28:24,,,
ESSC,ESSC,2021-12-13,09:35:15,,LUDP,LULD pause,East Stone Acquisition Corporation Ordinary Shares,Nasdaq,2021-12-13,,09:45:15,,,,,,nyse,2026-08-08T04:28:24,,,
NES,NES,2021-12-13,09:35:53,,LUDP,LULD pause,"Nuverra Environmental Solutions, Inc. Common Stock",NYSE American,2021-12-13,,09:45:54,,,,,,nyse,2026-08-08T04:28:24,,,
IVSG,IVSG,2021-12-13,09:39:38,,LUDP,LULD pause,Invesco Select Growth ETF,Cboe BZX,2021-12-13,,09:44:38,,,,,,nyse,2026-08-08T04:28:24,,,
ESSCU,ESSCU,2021-12-13,09:41:57,,LUDP,LULD pause,East Stone Acquisition Corporation Unit,Nasdaq,2021-12-13,,09:46:57,,,,,,nyse,2026-08-08T04:28:24,,,
RELI,RELI,2021-12-13,10:01:44,,LUDP,LULD pause,"Reliance Global Group, Inc. Common Stock",Nasdaq,2021-12-13,,10:06:44,,,,,,nyse,2026-08-08T04:28:24,,,
IINN,IINN,2021-12-13,10:27:14,,LUDP,LULD pause,Inspira Technologies Oxy B.H.N. Ltd. Ordinary Shares,Nasdaq,2021-12-13,,10:32:14,,,,,,nyse,2026-08-08T04:28:24,,,
SGMA,SGMA,2021-12-13,10:42:43,,LUDP,LULD pause,Sigmatron International Inc,Nasdaq,2021-12-13,,10:52:43,,,,,,nyse,2026-08-08T04:28:24,,,
VIRX,VIRX,2021-12-13,11:30:36,,LUDP,LULD pause,"Viracta Therapeutics, Inc. Common Stock",Nasdaq,2021-12-13,,11:35:36,,,,,,nyse,2026-08-08T04:28:24,,,
AZYO,AZYO,2021-12-13,11:55:05,,LUDP,LULD pause,"Aziyo Biologics, Inc. Class A Common Stock",Nasdaq,2021-12-13,,12:05:05,,,,,,nyse,2026-08-08T04:28:24,,,
SYTA,SYTA,2021-12-13,13:30:27,,LUDP,LULD pause,"Siyata Mobile, Inc.",Nasdaq,2021-12-13,,13:35:27,,,,,,nyse,2026-08-08T04:28:24,,,
SEAC,SEAC,2021-12-13,14:40:20,,LUDP,LULD pause,Seachange International Inc,Nasdaq,2021-12-13,,14:45:20,,,,,,nyse,2026-08-08T04:28:24,,,
SEAC,SEAC,2021-12-13,14:45:49,,LUDP,LULD pause,Seachange International Inc,Nasdaq,2021-12-13,,14:50:49,,,,,,nyse,2026-08-08T04:28:24,,,
GMBLP,GMBLP,2021-12-13,14:59:44,,LUDP,LULD pause,Esports Entertainment Group Inc. 10.0% Series A Cumulative Redeemable Convertible Preferred Stock,Nasdaq,2021-12-13,,15:18:22,,,,,,nyse,2026-08-08T04:28:24,,,
CDTX,CDTX,2021-12-14,06:55:16,,T1,News pending,"Cidara Therapeutics, Inc.",Nasdaq,2021-12-14,,07:30:00,,,,,,nyse,2026-08-08T04:28:24,,,
GRTX,GRTX,2021-12-14,06:55:16,,T1,News pending,"Galera Therapeutics, Inc. Common Stock",Nasdaq,2021-12-14,,07:30:00,,,,,,nyse,2026-08-08T04:28:24,,,
GIIX,GIIX,2021-12-14,06:57:48,,T1,News pending,"Gores Holdings VIII, Inc. Class A Common Stock",Nasdaq,2021-12-14,,07:30:00,,,,,,nyse,2026-08-08T04:28:24,,,
GIIXU,GIIXU,2021-12-14,06:57:48,,T1,News pending,"Gores Holdings VIII, Inc. Unit",Nasdaq,2021-12-14,,07:30:00,,,,,,nyse,2026-08-08T04:28:24,,,
GIIXW,GIIXW,2021-12-14,06:57:48,,T1,News pending,"Gores Holdings VIII, Inc. Warrant",Nasdaq,2021-12-14,,07:30:00,,,,,,nyse,2026-08-08T04:28:24,,,
KSU,KSU,2021-12-14,08:50:30,,UNKNOWN,Merger Effective,Kansas City Southern,NYSE,,,,,,,,,nyse,2026-08-08T04:28:24,no_reanudo,,
KSU.PR,KSU PR,2021-12-14,08:50:30,,UNKNOWN,Merger Effective,Kansas City Southern Non-Cumulative Preferred Stock,NYSE,,,,,,,,,nyse,2026-08-08T04:28:24,no_reanudo,,
WULF,WULF,2021-12-14,09:30:18,,LUDP,LULD pause,TeraWulf Inc. Common Stock,Nasdaq,2021-12-14,,09:40:19,,,,,,nyse,2026-08-08T04:28:24,,,
CABA,CABA,2021-12-14,09:30:44,,LUDP,LULD pause,"Cabaletta Bio, Inc. Common Stock",Nasdaq,2021-12-14,,09:35:44,,,,,,nyse,2026-08-08T04:28:24,,,
PCTTU,PCTTU,2021-12-14,09:32:28,,LUDP,LULD pause,"PureCycle Technologies, Inc. Unit",Nasdaq,2021-12-14,,09:37:28,,,,,,nyse,2026-08-08T04:28:24,,,
HUSN,HUSN,2021-12-14,09:32:40,,LUDP,LULD pause,Hudson Capital Inc. Ordinary Shares,Nasdaq,2021-12-14,,09:42:40,,,,,,nyse,2026-08-08T04:28:24,,,
GBIO,GBIO,2021-12-14,09:33:04,,LUDP,LULD pause,Generation Bio Co. Common Stock,Nasdaq,2021-12-14,,09:38:04,,,,,,nyse,2026-08-08T04:28:24,,,
PCTTU,PCTTU,2021-12-14,09:38:36,,LUDP,LULD pause,"PureCycle Technologies, Inc. Unit",Nasdaq,2021-12-14,,09:43:36,,,,,,nyse,2026-08-08T04:28:24,,,
WULF,WULF,2021-12-14,09:42:35,,LUDP,LULD pause,TeraWulf Inc. Common Stock,Nasdaq,2021-12-14,,09:47:35,,,,,,nyse,2026-08-08T04:28:24,,,
ISSC,ISSC,2021-12-14,09:44:50,,LUDP,LULD pause,Innovative Solutions & Support,Nasdaq,2021-12-14,,09:49:50,,,,,,nyse,2026-08-08T04:28:24,,,
WULF,WULF,2021-12-14,09:56:57,,LUDP,LULD pause,TeraWulf Inc. Common Stock,Nasdaq,2021-12-14,,10:06:57,,,,,,nyse,2026-08-08T04:28:24,,,
SOLY,SOLY,2021-12-14,10:00:45,,LUDP,LULD pause,"Soliton, Inc.",Nasdaq,2021-12-14,,10:05:45,,,,,,nyse,2026-08-08T04:28:24,,,
ADAG,ADAG,2021-12-14,10:06:56,,LUDP,LULD pause,Adagene Inc. American Depositary Shares,Nasdaq,2021-12-14,,10:11:56,,,,,,nyse,2026-08-08T04:28:24,,,
WULF,WULF,2021-12-14,11:27:10,,LUDP,LULD pause,TeraWulf Inc. Common Stock,Nasdaq,2021-12-14,,11:37:10,,,,,,nyse,2026-08-08T04:28:24,,,
SIDU,SIDU,2021-12-14,11:32:41,,LUDP,LULD pause,"Sidus Space, Inc. Class A Common Stock",Nasdaq,2021-12-14,,11:47:42,,,,,,nyse,2026-08-08T04:28:24,,,
WHLRL,WHLRL,2021-12-14,11:39:43,,LUDP,LULD pause,"Wheeler Real Estate Investment Trust, Inc. 7.00% Senior Subordinated Convertible Notes Due 2031",Nasdaq,2021-12-14,,11:44:43,,,,,,nyse,2026-08-08T04:28:24,,,
SIDU,SIDU,2021-12-14,11:49:37,,LUDP,LULD pause,"Sidus Space, Inc. Class A Common Stock",Nasdaq,2021-12-14,,11:54:37,,,,,,nyse,2026-08-08T04:28:24,,,
HLBZ,HLBZ,2021-12-14,12:00:19,,LUDP,LULD pause,"Helbiz, Inc. Class A Common stock",Nasdaq,2021-12-14,,12:05:19,,,,,,nyse,2026-08-08T04:28:24,,,
ESSCU,ESSCU,2021-12-14,12:05:17,,LUDP,LULD pause,East Stone Acquisition Corporation Unit,Nasdaq,2021-12-14,,12:10:17,,,,,,nyse,2026-08-08T04:28:24,,,
HLBZ,HLBZ,2021-12-14,12:10:00,,LUDP,LULD pause,"Helbiz, Inc. Class A Common stock",Nasdaq,2021-12-14,,12:15:00,,,,,,nyse,2026-08-08T04:28:24,,,
ESSCU,ESSCU,2021-12-14,13:13:28,,LUDP,LULD pause,East Stone Acquisition Corporation Unit,Nasdaq,2021-12-14,,13:18:28,,,,,,nyse,2026-08-08T04:28:24,,,
WHLRL,WHLRL,2021-12-14,13:24:55,,LUDP,LULD pause,"Wheeler Real Estate Investment Trust, Inc. 7.00% Senior Subordinated Convertible Notes Due 2031",Nasdaq,2021-12-14,,13:29:55,,,,,,nyse,2026-08-08T04:28:24,,,
SIDU,SIDU,2021-12-14,13:41:24,,LUDP,LULD pause,"Sidus Space, Inc. Class A Common Stock",Nasdaq,2021-12-14,,13:46:24,,,,,,nyse,2026-08-08T04:28:24,,,
CCMP,CCMP,2021-12-15,06:55:01,,T1,News pending,"CMC Materials, Inc. Common Stock",Nasdaq,2021-12-15,,07:30:00,,,,,,nyse,2026-08-08T04:28:24,,,
DWACU,DWACU,2021-12-15,09:30:18,,LUDP,LULD pause,Digital World Acquisition Corp. Units,Nasdaq,2021-12-15,,09:40:18,,,,,,nyse,2026-08-08T04:28:24,,,
ENJY,ENJY,2021-12-15,09:30:19,,LUDP,LULD pause,"Enjoy Technology, Inc. Common Stock",Nasdaq,2021-12-15,,09:40:19,,,,,,nyse,2026-08-08T04:28:24,,,
CFVIU,CFVIU,2021-12-15,09:30:24,,LUDP,LULD pause,CF Acquisition Corp. VI Unit,Nasdaq,2021-12-15,,09:35:24,,,,,,nyse,2026-08-08T04:28:24,,,
SIDU,SIDU,2021-12-15,09:40:16,,LUDP,LULD pause,"Sidus Space, Inc. Class A Common Stock",Nasdaq,2021-12-15,,09:45:16,,,,,,nyse,2026-08-08T04:28:24,,,
NXTD,NXTD,2021-12-15,09:53:16,,LUDP,LULD pause,"Nxt-ID, Inc.",Nasdaq,2021-12-15,,09:58:16,,,,,,nyse,2026-08-08T04:28:24,,,
ISIG,ISIG,2021-12-15,10:24:10,,LUDP,LULD pause,Insignia Systems Inc,Nasdaq,2021-12-15,,10:29:10,,,,,,nyse,2026-08-08T04:28:24,,,
EFOI,EFOI,2021-12-15,11:16:57,,LUDP,LULD pause,"Energy Focus, Inc.",Nasdaq,2021-12-15,,11:21:57,,,,,,nyse,2026-08-08T04:28:24,,,
VACC,VACC,2021-12-15,14:14:33,,LUDP,LULD pause,Vaccitech plc American Depositary Shares,Nasdaq,2021-12-15,,14:19:33,,,,,,nyse,2026-08-08T04:28:24,,,
APRN,APRN,2021-12-15,14:42:58,,LUDP,LULD pause,"Blue Apron Holdings, Inc. Class A Common Stock",NYSE,2021-12-15,,14:48:12,,,,,,nyse,2026-08-08T04:28:24,,,
MGI,MGI,2021-12-15,14:47:54,,LUDP,LULD pause,"MoneyGram International, Inc. New",Nasdaq,2021-12-15,,14:52:54,,,,,,nyse,2026-08-08T04:28:24,,,
RHE,RHE,2021-12-15,15:01:27,,LUDP,LULD pause,"Regional Health Properties, Inc.",NYSE American,2021-12-15,,15:06:27,,,,,,nyse,2026-08-08T04:28:24,,,
CALT,CALT,2021-12-15,15:07:08,,T1,News pending,Calliditas Therapeutics AB American Depositary Shares,Nasdaq,2021-12-15,,16:20:00,,,,,,nyse,2026-08-08T04:28:24,,,
BWCAU,BWCAU,2021-12-15,15:46:52,,LUDP,LULD pause,Blue Whale Acquisition Corp I Unit,Nasdaq,2021-12-15,,16:17:29,,,,,,nyse,2026-08-08T04:28:24,,,
SNGXW,SNGXW,2021-12-15,16:05:04,,T1,News pending,"Soligenix, Inc. Warrant",Nasdaq,,,,,,,,,nyse,2026-08-08T04:28:24,no_reanudo,,
ITMR,ITMR,2021-12-15,19:50:04,,T1,News pending,Itamar Medical Ltd. American Depository Shares,Nasdaq,,,,,,,,,nyse,2026-08-08T04:28:24,no_reanudo,,
SOLY,SOLY,2021-12-15,19:50:04,,T1,News pending,"Soliton, Inc.",Nasdaq,,,,,,,,,nyse,2026-08-08T04:28:24,no_reanudo,,
FANH,FANH,2021-12-16,08:23:34,,T1,News pending,Fanhua Inc. American Depositary Shares,Nasdaq,2021-12-16,,09:01:00,,,,,,nyse,2026-08-08T04:28:24,,,
TOI,TOI,2021-12-16,09:30:24,,LUDP,LULD pause,"The Oncology Institute, Inc. Common Stock",Nasdaq,2021-12-16,,09:40:24,,,,,,nyse,2026-08-08T04:28:24,,,
RLYB,RLYB,2021-12-16,09:33:49,,LUDP,LULD pause,Rallybio Corporation Common Stock,Nasdaq,2021-12-16,,09:38:49,,,,,,nyse,2026-08-08T04:28:24,,,
TOI,TOI,2021-12-16,09:41:55,,LUDP,LULD pause,"The Oncology Institute, Inc. Common Stock",Nasdaq,2021-12-16,,09:51:55,,,,,,nyse,2026-08-08T04:28:24,,,
TOI,TOI,2021-12-16,09:52:29,,LUDP,LULD pause,"The Oncology Institute, Inc. Common Stock",Nasdaq,2021-12-16,,09:57:29,,,,,,nyse,2026-08-08T04:28:24,,,
ELYM,ELYM,2021-12-16,10:13:45,,LUDP,LULD pause,"Eliem Therapeutics, Inc Common Stock",Nasdaq,2021-12-16,,10:18:45,,,,,,nyse,2026-08-08T04:28:24,,,
ADGI,ADGI,2021-12-16,10:53:21,,LUDP,LULD pause,"Adagio Therapeutics, Inc. Common Stock",Nasdaq,2021-12-16,,10:58:21,,,,,,nyse,2026-08-08T04:28:24,,,
ANEB,ANEB,2021-12-16,11:01:08,,LUDP,LULD pause,"Anebulo Pharmaceuticals, Inc. Common Stock",Nasdaq,2021-12-16,,11:06:08,,,,,,nyse,2026-08-08T04:28:24,,,
ANEB,ANEB,2021-12-16,11:06:41,,LUDP,LULD pause,"Anebulo Pharmaceuticals, Inc. Common Stock",Nasdaq,2021-12-16,,11:11:41,,,,,,nyse,2026-08-08T04:28:24,,,
BNOX,BNOX,2021-12-16,11:12:39,,LUDP,LULD pause,Bionomics Limited American Depository Shares,Nasdaq,2021-12-16,,11:27:40,,,,,,nyse,2026-08-08T04:28:24,,,
ADGI,ADGI,2021-12-16,11:17:50,,LUDP,LULD pause,"Adagio Therapeutics, Inc. Common Stock",Nasdaq,2021-12-16,,11:22:50,,,,,,nyse,2026-08-08T04:28:24,,,
MSC,MSC,2021-12-16,11:57:27,,LUDP,LULD pause,"Studio City International Holdings Limited American depositary shares, each representing four Class",NYSE,2021-12-16,,12:02:27,,,,,,nyse,2026-08-08T04:28:24,,,
FWP,FWP,2021-12-16,13:22:02,,LUDP,LULD pause,Forward Pharma A/S American Depositary Shares,Nasdaq,2021-12-16,,13:27:02,,,,,,nyse,2026-08-08T04:28:24,,,
USB.PRM,USB PRM,2021-12-16,14:48:15,,T1,News pending,"U.S. Bancorp Depositary Shares, each representing 1/1000th interest in a share of Series F Non-Cumul",NYSE,2021-12-16,,15:11:33,,,,,,nyse,2026-08-08T04:28:24,,,
CABA,CABA,2021-12-16,15:07:11,,LUDP,LULD pause,"Cabaletta Bio, Inc. Common Stock",Nasdaq,2021-12-16,,15:12:11,,,,,,nyse,2026-08-08T04:28:24,,,
SSSSL,SSSSL,2021-12-17,04:00:00,,T1,News pending,SuRo Capital Corp. 6.00% Notes due 2026,Nasdaq,2021-12-17,,11:45:00,,,,,,nyse,2026-08-08T04:28:24,,,
EPAY,EPAY,2021-12-17,06:55:01,,T1,News pending,Bottomline Technologies Inc,Nasdaq,2021-12-17,,07:30:00,,,,,,nyse,2026-08-08T04:28:24,,,
CLAQ,CLAQ,2021-12-17,07:03:51,,T1,News pending,CleanTech Acquisition Corp. Common stock,Nasdaq,2021-12-17,,07:35:00,,,,,,nyse,2026-08-08T04:28:24,,,
CLAQR,CLAQR,2021-12-17,07:03:51,,T1,News pending,CleanTech Acquisition Corp. Rights,Nasdaq,2021-12-17,,07:35:00,,,,,,nyse,2026-08-08T04:28:24,,,
CLAQU,CLAQU,2021-12-17,07:03:51,,T1,News pending,CleanTech Acquisition Corp. Units,Nasdaq,2021-12-17,,07:35:00,,,,,,nyse,2026-08-08T04:28:24,,,
CLAQW,CLAQW,2021-12-17,07:03:51,,T1,News pending,CleanTech Acquisition Corp. Warrant,Nasdaq,2021-12-17,,07:35:00,,,,,,nyse,2026-08-08T04:28:24,,,
AACI,AACI,2021-12-17,07:15:40,,T1,News pending,Armada Acquisition Corp. I Common Stock,Nasdaq,2021-12-17,,08:00:00,,,,,,nyse,2026-08-08T04:28:24,,,
AACIU,AACIU,2021-12-17,07:15:40,,T1,News pending,Armada Acquisition Corp. I Unit,Nasdaq,2021-12-17,,08:00:00,,,,,,nyse,2026-08-08T04:28:24,,,
AACIW,AACIW,2021-12-17,07:15:40,,T1,News pending,Armada Acquisition Corp. I Warrant,Nasdaq,2021-12-17,,08:00:00,,,,,,nyse,2026-08-08T04:28:24,,,
IMMX,IMMX,2021-12-17,09:47:08,,LUDP,LULD pause,"Immix Biopharma, Inc. Common Stock",Nasdaq,2021-12-17,,09:52:08,,,,,,nyse,2026-08-08T04:28:24,,,
IMMX,IMMX,2021-12-17,11:07:58,,LUDP,LULD pause,"Immix Biopharma, Inc. Common Stock",Nasdaq,2021-12-17,,11:12:58,,,,,,nyse,2026-08-08T04:28:24,,,
IMMX,IMMX,2021-12-17,11:13:38,,LUDP,LULD pause,"Immix Biopharma, Inc. Common Stock",Nasdaq,2021-12-17,,11:18:38,,,,,,nyse,2026-08-08T04:28:24,,,
IMMX,IMMX,2021-12-17,11:20:21,,LUDP,LULD pause,"Immix Biopharma, Inc. Common Stock",Nasdaq,2021-12-17,,11:25:21,,,,,,nyse,2026-08-08T04:28:24,,,
BSA,BSA,2021-12-17,11:53:52,,T1,News pending,BrightSphere Investment Group Inc. 5.125% Notes due 2031,NYSE,2021-12-17,,12:43:27,,,,,,nyse,2026-08-08T04:28:24,,,
GMBLP,GMBLP,2021-12-17,12:36:21,,LUDP,LULD pause,Esports Entertainment Group Inc. 10.0% Series A Cumulative Redeemable Convertible Preferred Stock,Nasdaq,2021-12-17,,12:46:21,,,,,,nyse,2026-08-08T04:28:24,,,
GAB.PRJ,GAB PRJ,2021-12-17,12:52:10,,T1,News pending,The Gabelli Equity Trust Inc. 5.45% Series J Cumulative Preferred Stock,NYSE,2021-12-17,,13:29:14,,,,,,nyse,2026-08-08T04:28:24,,,
MSC,MSC,2021-12-17,13:31:59,,LUDP,LULD pause,"Studio City International Holdings Limited American depositary shares, each representing four Class",NYSE,2021-12-17,,13:37:27,,,,,,nyse,2026-08-08T04:28:24,,,
ANEB,ANEB,2021-12-17,14:00:01,,LUDP,LULD pause,"Anebulo Pharmaceuticals, Inc. Common Stock",Nasdaq,2021-12-17,,14:05:01,,,,,,nyse,2026-08-08T04:28:24,,,
PBR,PBR,2021-12-17,14:01:18,,T1,News pending,PETROLEO BRASILEIRO S.A.-PETROBRAS ADS (REP 1 COMMON SHARE),NYSE,2021-12-17,,14:40:59,,,,,,nyse,2026-08-08T04:28:24,,,
PBR.A,PBR A,2021-12-17,14:01:18,,T1,News pending,Petroleo Brasileiro S.A.-Petrobras,NYSE,2021-12-17,,14:41:17,,,,,,nyse,2026-08-08T04:28:24,,,
ANEB,ANEB,2021-12-17,14:17:52,,LUDP,LULD pause,"Anebulo Pharmaceuticals, Inc. Common Stock",Nasdaq,2021-12-17,,14:22:52,,,,,,nyse,2026-08-08T04:28:24,,,
ANEB,ANEB,2021-12-17,14:31:51,,LUDP,LULD pause,"Anebulo Pharmaceuticals, Inc. Common Stock",Nasdaq,2021-12-17,,14:36:51,,,,,,nyse,2026-08-08T04:28:24,,,
BYFC,BYFC,2021-12-17,14:45:33,,LUDP,LULD pause,Broadway Financial Corp/Del,Nasdaq,2021-12-17,,14:55:34,,,,,,nyse,2026-08-08T04:28:24,,,
ARGX,ARGX,2021-12-17,15:28:26,,T1,News pending,argenx SE American Depositary Shares,Nasdaq,2021-12-17,,17:40:00,,,,,,nyse,2026-08-08T04:28:24,,,
ISO,ISO,2021-12-17,15:30:04,,LUDP,LULD pause,IsoPlexis Corporation Common Stock,Nasdaq,2021-12-17,,15:35:04,,,,,,nyse,2026-08-08T04:28:24,,,
CCEL,CCEL,2021-12-17,15:55:16,,LUDP,LULD pause,Cryo-Cell International Inc,Nasdaq,2021-12-17,,16:00:00,,,,,,nyse,2026-08-08T04:28:24,,,
IREN,IREN,2021-12-17,15:55:18,,LUDP,LULD pause,Iris Energy Limited Ordinary Shares,Nasdaq,2021-12-17,,16:00:00,,,,,,nyse,2026-08-08T04:28:24,,,
BLUE,BLUE,2021-12-20,07:55:08,,T1,News pending,"bluebird bio, Inc. Common Stock",Nasdaq,2021-12-20,,08:30:00,,,,,,nyse,2026-08-08T04:28:24,,,
CERN,CERN,2021-12-20,09:24:51,,T1,News pending,Cerner Corp,Nasdaq,2021-12-20,,10:05:00,,,,,,nyse,2026-08-08T04:28:24,,,
ATRI,ATRI,2021-12-20,09:32:34,,LUDP,LULD pause,Atrion Corp,Nasdaq,2021-12-20,,09:37:34,,,,,,nyse,2026-08-08T04:28:24,,,
SOPA,SOPA,2021-12-20,09:35:53,,LUDP,LULD pause,Society Pass Incorporated Common Stock,Nasdaq,2021-12-20,,09:45:53,,,,,,nyse,2026-08-08T04:28:24,,,
EOPS,EOPS,2021-12-20,09:39:25,,LUDP,LULD pause,Emles Alpha Opportunities ETF,Cboe BZX,2021-12-20,,09:44:25,,,,,,nyse,2026-08-08T04:28:24,,,
ESBA,ESBA,2021-12-20,09:45:19,,LUDP,LULD pause,"EMPIRE STATE REALTY OP, L.P.  SERIES ES",NYSE Arca,2021-12-20,,09:50:19,,,,,,nyse,2026-08-08T04:28:24,,,
SOPA,SOPA,2021-12-20,09:46:36,,LUDP,LULD pause,Society Pass Incorporated Common Stock,Nasdaq,2021-12-20,,09:56:36,,,,,,nyse,2026-08-08T04:28:24,,,
AUVI,AUVI,2021-12-20,09:47:24,,LUDP,LULD pause,"Applied UV, Inc. Common Stock",Nasdaq,2021-12-20,,09:52:24,,,,,,nyse,2026-08-08T04:28:24,,,
EOPS,EOPS,2021-12-20,09:49:59,,LUDP,LULD pause,Emles Alpha Opportunities ETF,Cboe BZX,2021-12-20,,09:54:59,,,,,,nyse,2026-08-08T04:28:24,,,
ROIV,ROIV,2021-12-20,09:51:45,,LUDP,LULD pause,Roivant Sciences Ltd. Common Shares,Nasdaq,2021-12-20,,09:56:45,,,,,,nyse,2026-08-08T04:28:24,,,
SOPA,SOPA,2021-12-20,09:56:56,,LUDP,LULD pause,Society Pass Incorporated Common Stock,Nasdaq,2021-12-20,,10:06:56,,,,,,nyse,2026-08-08T04:28:24,,,
SOPA,SOPA,2021-12-20,10:08:14,,LUDP,LULD pause,Society Pass Incorporated Common Stock,Nasdaq,2021-12-20,,10:13:14,,,,,,nyse,2026-08-08T04:28:24,,,
CRS,CRS,2021-12-20,10:35:31,,T1,News pending,Carpenter Technology Corp,NYSE,2021-12-20,,11:00:25,,,,,,nyse,2026-08-08T04:28:24,,,
SOPA,SOPA,2021-12-20,10:39:33,,LUDP,LULD pause,Society Pass Incorporated Common Stock,Nasdaq,2021-12-20,,10:49:33,,,,,,nyse,2026-08-08T04:28:24,,,
LOPP,LOPP,2021-12-20,10:46:50,,LUDP,LULD pause,Gabelli Love Our Planet & People ETF,NYSE Arca,2021-12-20,,10:51:50,,,,,,nyse,2026-08-08T04:28:24,,,
KRMD,KRMD,2021-12-20,11:03:32,,LUDP,LULD pause,"Repro Med Systems, Inc. Common Stock",Nasdaq,2021-12-20,,11:08:32,,,,,,nyse,2026-08-08T04:28:24,,,
SOPA,SOPA,2021-12-20,11:06:22,,LUDP,LULD pause,Society Pass Incorporated Common Stock,Nasdaq,2021-12-20,,11:11:22,,,,,,nyse,2026-08-08T04:28:24,,,
SOPA,SOPA,2021-12-20,11:35:32,,LUDP,LULD pause,Society Pass Incorporated Common Stock,Nasdaq,2021-12-20,,11:40:32,,,,,,nyse,2026-08-08T04:28:24,,,
TUR,TUR,2021-12-20,13:16:41,,LUDP,LULD pause,iShares MSCI Turkey ETF,Nasdaq,2021-12-20,,13:21:41,,,,,,nyse,2026-08-08T04:28:24,,,
AUVI,AUVI,2021-12-20,13:26:59,,LUDP,LULD pause,"Applied UV, Inc. Common Stock",Nasdaq,2021-12-20,,13:31:59,,,,,,nyse,2026-08-08T04:28:24,,,
ALDX,ALDX,2021-12-20,16:00:34,,T1,News pending,"Aldeyra Therapeutics, Inc.",Nasdaq,2021-12-20,,16:35:00,,,,,,nyse,2026-08-08T04:28:24,,,
ZIXI,ZIXI,2021-12-20,19:49:35,,T1,News pending,Zix Corporation,Nasdaq,2021-12-21,,08:35:00,,,,,,nyse,2026-08-08T04:28:24,,,
SAVA,SAVA,2021-12-21,09:25:00,,T1,News pending,"Cassava Sciences, Inc.",Nasdaq,2021-12-21,,10:00:00,,,,,,nyse,2026-08-08T04:28:24,,,
BSFC,BSFC,2021-12-21,09:32:46,,LUDP,LULD pause,Blue Star Foods Corp. Common Stock,Nasdaq,2021-12-21,,09:37:46,,,,,,nyse,2026-08-08T04:28:24,,,
UTRS,UTRS,2021-12-21,09:37:32,,LUDP,LULD pause,"Minerva Surgical, Inc. Common Stock",Nasdaq,2021-12-21,,09:47:32,,,,,,nyse,2026-08-08T04:28:24,,,
MIRO,MIRO,2021-12-21,09:41:40,,LUDP,LULD pause,Miromatrix Medical Inc. Common Stock,Nasdaq,2021-12-21,,09:46:40,,,,,,nyse,2026-08-08T04:28:24,,,
BFRI,BFRI,2021-12-21,09:42:01,,LUDP,LULD pause,Biofrontera Inc. Common Stock,Nasdaq,2021-12-21,,09:47:01,,,,,,nyse,2026-08-08T04:28:24,,,
RELI,RELI,2021-12-21,09:47:14,,LUDP,LULD pause,"Reliance Global Group, Inc. Common Stock",Nasdaq,2021-12-21,,09:52:14,,,,,,nyse,2026-08-08T04:28:24,,,
BFRI,BFRI,2021-12-21,09:47:55,,LUDP,LULD pause,Biofrontera Inc. Common Stock,Nasdaq,2021-12-21,,09:52:55,,,,,,nyse,2026-08-08T04:28:24,,,
SAVA,SAVA,2021-12-21,10:01:40,,LUDP,LULD pause,"Cassava Sciences, Inc.",Nasdaq,2021-12-21,,10:06:40,,,,,,nyse,2026-08-08T04:28:24,,,
PTPI,PTPI,2021-12-21,10:02:45,,LUDP,LULD pause,"Petros Pharmaceuticals, Inc. Common Stock",Nasdaq,2021-12-21,,10:07:45,,,,,,nyse,2026-08-08T04:28:24,,,
ALLR,ALLR,2021-12-21,10:02:49,,LUDP,LULD pause,"Allarity Therapeutics, Inc. Common Stock",Nasdaq,2021-12-21,,10:07:49,,,,,,nyse,2026-08-08T04:28:24,,,
ALLR,ALLR,2021-12-21,10:14:15,,LUDP,LULD pause,"Allarity Therapeutics, Inc. Common Stock",Nasdaq,2021-12-21,,10:19:15,,,,,,nyse,2026-08-08T04:28:24,,,
AERC,AERC,2021-12-21,10:30:38,,LUDP,LULD pause,"AeroClean Technologies, Inc. Common Stock",Nasdaq,2021-12-21,,10:35:38,,,,,,nyse,2026-08-08T04:28:24,,,
SOPA,SOPA,2021-12-21,10:52:17,,LUDP,LULD pause,Society Pass Incorporated Common Stock,Nasdaq,2021-12-21,,10:57:17,,,,,,nyse,2026-08-08T04:28:24,,,
ALLR,ALLR,2021-12-21,14:52:48,,LUDP,LULD pause,"Allarity Therapeutics, Inc. Common Stock",Nasdaq,2021-12-21,,14:57:48,,,,,,nyse,2026-08-08T04:28:24,,,
ALLR,ALLR,2021-12-21,15:02:36,,LUDP,LULD pause,"Allarity Therapeutics, Inc. Common Stock",Nasdaq,2021-12-21,,15:07:36,,,,,,nyse,2026-08-08T04:28:24,,,
ISPC,ISPC,2021-12-21,15:15:38,,LUDP,LULD pause,iSpecimen Inc. Common Stock,Nasdaq,2021-12-21,,15:20:38,,,,,,nyse,2026-08-08T04:28:24,,,
PHIOW,PHIOW,2021-12-21,16:05:07,,T1,News pending,Phio Pharmaceuticals Corp. Warrants expiring 12/21/2021,Nasdaq,,,,,,,,,nyse,2026-08-08T04:28:24,no_reanudo,,
ALLK,ALLK,2021-12-21,19:20:59,,T1,News pending,Allakos Inc.,Nasdaq,2021-12-22,,07:10:00,,,,,,nyse,2026-08-08T04:28:24,,,
LMRK,LMRK,2021-12-21,19:47:01,,T1,News pending,Landmark Infrastructure Partners LP Common Units,Nasdaq,,,,,,,,,nyse,2026-08-08T04:28:24,no_reanudo,,
LMRKN,LMRKN,2021-12-21,19:47:01,,T1,News pending,Landmark Infrastructure Partners LP 7% Series C Fltg/Fxd Perpetual Conv Preferred Stock,Nasdaq,,,,,,,,,nyse,2026-08-08T04:28:24,no_reanudo,,
LMRKO,LMRKO,2021-12-21,19:47:01,,T1,News pending,Landmark Infrastructure Partners LP Perpetual Preferred Units Series B 7.90%,Nasdaq,,,,,,,,,nyse,2026-08-08T04:28:24,no_reanudo,,
LMRKP,LMRKP,2021-12-21,19:47:01,,T1,News pending,Landmark Infrastructure Partners LP 8.00% Series A Cumulative Redeemable Perpetual Preferred Units,Nasdaq,,,,,,,,,nyse,2026-08-08T04:28:24,no_reanudo,,
PCXCU,PCXCU,2021-12-22,03:58:00,,T1,News pending,Parsec Capital Acquisitions Corp Unit,Nasdaq,,,,,,,,,nyse,2026-08-08T04:28:24,reanudo,2021-12-27,11:33
SEAC,SEAC,2021-12-22,08:40:04,,T1,News pending,Seachange International Inc,Nasdaq,2021-12-22,,09:15:00,,,,,,nyse,2026-08-08T04:28:24,,,
DVD,DVD,2021-12-22,08:59:05,,UNKNOWN,Merger Effective,Dover Motorsports,NYSE,,,,,,,,,nyse,2026-08-08T04:28:24,no_reanudo,,
LTRPB,LTRPB,2021-12-22,09:32:20,,LUDP,LULD pause,"Liberty TripAdvisor Holdings, Inc. Series B",Nasdaq,2021-12-22,,09:37:20,,,,,,nyse,2026-08-08T04:28:24,,,
ALLR,ALLR,2021-12-22,09:32:27,,LUDP,LULD pause,"Allarity Therapeutics, Inc. Common Stock",Nasdaq,2021-12-22,,09:42:33,,,,,,nyse,2026-08-08T04:28:24,,,
ISPC,ISPC,2021-12-22,09:44:23,,LUDP,LULD pause,iSpecimen Inc. Common Stock,Nasdaq,2021-12-22,,09:49:23,,,,,,nyse,2026-08-08T04:28:24,,,
EVTL,EVTL,2021-12-22,09:50:49,,LUDP,LULD pause,Vertical Aerospace Ltd.,NYSE,2021-12-22,,09:56:11,,,,,,nyse,2026-08-08T04:28:24,,,
ALLR,ALLR,2021-12-22,09:50:57,,LUDP,LULD pause,"Allarity Therapeutics, Inc. Common Stock",Nasdaq,2021-12-22,,10:00:57,,,,,,nyse,2026-08-08T04:28:24,,,
SOPA,SOPA,2021-12-22,09:50:58,,LUDP,LULD pause,Society Pass Incorporated Common Stock,Nasdaq,2021-12-22,,09:55:58,,,,,,nyse,2026-08-08T04:28:24,,,
EVTL,EVTL,2021-12-22,09:57:17,,LUDP,LULD pause,Vertical Aerospace Ltd.,NYSE,2021-12-22,,10:02:40,,,,,,nyse,2026-08-08T04:28:24,,,
LXEH,LXEH,2021-12-22,09:59:46,,LUDP,LULD pause,"Lixiang Education Holding Co., Ltd. American Depositary Shares",Nasdaq,2021-12-22,,10:04:46,,,,,,nyse,2026-08-08T04:28:24,,,
EVTL,EVTL,2021-12-22,10:02:59,,LUDP,LULD pause,Vertical Aerospace Ltd.,NYSE,2021-12-22,,10:08:01,,,,,,nyse,2026-08-08T04:28:24,,,
EVTL,EVTL,2021-12-22,10:08:18,,LUDP,LULD pause,Vertical Aerospace Ltd.,NYSE,2021-12-22,,10:13:27,,,,,,nyse,2026-08-08T04:28:24,,,
ALLR,ALLR,2021-12-22,10:11:01,,LUDP,LULD pause,"Allarity Therapeutics, Inc. Common Stock",Nasdaq,2021-12-22,,10:16:01,,,,,,nyse,2026-08-08T04:28:24,,,
JWEL,JWEL,2021-12-22,10:15:04,,LUDP,LULD pause,Jowell Global Ltd. Ordinary Shares,Nasdaq,2021-12-22,,10:20:04,,,,,,nyse,2026-08-08T04:28:24,,,
JWEL,JWEL,2021-12-22,10:20:34,,LUDP,LULD pause,Jowell Global Ltd. Ordinary Shares,Nasdaq,2021-12-22,,10:25:34,,,,,,nyse,2026-08-08T04:28:24,,,
AUVI,AUVI,2021-12-22,10:21:58,,LUDP,LULD pause,"Applied UV, Inc. Common Stock",Nasdaq,2021-12-22,,10:26:58,,,,,,nyse,2026-08-08T04:28:24,,,
JWEL,JWEL,2021-12-22,10:25:51,,LUDP,LULD pause,Jowell Global Ltd. Ordinary Shares,Nasdaq,2021-12-22,,10:30:51,,,,,,nyse,2026-08-08T04:28:24,,,
HUDI,HUDI,2021-12-22,10:26:16,,LUDP,LULD pause,"Huadi International Group Co., Ltd. Ordinary Shares",Nasdaq,2021-12-22,,10:31:16,,,,,,nyse,2026-08-08T04:28:24,,,
HUDI,HUDI,2021-12-22,10:31:33,,LUDP,LULD pause,"Huadi International Group Co., Ltd. Ordinary Shares",Nasdaq,2021-12-22,,10:36:33,,,,,,nyse,2026-08-08T04:28:24,,,
NXGL,NXGL,2021-12-22,11:20:50,,LUDP,LULD pause,"NexGel, Inc Common Stock",Nasdaq,2021-12-22,,11:25:50,,,,,,nyse,2026-08-08T04:28:24,,,
CELC,CELC,2021-12-22,11:43:08,,LUDP,LULD pause,Celcuity Inc. Common Stock,Nasdaq,2021-12-22,,11:48:08,,,,,,nyse,2026-08-08T04:28:24,,,
LITM,LITM,2021-12-22,13:27:43,,LUDP,LULD pause,Snow Lake Resources Ltd. Common Shares,Nasdaq,2021-12-22,,13:32:43,,,,,,nyse,2026-08-08T04:28:24,,,
ENSC,ENSC,2021-12-22,14:32:54,,LUDP,LULD pause,"Ensysce Biosciences, Inc. Common Stock",Nasdaq,2021-12-22,,14:42:54,,,,,,nyse,2026-08-08T04:28:24,,,
ENSC,ENSC,2021-12-22,14:44:36,,LUDP,LULD pause,"Ensysce Biosciences, Inc. Common Stock",Nasdaq,2021-12-22,,14:49:36,,,,,,nyse,2026-08-08T04:28:24,,,
ENSC,ENSC,2021-12-22,14:52:23,,LUDP,LULD pause,"Ensysce Biosciences, Inc. Common Stock",Nasdaq,2021-12-22,,14:57:23,,,,,,nyse,2026-08-08T04:28:24,,,
ENSC,ENSC,2021-12-22,14:58:49,,LUDP,LULD pause,"Ensysce Biosciences, Inc. Common Stock",Nasdaq,2021-12-22,,15:03:49,,,,,,nyse,2026-08-08T04:28:24,,,
RELI,RELI,2021-12-22,15:03:19,,LUDP,LULD pause,"Reliance Global Group, Inc. Common Stock",Nasdaq,2021-12-22,,15:13:19,,,,,,nyse,2026-08-08T04:28:24,,,
ENSC,ENSC,2021-12-22,15:06:05,,LUDP,LULD pause,"Ensysce Biosciences, Inc. Common Stock",Nasdaq,2021-12-22,,15:11:05,,,,,,nyse,2026-08-08T04:28:24,,,
ENSC,ENSC,2021-12-22,15:14:10,,LUDP,LULD pause,"Ensysce Biosciences, Inc. Common Stock",Nasdaq,2021-12-22,,15:19:10,,,,,,nyse,2026-08-08T04:28:24,,,
ENSC,ENSC,2021-12-22,15:40:37,,LUDP,LULD pause,"Ensysce Biosciences, Inc. Common Stock",Nasdaq,2021-12-22,,15:45:37,,,,,,nyse,2026-08-08T04:28:24,,,
RKLB,RKLB,2021-12-22,16:01:02,,T1,News pending,"Rocket Lab USA, Inc. Common Stock",Nasdaq,2021-12-22,,16:35:00,,,,,,nyse,2026-08-08T04:28:24,,,
RKLBW,RKLBW,2021-12-22,16:01:02,,T1,News pending,"Rocket Lab USA, Inc. Warrant",Nasdaq,2021-12-22,,16:35:00,,,,,,nyse,2026-08-08T04:28:24,,,
HLMNW,HLMNW,2021-12-22,16:05:03,,T1,News pending,Hillman Solutions Corp. Warrant,Nasdaq,,,,,,,,,nyse,2026-08-08T04:28:24,no_reanudo,,
MEUSW,MEUSW,2021-12-22,16:05:03,,T1,News pending,23andMe Holding Co. Warrant,Nasdaq,,,,,,,,,nyse,2026-08-08T04:28:24,no_reanudo,,
ZIXI,ZIXI,2021-12-22,19:52:01,,T1,News pending,Zix Corporation,Nasdaq,,,,,,,,,nyse,2026-08-08T04:28:24,no_reanudo,,
ACKIT,ACKIT,2021-12-23,06:56:50,,T1,News pending,Ackrell SPAC Partners I Co. Subunits,Nasdaq,2021-12-23,,07:30:00,,,,,,nyse,2026-08-08T04:28:24,,,
ACKIU,ACKIU,2021-12-23,06:56:50,,T1,News pending,Ackrell SPAC Partners I Co. Units,Nasdaq,2021-12-23,,07:30:00,,,,,,nyse,2026-08-08T04:28:24,,,
ACKIW,ACKIW,2021-12-23,06:56:50,,T1,News pending,Ackrell SPAC Partners I Co. Warrants,Nasdaq,2021-12-23,,07:30:00,,,,,,nyse,2026-08-08T04:28:24,,,
INNV,INNV,2021-12-23,06:56:50,,T1,News pending,InnovAge Holding Corp. Common Stock,Nasdaq,2021-12-23,,07:30:00,,,,,,nyse,2026-08-08T04:28:24,,,
OCDX,OCDX,2021-12-23,06:58:31,,T1,News pending,Ortho Clinical Diagnostics Holdings plc Ordinary Shares,Nasdaq,2021-12-23,,07:30:00,,,,,,nyse,2026-08-08T04:28:24,,,
QDEL,QDEL,2021-12-23,06:58:31,,T1,News pending,Quidel Corp,Nasdaq,2021-12-23,,07:30:00,,,,,,nyse,2026-08-08T04:28:24,,,
GDP,GDP,2021-12-23,08:14:11,,UNKNOWN,Merger Effective,Goodrich Petroleum Corporation Common Stock,NYSE American,,,,,,,,,nyse,2026-08-08T04:28:24,no_reanudo,,
HLG,HLG,2021-12-23,09:11:09,,T1,News pending,Hailiang Education Group Inc. American Depositary Shares,Nasdaq,2021-12-23,,09:50:00,,,,,,nyse,2026-08-08T04:28:24,,,
RNSC,RNSC,2021-12-23,09:30:17,,LUDP,LULD pause,First Trust Small Cap US Equity Select ETF,Nasdaq,2021-12-23,,09:35:17,,,,,,nyse,2026-08-08T04:28:24,,,
INNV,INNV,2021-12-23,09:33:23,,LUDP,LULD pause,InnovAge Holding Corp. Common Stock,Nasdaq,2021-12-23,,09:38:23,,,,,,nyse,2026-08-08T04:28:24,,,
HYPR,HYPR,2021-12-23,09:34:40,,LUDP,LULD pause,"Hyperfine, Inc. Class A Common Stock",Nasdaq,2021-12-23,,09:44:40,,,,,,nyse,2026-08-08T04:28:24,,,
PGSS,PGSS,2021-12-23,09:36:55,,LUDP,LULD pause,Pegasus Digital Mobility Acquisition Corp.,NYSE,2021-12-23,,09:42:21,,,,,,nyse,2026-08-08T04:28:24,,,
CCTSU,CCTSU,2021-12-23,09:37:34,,LUDP,LULD pause,Cactus Acquisition Corp. 1 Limited Unit,Nasdaq,2021-12-23,,09:42:34,,,,,,nyse,2026-08-08T04:28:24,,,
ADTH,ADTH,2021-12-23,09:41:28,,LUDP,LULD pause,"AdTheorent Holding Company, Inc. Common Stock",Nasdaq,2021-12-23,,09:46:28,,,,,,nyse,2026-08-08T04:28:24,,,
ADSE,ADSE,2021-12-23,09:44:28,,LUDP,LULD pause,ADS-TEC ENERGY PLC Ordinary Shares,Nasdaq,2021-12-23,,09:49:28,,,,,,nyse,2026-08-08T04:28:24,,,
HYPR,HYPR,2021-12-23,09:44:56,,LUDP,LULD pause,"Hyperfine, Inc. Class A Common Stock",Nasdaq,2021-12-23,,09:49:56,,,,,,nyse,2026-08-08T04:28:24,,,
SOPA,SOPA,2021-12-23,09:47:22,,LUDP,LULD pause,Society Pass Incorporated Common Stock,Nasdaq,2021-12-23,,09:52:22,,,,,,nyse,2026-08-08T04:28:24,,,
HYPR,HYPR,2021-12-23,09:50:21,,LUDP,LULD pause,"Hyperfine, Inc. Class A Common Stock",Nasdaq,2021-12-23,,09:55:21,,,,,,nyse,2026-08-08T04:28:24,,,
ZME,ZME,2021-12-23,10:09:25,,LUDP,LULD pause,"Zhangmen Education Inc. American Depositary Shares, each representing seventy-two (72) Class A Ordin",NYSE,2021-12-23,,10:14:28,,,,,,nyse,2026-08-08T04:28:24,,,
SERA,SERA,2021-12-23,10:12:04,,LUDP,LULD pause,"Sera Prognostics, Inc. Class A Common Stock",Nasdaq,2021-12-23,,10:17:04,,,,,,nyse,2026-08-08T04:28:24,,,
FWP,FWP,2021-12-23,10:42:52,,LUDP,LULD pause,Forward Pharma A/S American Depositary Shares,Nasdaq,2021-12-23,,10:47:52,,,,,,nyse,2026-08-08T04:28:24,,,
VERY,VERY,2021-12-23,10:43:40,,LUDP,LULD pause,"Vericity, Inc. Common Stock",Nasdaq,2021-12-23,,10:53:40,,,,,,nyse,2026-08-08T04:28:24,,,
BBIO,BBIO,2021-12-27,06:56:09,,T1,News pending,"BridgeBio Pharma, Inc. Common Stock",Nasdaq,2021-12-27,,07:30:00,,,,,,nyse,2026-08-08T04:28:24,,,
CGTX,CGTX,2021-12-27,09:31:05,,LUDP,LULD pause,"Cognition Therapeutics, Inc. Common Stock",Nasdaq,2021-12-27,,09:36:05,,,,,,nyse,2026-08-08T04:28:24,,,
HYPR,HYPR,2021-12-27,09:40:50,,LUDP,LULD pause,"Hyperfine, Inc. Class A Common Stock",Nasdaq,2021-12-27,,09:50:50,,,,,,nyse,2026-08-08T04:28:24,,,
TOI,TOI,2021-12-27,09:41:25,,LUDP,LULD pause,"The Oncology Institute, Inc. Common Stock",Nasdaq,2021-12-27,,09:46:25,,,,,,nyse,2026-08-08T04:28:24,,,
HLG,HLG,2021-12-27,09:52:11,,LUDP,LULD pause,Hailiang Education Group Inc. American Depositary Shares,Nasdaq,2021-12-27,,10:02:11,,,,,,nyse,2026-08-08T04:28:24,,,
IINN,IINN,2021-12-27,10:06:16,,LUDP,LULD pause,Inspira Technologies Oxy B.H.N. Ltd. Ordinary Shares,Nasdaq,2021-12-27,,10:11:16,,,,,,nyse,2026-08-08T04:28:24,,,
ZME,ZME,2021-12-27,10:06:51,,LUDP,LULD pause,"Zhangmen Education Inc. American Depositary Shares, each representing seventy-two (72) Class A Ordin",NYSE,2021-12-27,,10:12:07,,,,,,nyse,2026-08-08T04:28:24,,,
PYR,PYR,2021-12-27,10:30:16,,LUDP,LULD pause,PyroGenesis Canada Inc. Common Shares,Nasdaq,2021-12-27,,10:35:16,,,,,,nyse,2026-08-08T04:28:24,,,
BUDX,BUDX,2021-12-27,11:30:57,,LUDP,LULD pause,Cannabis Growth ETF,NYSE Arca,2021-12-27,,11:35:57,,,,,,nyse,2026-08-08T04:28:24,,,
PUK.PR,PUK PR,2021-12-27,11:46:33,,T2,News Released,Prudential Public Ltd Co. 6.75% Perp Sub Capital Sec.,NYSE,,,,,,,,,nyse,2026-08-08T04:28:24,no_reanudo,,
PUK.PRA,PUK PRA,2021-12-27,11:46:33,,T2,News Released,Prudential Public Limited Co. 6.50% Perp Sub Capital Sec.,NYSE,,,,,,,,,nyse,2026-08-08T04:28:24,no_reanudo,,
ASTRW,ASTRW,2021-12-27,16:05:00,,T1,News pending,"Astra Space, Inc. Warrant",Nasdaq,,,,,,,,,nyse,2026-08-08T04:28:24,no_reanudo,,
DRNA,DRNA,2021-12-27,19:50:11,,T1,News pending,"Dicerna Pharmaceuticals, Inc.",Nasdaq,,,,,,,,,nyse,2026-08-08T04:28:24,no_reanudo,,
COR,COR,2021-12-28,08:59:18,,UNKNOWN,Merger Effective,Coresite Realty Corporation,NYSE,,,,,,,,,nyse,2026-08-08T04:28:24,no_reanudo,,
TOI,TOI,2021-12-28,09:30:32,,LUDP,LULD pause,"The Oncology Institute, Inc. Common Stock",Nasdaq,2021-12-28,,09:35:32,,,,,,nyse,2026-08-08T04:28:24,,,
ISIG,ISIG,2021-12-28,09:30:43,,LUDP,LULD pause,Insignia Systems Inc,Nasdaq,2021-12-28,,09:35:43,,,,,,nyse,2026-08-08T04:28:24,,,
RICOU,RICOU,2021-12-28,09:31:27,,LUDP,LULD pause,Agrico Acquisition Corp. Unit,Nasdaq,2021-12-28,,09:36:27,,,,,,nyse,2026-08-08T04:28:24,,,
BTCY,BTCY,2021-12-28,09:38:46,,LUDP,LULD pause,"Biotricity, Inc. Common Stock",Nasdaq,2021-12-28,,09:43:46,,,,,,nyse,2026-08-08T04:28:24,,,
CNTG,CNTG,2021-12-28,11:25:07,,LUDP,LULD pause,Centogene N.V. Common Shares,Nasdaq,2021-12-28,,11:30:07,,,,,,nyse,2026-08-08T04:28:24,,,
RHE.PRA,RHE PRA,2021-12-28,13:36:42,,LUDP,LULD pause,"Regional Health Properties, Inc. Regional Health Properties, Inc. 10.875 percent Series A Cumulative",NYSE American,2021-12-28,,13:41:42,,,,,,nyse,2026-08-08T04:28:24,,,
ENSC,ENSC,2021-12-28,13:49:58,,LUDP,LULD pause,"Ensysce Biosciences, Inc. Common Stock",Nasdaq,2021-12-28,,13:54:58,,,,,,nyse,2026-08-08T04:28:24,,,
MBNKP,MBNKP,2021-12-29,09:30:18,,LUDP,LULD pause,"Medallion Bank Fixed-to-Floating Rate Non-Cumulative Perpetual Preferred Stock, Series F",Nasdaq,2021-12-29,,09:40:18,,,,,,nyse,2026-08-08T04:28:24,,,
ISIG,ISIG,2021-12-29,09:30:32,,LUDP,LULD pause,Insignia Systems Inc,Nasdaq,2021-12-29,,09:40:32,,,,,,nyse,2026-08-08T04:28:24,,,
MFIN,MFIN,2021-12-29,09:32:51,,LUDP,LULD pause,Medallion Financial Corp,Nasdaq,2021-12-29,,09:42:52,,,,,,nyse,2026-08-08T04:28:24,,,
NMRD,NMRD,2021-12-29,09:34:47,,LUDP,LULD pause,"Nemaura Medical, Inc. Common Stock",Nasdaq,2021-12-29,,09:39:47,,,,,,nyse,2026-08-08T04:28:24,,,
MBNKP,MBNKP,2021-12-29,09:40:54,,LUDP,LULD pause,"Medallion Bank Fixed-to-Floating Rate Non-Cumulative Perpetual Preferred Stock, Series F",Nasdaq,2021-12-29,,09:45:54,,,,,,nyse,2026-08-08T04:28:24,,,
MFIN,MFIN,2021-12-29,09:53:42,,LUDP,LULD pause,Medallion Financial Corp,Nasdaq,2021-12-29,,09:58:42,,,,,,nyse,2026-08-08T04:28:24,,,
MFIN,MFIN,2021-12-29,10:00:11,,LUDP,LULD pause,Medallion Financial Corp,Nasdaq,2021-12-29,,10:05:11,,,,,,nyse,2026-08-08T04:28:24,,,
BTBD,BTBD,2021-12-29,10:24:40,,LUDP,LULD pause,"BT Brands, Inc. Common Stock",Nasdaq,2021-12-29,,10:29:40,,,,,,nyse,2026-08-08T04:28:24,,,
BTBD,BTBD,2021-12-29,10:30:46,,LUDP,LULD pause,"BT Brands, Inc. Common Stock",Nasdaq,2021-12-29,,10:35:46,,,,,,nyse,2026-08-08T04:28:24,,,
ASLEW,ASLEW,2021-12-29,16:05:00,,T1,News pending,AerSale Corporation Warrants,Nasdaq,,,,,,,,,nyse,2026-08-08T04:28:24,no_reanudo,,
TADS,TADS,2021-12-30,03:51:21,,T1,News pending,The Active Dividend Stock ETF,NYSE Arca,2022-01-03,,07:40:00,,,,,,nyse,2026-08-08T04:28:24,,,
IMTE,IMTE,2021-12-30,09:39:17,,LUDP,LULD pause,Integrated Media Technology Limited Ordinary Shares,Nasdaq,2021-12-30,,09:44:17,,,,,,nyse,2026-08-08T04:28:24,,,
DOUG,DOUG,2021-12-30,09:51:14,,LUDP,LULD pause,Douglas Elliman Inc.,NYSE,2021-12-30,,09:56:18,,,,,,nyse,2026-08-08T04:28:24,,,
IMTE,IMTE,2021-12-30,10:32:09,,LUDP,LULD pause,Integrated Media Technology Limited Ordinary Shares,Nasdaq,2021-12-30,,10:37:09,,,,,,nyse,2026-08-08T04:28:24,,,
BWCAU,BWCAU,2021-12-30,11:00:17,,LUDP,LULD pause,Blue Whale Acquisition Corp I Unit,Nasdaq,2021-12-30,,11:05:17,,,,,,nyse,2026-08-08T04:28:24,,,
LVOXU,LVOXU,2021-12-30,12:25:53,,LUDP,LULD pause,"LiveVox Holding, Inc. Unit",Nasdaq,2021-12-30,,12:40:52,,,,,,nyse,2026-08-08T04:28:24,,,
XERS,XERS,2021-12-30,16:00:18,,T1,News pending,"Xeris Biopharma Holdings, Inc. Common Stock",Nasdaq,2021-12-30,,17:00:00,,,,,,nyse,2026-08-08T04:28:24,,,
ADAL,ADAL,2021-12-31,09:35:14,,LUDP,LULD pause,Anthemis Digital Acquisitions I Corp Class A Ordinary Shares,Nasdaq,2021-12-31,,10:15:34,,,,,,nyse,2026-08-08T04:28:24,,,
NTRB,NTRB,2021-12-31,09:40:35,,LUDP,LULD pause,Nutriband Inc. Common Stock,Nasdaq,2021-12-31,,09:45:35,,,,,,nyse,2026-08-08T04:28:24,,,
NOVVU,NOVVU,2021-12-31,09:42:05,,LUDP,LULD pause,Nova Vision Acquisition Corp. Unit,Nasdaq,2021-12-31,,09:47:05,,,,,,nyse,2026-08-08T04:28:24,,,
BBLG,BBLG,2021-12-31,09:47:07,,LUDP,LULD pause,Bone Biologics Corp Common Stock,Nasdaq,2021-12-31,,09:52:07,,,,,,nyse,2026-08-08T04:28:24,,,
NM.PRG,NM PRG,2021-12-31,11:02:30,,LUDP,LULD pause,"NAVIOS MARITIME HOLDINGS INC. American Depositary Shares, each representing 1/100th of a 8.75% Serie",NYSE,2021-12-31,,11:07:30,,,,,,nyse,2026-08-08T04:28:24,,,
HLGN,HLGN,2021-12-31,11:24:57,,LUDP,LULD pause,"Heliogen, Inc.",NYSE,2021-12-31,,11:30:12,,,,,,nyse,2026-08-08T04:28:24,,,
PAICU,PAICU,2021-12-31,13:34:03,,LUDP,LULD pause,"Petra Acquisition, Inc. Units",Nasdaq,2021-12-31,,13:39:03,,,,,,nyse,2026-08-08T04:28:24,,,
MOXC,MOXC,2021-12-31,15:06:17,,LUDP,LULD pause,Moxian (BVI) Inc Ordinary Shares,Nasdaq,2021-12-31,,15:11:17,,,,,,nyse,2026-08-08T04:28:24,,,
AGE,AGE,2021-12-31,15:25:30,,LUDP,LULD pause,"AgeX Therapeutics, Inc.",NYSE American,2021-12-31,,15:30:30,,,,,,nyse,2026-08-08T04:28:24,,,
CRKN,CRKN,2021-12-31,15:59:48,,LUDP,LULD pause,Crown Electrokinetics Corp. Common Stock,Nasdaq,2021-12-31,,16:00:00,,,,,,nyse,2026-08-08T04:28:24,,,
